[Licensing::Module] Trying to connect to existing licensing client channel...
Built from '6000.2/respin/6000.2.7f1-2eb0c79396db' branch; Version is '6000.2.7f2 (2b518236b676) revision 2838914'; Using compiler version '194234433'; Build Type 'Release'
[Licensing::IpcConnector] Successfully connected to: "LicenseClient-royal" at "2026-08-29T20:46:11.9923599Z"
OS: 'Windows 11  (10.0.26200) 64bit Core' Language: 'en' Physical Memory: 15765 MB
BatchMode: 1, IsHumanControllingUs: 0, StartBugReporterOnCrash: 0, Is64bit: 1
Date: 2026-08-29T20:46:11Z

COMMAND LINE ARGUMENTS:
C:\Program Files\Unity\Hub\Editor\6000.2.7f2-x86_64\Editor\Unity.exe
-adb2
-batchMode
-noUpm
-name
AssetImportWorker0
-projectPath
C:/Users/royal/Downloads/3.0.1Decomp(3) - Copy
-logFile
Logs/AssetImportWorker0.log
-srvPort
53277
-licensingIpc
LicenseClient-royal
-job-worker-count
5
-background-job-worker-count
8
-gc-helper-count
1
-name
AssetImport
Successfully changed project path to: C:/Users/royal/Downloads/3.0.1Decomp(3) - Copy
C:/Users/royal/Downloads/3.0.1Decomp(3) - Copy
[UnityMemory] Configuration Parameters - Can be set up in boot.config
    "memorysetup-allocator-temp-initial-block-size-main=262144"
    "memorysetup-allocator-temp-initial-block-size-worker=262144"
    "memorysetup-bucket-allocator-granularity=16"
    "memorysetup-bucket-allocator-bucket-count=8"
    "memorysetup-bucket-allocator-block-size=33554432"
    "memorysetup-bucket-allocator-block-count=8"
    "memorysetup-main-allocator-block-size=16777216"
    "memorysetup-thread-allocator-block-size=16777216"
    "memorysetup-gfx-main-allocator-block-size=16777216"
    "memorysetup-gfx-thread-allocator-block-size=16777216"
    "memorysetup-cache-allocator-block-size=4194304"
    "memorysetup-typetree-allocator-block-size=2097152"
    "memorysetup-profiler-bucket-allocator-granularity=16"
    "memorysetup-profiler-bucket-allocator-bucket-count=8"
    "memorysetup-profiler-bucket-allocator-block-size=33554432"
    "memorysetup-profiler-bucket-allocator-block-count=8"
    "memorysetup-profiler-allocator-block-size=16777216"
    "memorysetup-profiler-editor-allocator-block-size=1048576"
    "memorysetup-temp-allocator-size-main=16777216"
    "memorysetup-job-temp-allocator-block-size=2097152"
    "memorysetup-job-temp-allocator-block-size-background=1048576"
    "memorysetup-job-temp-allocator-reduction-small-platforms=262144"
    "memorysetup-temp-allocator-size-background-worker=32768"
    "memorysetup-temp-allocator-size-job-worker=262144"
    "memorysetup-temp-allocator-size-preload-manager=33554432"
    "memorysetup-temp-allocator-size-nav-mesh-worker=65536"
    "memorysetup-temp-allocator-size-audio-worker=65536"
    "memorysetup-temp-allocator-size-cloud-worker=32768"
    "memorysetup-temp-allocator-size-gi-baking-worker=262144"
    "memorysetup-temp-allocator-size-gi-baking-worker=262144"
    "memorysetup-temp-allocator-size-gi-baking-worker=262144"
    "memorysetup-temp-allocator-size-gi-baking-worker=262144"
    "memorysetup-temp-allocator-size-gi-baking-worker=262144"
    "memorysetup-temp-allocator-size-gfx=262144"
Player connection [29660]  Target information:

Player connection [29660]  * "[IP] 192.168.178.70 [Port] 0 [Flags] 2 [Guid] 3737728116 [EditorId] 3737728116 [Version] 1048832 [Id] WindowsEditor(7,DESKTOP-UKKR08J) [Debug] 1 [PackageName] WindowsEditor [ProjectName] Editor" 

Player connection [29660] Host joined multi-casting on [225.0.0.222:54997]...
Player connection [29660] Host joined alternative multi-casting on [225.0.0.222:34997]...
JobSystem: Creating JobQueue using job-worker-count value 5
Input System module state changed to: Initialized.
[Physics::Module] Initialized fallback backend.
[Physics::Module] Id: 0xdecafbad
[Licensing::Client] Code 10 while verifying Licensing Client signature (process Id: 15312, path: "C:/Program Files/Unity Hub/UnityLicensingClient_V1/Unity.Licensing.Client.exe")
[Licensing::Module] LicensingClient has failed validation; ignoring
[Licensing::Client] Handshaking with LicensingClient:
  Version:                 1.17.4+4293ba1
  Session Id:              1d4ca388d7ec4b46b4135abbc6911166
  Correlation Id:          d2720dccc8e7da0191598f567e7d4e30
  External correlation Id: 7856591184335779045
  Machine Id:              nr4BdEJEz5NRZbMVu/w9+2Z7r+g=
[Licensing::Module] Successfully connected to LicensingClient on channel: "LicenseClient-royal" (connect: 0.00s, validation: 0.01s, handshake: 0.09s)
[Licensing::IpcConnector] Successfully connected to: "LicenseClient-royal-notifications" at "2026-08-29T20:46:12.0857133Z"
[Licensing::Module] Licensing Background thread has ended after 0.09s
Library Redirect Path: Library/
[Physics::Module] Selected backend.
[Physics::Module] Name: PhysX
[Physics::Module] Id: 0xf2b8ea05
[Physics::Module] SDK Version: 4.1.2
[Physics::Module] Integration Version: 1.0.0
[Physics::Module] Threading Mode: Multi-Threaded
ETC Legacy compression has been deprecated and will be removed in a future release. You can review compressors in "Project Settings > Editor > Texture Compressors".
The Editor does not support 32-bit plugins. Assets/NGUI/Editor/x86/FreeType.dylib will not be available.
Refreshing native plugins compatible for Editor in 22.32 ms, found 4 plugins.
Preloading 0 native plugins for Editor in 0.00 ms.
Initialize engine version: 6000.2.7f2 (2b518236b676)
[Subsystems] Discovering subsystems at path C:/Program Files/Unity/Hub/Editor/6000.2.7f2-x86_64/Editor/Data/Resources/UnitySubsystems
[Subsystems] Discovering subsystems at path C:/Users/royal/Downloads/3.0.1Decomp(3) - Copy/Assets
GfxDevice: creating device client; kGfxThreadingModeNonThreaded
Direct3D:
    Version:  Direct3D 11.0 [level 11.1]
    Renderer: AMD Radeon(TM) Graphics (ID=0x1638)
    Vendor:   ATI
    VRAM:     7882 MB
    Driver:   31.0.21916.2
Initialize mono
Mono path[0] = 'C:/Program Files/Unity/Hub/Editor/6000.2.7f2-x86_64/Editor/Data/Managed'
Mono path[1] = 'C:/Program Files/Unity/Hub/Editor/6000.2.7f2-x86_64/Editor/Data/MonoBleedingEdge/lib/mono/unityjit-win32'
Mono config path = 'C:/Program Files/Unity/Hub/Editor/6000.2.7f2-x86_64/Editor/Data/MonoBleedingEdge/etc'
Using monoOptions --debugger-agent=transport=dt_socket,embedding=1,server=y,suspend=n,address=127.0.0.1:56656
Begin MonoManager ReloadAssembly
Registering precompiled unity dll's ...
Register platform support module: C:/Program Files/Unity/Hub/Editor/6000.2.7f2-x86_64/Editor/Data/PlaybackEngines/WebGLSupport/UnityEditor.WebGL.Extensions.dll
Register platform support module: C:/Program Files/Unity/Hub/Editor/6000.2.7f2-x86_64/Editor/Data/PlaybackEngines/WindowsStandaloneSupport/UnityEditor.WindowsStandalone.Extensions.dll
[Licensing::Client] Successfully resolved entitlement details
[Licensing::Module] License group:
  Id: 9072287710966-UnityPersXXXX
  Product: Unity Personal
  Type: Assigned
  Expiration: Unlimited
Register platform support module: C:/Program Files/Unity/Hub/Editor/6000.2.7f2-x86_64/Editor/Data/PlaybackEngines/AndroidPlayer/UnityEditor.Android.Extensions.dll
Registered in 0.008557 seconds.
- Loaded All Assemblies, in  0.599 seconds
Native extension for Android target not found
Android Extension - Scanning For ADB Devices 2644 ms
Native extension for WindowsStandalone target not found
Native extension for WebGL target not found
Mono: successfully reloaded assembly
- Finished resetting the current domain, in  3.224 seconds
Domain Reload Profiling: 3820ms
	BeginReloadAssembly (189ms)
		ExecutionOrderSort (0ms)
		DisableScriptedObjects (0ms)
		BackupInstance (0ms)
		ReleaseScriptingObjects (0ms)
		CreateAndSetChildDomain (1ms)
	RebuildCommonClasses (52ms)
	RebuildNativeTypeToScriptingClass (12ms)
	initialDomainReloadingComplete (64ms)
	LoadAllAssembliesAndSetupDomain (277ms)
		LoadAssemblies (186ms)
		RebuildTransferFunctionScriptingTraits (0ms)
		AnalyzeDomain (273ms)
			TypeCache.Refresh (270ms)
				TypeCache.ScanAssembly (251ms)
			BuildScriptInfoCaches (0ms)
			ResolveRequiredComponents (1ms)
	FinalizeReload (3225ms)
		ReleaseScriptCaches (0ms)
		RebuildScriptCaches (0ms)
		SetupLoadedEditorAssemblies (3185ms)
			LogAssemblyErrors (0ms)
			InitializePlatformSupportModulesInManaged (2831ms)
			SetLoadedEditorAssemblies (5ms)
			BeforeProcessingInitializeOnLoad (91ms)
			ProcessInitializeOnLoadAttributes (176ms)
			ProcessInitializeOnLoadMethodAttributes (81ms)
			AfterProcessingInitializeOnLoad (0ms)
			EditorAssembliesLoaded (0ms)
		ExecutionOrderSort2 (0ms)
		AwakeInstancesAfterBackupRestoration (0ms)
========================================================================
Worker process is ready to serve import requests
Import Worker Mode flag is 0x00
Begin MonoManager ReloadAssembly
[Licensing::Client] Successfully resolved entitlement details
Symbol file LoadedFromMemory is not a mono symbol file
- Loaded All Assemblies, in  1.192 seconds
The Editor does not support 32-bit plugins. Assets/NGUI/Editor/x86/FreeType.dylib will not be available.
Refreshing native plugins compatible for Editor in 12.46 ms, found 4 plugins.
The Editor does not support 32-bit plugins. Assets/NGUI/Editor/x86/FreeType.dylib will not be available.
Native extension for Android target not found
Native extension for WindowsStandalone target not found
Native extension for WebGL target not found
Forcing NO_GPGS to be defined for iOS builds.
UnityEngine.Debug:ExtractStackTraceNoAlloc (byte*,int,string)
UnityEngine.StackTraceUtility:ExtractStackTrace ()
UnityEngine.DebugLogHandler:Internal_Log (UnityEngine.LogType,UnityEngine.LogOption,string,UnityEngine.Object)
UnityEngine.DebugLogHandler:LogFormat (UnityEngine.LogType,UnityEngine.Object,string,object[])
UnityEngine.Logger:Log (UnityEngine.LogType,object)
UnityEngine.Debug:Log (object)
GooglePlayGames.Editor.ForceNoGpgsForIOS:setNoGPGS () (at Assets/GooglePlayGames/Editor/ForceNoGpgsForIOS.cs:49)
GooglePlayGames.Editor.ForceNoGpgsForIOS:.cctor () (at Assets/GooglePlayGames/Editor/ForceNoGpgsForIOS.cs:35)
System.Runtime.CompilerServices.RuntimeHelpers:RunClassConstructor (System.RuntimeTypeHandle)
UnityEditor.EditorAssemblies:ProcessInitializeOnLoadAttributes (System.Type[])

(Filename: Assets/GooglePlayGames/Editor/ForceNoGpgsForIOS.cs Line: 49)

Package Manager log level set to [2]
[Package Manager] Failed to launch server process. Reason: Unity was launched with the -noUpm command-line argument
[Package Manager] Unable to send message (not connected to server process).
[Package Manager] Cannot connect to Unity Package Manager local server
Mono: successfully reloaded assembly
- Finished resetting the current domain, in  0.910 seconds
Domain Reload Profiling: 2092ms
	BeginReloadAssembly (243ms)
		ExecutionOrderSort (0ms)
		DisableScriptedObjects (10ms)
		BackupInstance (0ms)
		ReleaseScriptingObjects (0ms)
		CreateAndSetChildDomain (46ms)
	RebuildCommonClasses (42ms)
	RebuildNativeTypeToScriptingClass (11ms)
	initialDomainReloadingComplete (39ms)
	LoadAllAssembliesAndSetupDomain (845ms)
		LoadAssemblies (564ms)
		RebuildTransferFunctionScriptingTraits (0ms)
		AnalyzeDomain (419ms)
			TypeCache.Refresh (365ms)
				TypeCache.ScanAssembly (335ms)
			BuildScriptInfoCaches (42ms)
			ResolveRequiredComponents (8ms)
	FinalizeReload (911ms)
		ReleaseScriptCaches (0ms)
		RebuildScriptCaches (0ms)
		SetupLoadedEditorAssemblies (751ms)
			LogAssemblyErrors (0ms)
			InitializePlatformSupportModulesInManaged (29ms)
			SetLoadedEditorAssemblies (5ms)
			BeforeProcessingInitializeOnLoad (187ms)
			ProcessInitializeOnLoadAttributes (340ms)
			ProcessInitializeOnLoadMethodAttributes (181ms)
			AfterProcessingInitializeOnLoad (10ms)
			EditorAssembliesLoaded (0ms)
		ExecutionOrderSort2 (0ms)
		AwakeInstancesAfterBackupRestoration (9ms)
ETC Legacy compression has been deprecated and will be removed in a future release. You can review compressors in "Project Settings > Editor > Texture Compressors".
Launched and connected shader compiler UnityShaderCompiler.exe after 0.04 seconds
The Editor does not support 32-bit plugins. Assets/NGUI/Editor/x86/FreeType.dylib will not be available.
Refreshing native plugins compatible for Editor in 12.97 ms, found 4 plugins.
Preloading 0 native plugins for Editor in 0.00 ms.
Unloading 0 Unused Serialized files (Serialized files now loaded: 0)
Unloading 5131 unused Assets / (1.7 MB). Loaded Objects now: 5716.
Memory consumption went from 112.9 MB to 111.2 MB.
Total: 16.188900 ms (FindLiveObjects: 0.903100 ms CreateObjectMapping: 0.584000 ms MarkObjects: 11.629700 ms  DeleteObjects: 3.069900 ms)

========================================================================
Received Import Request.
  Time since last request: 353560.773620 seconds.
  path: Assets/MonoBehaviour/ZetaPig.asset
  artifactKey: Guid(d1ed96a2df62cfa4399915878fc85bcb) Importer(815301076,1909f56bfc062723c751e8b465ee728b)
Start importing Assets/MonoBehaviour/ZetaPig.asset using Guid(d1ed96a2df62cfa4399915878fc85bcb) Importer(815301076,1909f56bfc062723c751e8b465ee728b) (PreviewImporter) -> (artifact id: '6e0edee77f7ceca80fde0c96ec042672') in 0.2155023 seconds
Number of updated asset objects reloaded before import = 0Number of asset objects unloaded after import = 26

========================================================================
Received Import Request.
  Time since last request: 392.025693 seconds.
  path: Assets/content/4_Characters/1_Birds/8_AquaBird 1
  artifactKey: Guid(365f029b8e2912449a174b3806d982f6) Importer(815301076,1909f56bfc062723c751e8b465ee728b)
Start importing Assets/content/4_Characters/1_Birds/8_AquaBird 1 using Guid(365f029b8e2912449a174b3806d982f6) Importer(815301076,1909f56bfc062723c751e8b465ee728b) (PreviewImporter) -> (artifact id: '18842a8ba6284219a3abee7d5c8a644d') in 0.0018073 seconds
Number of updated asset objects reloaded before import = 0Number of asset objects unloaded after import = 0

========================================================================
Received Import Request.
  Time since last request: 5.296425 seconds.
  path: Assets/MonoBehaviour/ZetaPig.asset
  artifactKey: Guid(d1ed96a2df62cfa4399915878fc85bcb) Importer(2089858483,192608db42251d675da83286b1cce702)
Start importing Assets/MonoBehaviour/ZetaPig.asset using Guid(d1ed96a2df62cfa4399915878fc85bcb) Importer(2089858483,192608db42251d675da83286b1cce702) (ScriptedImporter) -> (artifact id: '33caba2207b9fec9c63574d4a5979602') in 0.3003888 seconds
Number of updated asset objects reloaded before import = 0Number of asset objects unloaded after import = 26

========================================================================
Received Import Request.
  Time since last request: 0.000021 seconds.
  path: Assets/content/4_Characters/1_Birds/8_AquaBird 1/BodyParts/OffHand_Banner_06.png
  artifactKey: Guid(ed172b22aa963c941b3ab2fb0a69ebf8) Importer(2089858483,192608db42251d675da83286b1cce702)
Start importing Assets/content/4_Characters/1_Birds/8_AquaBird 1/BodyParts/OffHand_Banner_06.png using Guid(ed172b22aa963c941b3ab2fb0a69ebf8) Importer(2089858483,192608db42251d675da83286b1cce702) (ScriptedImporter)[Licensing::Client] Successfully resolved entitlement details
 -> (artifact id: '20cf7b13f9259c7e28c4aa50420e020f') in 0.0638004 seconds
Number of updated asset objects reloaded before import = 0Number of asset objects unloaded after import = 1

========================================================================
Received Import Request.
  Time since last request: 0.000089 seconds.
  path: Assets/content/4_Characters/1_Birds/8_AquaBird 1/BodyParts/Beak_Damaged.png
  artifactKey: Guid(6eba5348c6fa6814bafff260fa090708) Importer(2089858483,192608db42251d675da83286b1cce702)
Start importing Assets/content/4_Characters/1_Birds/8_AquaBird 1/BodyParts/Beak_Damaged.png using Guid(6eba5348c6fa6814bafff260fa090708) Importer(2089858483,192608db42251d675da83286b1cce702) (ScriptedImporter) -> (artifact id: '83c3a5514eee3c2737ce8d0f94b4bf66') in 0.0104645 seconds
Number of updated asset objects reloaded before import = 0Number of asset objects unloaded after import = 1

========================================================================
Received Import Request.
  Time since last request: 0.000088 seconds.
  path: Assets/content/4_Characters/1_Birds/8_AquaBird 1
  artifactKey: Guid(365f029b8e2912449a174b3806d982f6) Importer(2089858483,192608db42251d675da83286b1cce702)
Start importing Assets/content/4_Characters/1_Birds/8_AquaBird 1 using Guid(365f029b8e2912449a174b3806d982f6) Importer(2089858483,192608db42251d675da83286b1cce702) (ScriptedImporter) -> (artifact id: 'b58dac514c34407812f9617ab1f29d94') in 0.0051354 seconds
Number of updated asset objects reloaded before import = 0Number of asset objects unloaded after import = 1

========================================================================
Received Import Request.
  Time since last request: 0.000140 seconds.
  path: Assets/content/4_Characters/1_Birds/8_AquaBird 1/BodyParts/MainHand_Red_Set_05.png
  artifactKey: Guid(6d9d5fd4e36a33b419439c0dcb03d061) Importer(2089858483,192608db42251d675da83286b1cce702)
Start importing Assets/content/4_Characters/1_Birds/8_AquaBird 1/BodyParts/MainHand_Red_Set_05.png using Guid(6d9d5fd4e36a33b419439c0dcb03d061) Importer(2089858483,192608db42251d675da83286b1cce702) (ScriptedImporter) -> (artifact id: 'e5426c396fa82979bc8fb80a4afcf597') in 0.011635 seconds
Number of updated asset objects reloaded before import = 0Number of asset objects unloaded after import = 1

========================================================================
Received Import Request.
  Time since last request: 0.000093 seconds.
  path: Assets/content/4_Characters/1_Birds/8_AquaBird 1/BodyParts/Lid_Left_HalfOpen.png
  artifactKey: Guid(c5665806e22958241b168c7d42ea0d3d) Importer(2089858483,192608db42251d675da83286b1cce702)
Start importing Assets/content/4_Characters/1_Birds/8_AquaBird 1/BodyParts/Lid_Left_HalfOpen.png using Guid(c5665806e22958241b168c7d42ea0d3d) Importer(2089858483,192608db42251d675da83286b1cce702) (ScriptedImporter) -> (artifact id: 'ee252ffebef00a50d08d8a8e3a47dce2') in 0.0106874 seconds
Number of updated asset objects reloaded before import = 0Number of asset objects unloaded after import = 1

========================================================================
Received Import Request.
  Time since last request: 0.000088 seconds.
  path: Assets/content/4_Characters/1_Birds/8_AquaBird 1/BodyParts/Lid_Left_Upper.png
  artifactKey: Guid(69f4359dd77ff9a41ba1152550267fb9) Importer(2089858483,192608db42251d675da83286b1cce702)
Start importing Assets/content/4_Characters/1_Birds/8_AquaBird 1/BodyParts/Lid_Left_Upper.png using Guid(69f4359dd77ff9a41ba1152550267fb9) Importer(2089858483,192608db42251d675da83286b1cce702) (ScriptedImporter) -> (artifact id: 'c7f85423ed8f2cd87a937e8120d7400f') in 0.0113595 seconds
Number of updated asset objects reloaded before import = 0Number of asset objects unloaded after import = 1

========================================================================
Received Import Request.
  Time since last request: 0.000108 seconds.
  path: Assets/content/4_Characters/1_Birds/8_AquaBird 1/BodyParts/MainHand_Red_Set_02.png
  artifactKey: Guid(40d2dac1bcf7031439e9d70d50dbd90c) Importer(2089858483,192608db42251d675da83286b1cce702)
Start importing Assets/content/4_Characters/1_Birds/8_AquaBird 1/BodyParts/MainHand_Red_Set_02.png using Guid(40d2dac1bcf7031439e9d70d50dbd90c) Importer(2089858483,192608db42251d675da83286b1cce702) (ScriptedImporter) -> (artifact id: '97cd7b1a6033f62d1497ea691e3b7b14') in 0.0108087 seconds
Number of updated asset objects reloaded before import = 0Number of asset objects unloaded after import = 1

========================================================================
Received Import Request.
  Time since last request: 0.000111 seconds.
  path: Assets/content/4_Characters/1_Birds/8_AquaBird 1/BodyParts/MainHand_Red_Set_06.png
  artifactKey: Guid(18825817decf98a4a93be58b6cbacad5) Importer(2089858483,192608db42251d675da83286b1cce702)
Start importing Assets/content/4_Characters/1_Birds/8_AquaBird 1/BodyParts/MainHand_Red_Set_06.png using Guid(18825817decf98a4a93be58b6cbacad5) Importer(2089858483,192608db42251d675da83286b1cce702) (ScriptedImporter) -> (artifact id: '6d4f1a2e9a401942bad2f3345e3365e1') in 0.0099268 seconds
Number of updated asset objects reloaded before import = 0Number of asset objects unloaded after import = 1

========================================================================
Received Import Request.
  Time since last request: 0.000113 seconds.
  path: Assets/content/4_Characters/1_Birds/8_AquaBird 1/BodyParts/MainHand_Sword_01.png
  artifactKey: Guid(9f6ea111e92b72443a91944b5de4eb4c) Importer(2089858483,192608db42251d675da83286b1cce702)
Start importing Assets/content/4_Characters/1_Birds/8_AquaBird 1/BodyParts/MainHand_Sword_01.png using Guid(9f6ea111e92b72443a91944b5de4eb4c) Importer(2089858483,192608db42251d675da83286b1cce702) (ScriptedImporter) -> (artifact id: 'a7b981f6b94dd9ed35493e363aeea91f') in 0.0128129 seconds
Number of updated asset objects reloaded before import = 0Number of asset objects unloaded after import = 1

========================================================================
Received Import Request.
  Time since last request: 0.000131 seconds.
  path: Assets/content/4_Characters/1_Birds/8_AquaBird 1/BodyParts/OffHand_Red_Set_04.png
  artifactKey: Guid(df2a38272ff9ae74587cabb014dcec3b) Importer(2089858483,192608db42251d675da83286b1cce702)
Start importing Assets/content/4_Characters/1_Birds/8_AquaBird 1/BodyParts/OffHand_Red_Set_04.png using Guid(df2a38272ff9ae74587cabb014dcec3b) Importer(2089858483,192608db42251d675da83286b1cce702) (ScriptedImporter) -> (artifact id: '5ab33c0b0180fae9edb3dea8d9c8b3ea') in 0.0125543 seconds
Number of updated asset objects reloaded before import = 0Number of asset objects unloaded after import = 1

========================================================================
Received Import Request.
  Time since last request: 0.000105 seconds.
  path: Assets/content/4_Characters/1_Birds/8_AquaBird 1/BodyParts/OffHand_Red_Set_01.png
  artifactKey: Guid(754d12939cec2084998a3d05c18bc2c2) Importer(2089858483,192608db42251d675da83286b1cce702)
Start importing Assets/content/4_Characters/1_Birds/8_AquaBird 1/BodyParts/OffHand_Red_Set_01.png using Guid(754d12939cec2084998a3d05c18bc2c2) Importer(2089858483,192608db42251d675da83286b1cce702) (ScriptedImporter) -> (artifact id: '4a1c9b372bab96553905239d8f7c49dd') in 0.0136398 seconds
Number of updated asset objects reloaded before import = 0Number of asset objects unloaded after import = 1

========================================================================
Received Import Request.
  Time since last request: 0.000098 seconds.
  path: Assets/content/4_Characters/1_Birds/8_AquaBird 1/BodyParts
  artifactKey: Guid(faec81348cdc0c74d9c4d4f4140aacbb) Importer(2089858483,192608db42251d675da83286b1cce702)
Start importing Assets/content/4_Characters/1_Birds/8_AquaBird 1/BodyParts using Guid(faec81348cdc0c74d9c4d4f4140aacbb) Importer(2089858483,192608db42251d675da83286b1cce702) (ScriptedImporter) -> (artifact id: '6b334a397f6527383e9596a217f286c7') in 0.0074732 seconds
Number of updated asset objects reloaded before import = 0Number of asset objects unloaded after import = 1

========================================================================
Received Import Request.
  Time since last request: 0.000078 seconds.
  path: Assets/content/4_Characters/1_Birds/8_AquaBird 1/BodyParts/Lid_Right_Closed.png
  artifactKey: Guid(05c14c321e593a64c9cefc3d2161934f) Importer(2089858483,192608db42251d675da83286b1cce702)
Start importing Assets/content/4_Characters/1_Birds/8_AquaBird 1/BodyParts/Lid_Right_Closed.png using Guid(05c14c321e593a64c9cefc3d2161934f) Importer(2089858483,192608db42251d675da83286b1cce702) (ScriptedImporter) -> (artifact id: '505006b6aae7d2c21c2e6dd9c4a5082c') in 0.0253822 seconds
Number of updated asset objects reloaded before import = 0Number of asset objects unloaded after import = 1

========================================================================
Received Import Request.
  Time since last request: 0.000095 seconds.
  path: Assets/content/4_Characters/1_Birds/8_AquaBird 1/BodyParts/Headgear_SportsAvenger_Back.png
  artifactKey: Guid(d23463225e0cd92439bd027e7694a948) Importer(2089858483,192608db42251d675da83286b1cce702)
Start importing Assets/content/4_Characters/1_Birds/8_AquaBird 1/BodyParts/Headgear_SportsAvenger_Back.png using Guid(d23463225e0cd92439bd027e7694a948) Importer(2089858483,192608db42251d675da83286b1cce702) (ScriptedImporter) -> (artifact id: 'fe391cb31c5766bcd231b574808d1ae7') in 0.0127199 seconds
Number of updated asset objects reloaded before import = 0Number of asset objects unloaded after import = 1

========================================================================
Received Import Request.
  Time since last request: 0.000118 seconds.
  path: Assets/content/4_Characters/1_Birds/8_AquaBird 1/BodyParts/Hair.png
  artifactKey: Guid(471959e2e3cb1b7449617ccbe91d8124) Importer(2089858483,192608db42251d675da83286b1cce702)
Start importing Assets/content/4_Characters/1_Birds/8_AquaBird 1/BodyParts/Hair.png using Guid(471959e2e3cb1b7449617ccbe91d8124) Importer(2089858483,192608db42251d675da83286b1cce702) (ScriptedImporter) -> (artifact id: '58f07fb382322389d4a61bf03bbfcaf0') in 0.0117461 seconds
Number of updated asset objects reloaded before import = 0Number of asset objects unloaded after import = 1

========================================================================
Received Import Request.
  Time since last request: 0.000090 seconds.
  path: Assets/content/4_Characters/1_Birds/8_AquaBird 1/BodyParts/Beak_Open.png
  artifactKey: Guid(5f1198fd971803849b88d31164099aec) Importer(2089858483,192608db42251d675da83286b1cce702)
Start importing Assets/content/4_Characters/1_Birds/8_AquaBird 1/BodyParts/Beak_Open.png using Guid(5f1198fd971803849b88d31164099aec) Importer(2089858483,192608db42251d675da83286b1cce702) (ScriptedImporter) -> (artifact id: '7f70136d08a1dbe867be02e264f6d497') in 0.0102313 seconds
Number of updated asset objects reloaded before import = 0Number of asset objects unloaded after import = 1

========================================================================
Received Import Request.
  Time since last request: 0.000071 seconds.
  path: Assets/content/4_Characters/1_Birds/8_AquaBird 1/BodyParts/Eye_Left.png
  artifactKey: Guid(e739d9177d505104dbff8cd71a41596a) Importer(2089858483,192608db42251d675da83286b1cce702)
Start importing Assets/content/4_Characters/1_Birds/8_AquaBird 1/BodyParts/Eye_Left.png using Guid(e739d9177d505104dbff8cd71a41596a) Importer(2089858483,192608db42251d675da83286b1cce702) (ScriptedImporter) -> (artifact id: 'f0e09d20d4f09f7b3d61ee1975822d00') in 0.011117 seconds
Number of updated asset objects reloaded before import = 0Number of asset objects unloaded after import = 1

========================================================================
Received Import Request.
  Time since last request: 0.000090 seconds.
  path: Assets/content/4_Characters/1_Birds/8_AquaBird 1/BodyParts/Eyebrow_Right.png
  artifactKey: Guid(c17fd6a4fa9b3b540a7736fe1ad50d77) Importer(2089858483,192608db42251d675da83286b1cce702)
Start importing Assets/content/4_Characters/1_Birds/8_AquaBird 1/BodyParts/Eyebrow_Right.png using Guid(c17fd6a4fa9b3b540a7736fe1ad50d77) Importer(2089858483,192608db42251d675da83286b1cce702) (ScriptedImporter) -> (artifact id: '704f768927d362f869c75eb7441a6bad') in 0.0122446 seconds
Number of updated asset objects reloaded before import = 0Number of asset objects unloaded after import = 1

========================================================================
Received Import Request.
  Time since last request: 0.000097 seconds.
  path: Assets/content/4_Characters/1_Birds/8_AquaBird 1/BodyParts/Lid_Left_Squint.png
  artifactKey: Guid(5c5bdf1b57e09d14db5812f59ef3278e) Importer(2089858483,192608db42251d675da83286b1cce702)
Start importing Assets/content/4_Characters/1_Birds/8_AquaBird 1/BodyParts/Lid_Left_Squint.png using Guid(5c5bdf1b57e09d14db5812f59ef3278e) Importer(2089858483,192608db42251d675da83286b1cce702) (ScriptedImporter) -> (artifact id: 'd015a3059aa8da6c73e1d904d4854235') in 0.0105785 seconds
Number of updated asset objects reloaded before import = 0Number of asset objects unloaded after import = 1

========================================================================
Received Import Request.
  Time since last request: 0.000112 seconds.
  path: Assets/content/4_Characters/1_Birds/8_AquaBird 1/BodyParts/Lid_Right_HalfOpen.png
  artifactKey: Guid(ddf2755ad5093024685ca45916493d80) Importer(2089858483,192608db42251d675da83286b1cce702)
Start importing Assets/content/4_Characters/1_Birds/8_AquaBird 1/BodyParts/Lid_Right_HalfOpen.png using Guid(ddf2755ad5093024685ca45916493d80) Importer(2089858483,192608db42251d675da83286b1cce702) (ScriptedImporter) -> (artifact id: '1f8551abaa6f113d8cb2008ccff68c80') in 0.012157 seconds
Number of updated asset objects reloaded before import = 0Number of asset objects unloaded after import = 1

========================================================================
Received Import Request.
  Time since last request: 0.000080 seconds.
  path: Assets/content/4_Characters/1_Birds/8_AquaBird 1/BodyParts/OffHand_Banner_01.png
  artifactKey: Guid(bd9e3e3f77cecba4b98036531664070d) Importer(2089858483,192608db42251d675da83286b1cce702)
Start importing Assets/content/4_Characters/1_Birds/8_AquaBird 1/BodyParts/OffHand_Banner_01.png using Guid(bd9e3e3f77cecba4b98036531664070d) Importer(2089858483,192608db42251d675da83286b1cce702) (ScriptedImporter) -> (artifact id: 'c3a225543d3b2c3c629ae3429fcfbb5f') in 0.0113035 seconds
Number of updated asset objects reloaded before import = 0Number of asset objects unloaded after import = 1

========================================================================
Received Import Request.
  Time since last request: 0.000094 seconds.
  path: Assets/content/4_Characters/1_Birds/8_AquaBird 1/BodyParts/OffHand_Shield_07.png
  artifactKey: Guid(be4abebf678252543bd66d725860ce79) Importer(2089858483,192608db42251d675da83286b1cce702)
Start importing Assets/content/4_Characters/1_Birds/8_AquaBird 1/BodyParts/OffHand_Shield_07.png using Guid(be4abebf678252543bd66d725860ce79) Importer(2089858483,192608db42251d675da83286b1cce702) (ScriptedImporter) -> (artifact id: '5f5cef2fd6d842b8b132720627a42b75') in 0.0101664 seconds
Number of updated asset objects reloaded before import = 0Number of asset objects unloaded after import = 1

========================================================================
Received Import Request.
  Time since last request: 0.000087 seconds.
  path: Assets/content/4_Characters/1_Birds/8_AquaBird 1/BodyParts/MainHand_Sword_02.png
  artifactKey: Guid(64686415b93c15a409e505d585fbf54a) Importer(2089858483,192608db42251d675da83286b1cce702)
Start importing Assets/content/4_Characters/1_Birds/8_AquaBird 1/BodyParts/MainHand_Sword_02.png using Guid(64686415b93c15a409e505d585fbf54a) Importer(2089858483,192608db42251d675da83286b1cce702) (ScriptedImporter) -> (artifact id: 'b8d5e0a0ae0adee1ceef336862acc07d') in 0.0121314 seconds
Number of updated asset objects reloaded before import = 0Number of asset objects unloaded after import = 1

========================================================================
Received Import Request.
  Time since last request: 0.000096 seconds.
  path: Assets/content/4_Characters/1_Birds/8_AquaBird 1/BodyParts/OffHand_Red_Set_03.png
  artifactKey: Guid(adf9528d1559e99469e32e1b23ba1e22) Importer(2089858483,192608db42251d675da83286b1cce702)
Start importing Assets/content/4_Characters/1_Birds/8_AquaBird 1/BodyParts/OffHand_Red_Set_03.png using Guid(adf9528d1559e99469e32e1b23ba1e22) Importer(2089858483,192608db42251d675da83286b1cce702) (ScriptedImporter) -> (artifact id: 'e215c25841a402cc9e1501e3056b2be5') in 0.0104755 seconds
Number of updated asset objects reloaded before import = 0Number of asset objects unloaded after import = 1

========================================================================
Received Import Request.
  Time since last request: 0.000087 seconds.
  path: Assets/content/4_Characters/1_Birds/8_AquaBird 1/BodyParts/MainHand_Hammer_03.png
  artifactKey: Guid(873f270730a0901488499a86d33862c3) Importer(2089858483,192608db42251d675da83286b1cce702)
Start importing Assets/content/4_Characters/1_Birds/8_AquaBird 1/BodyParts/MainHand_Hammer_03.png using Guid(873f270730a0901488499a86d33862c3) Importer(2089858483,192608db42251d675da83286b1cce702) (ScriptedImporter) -> (artifact id: 'f2619ea9f16ceec586d12912128f36cd') in 0.0119482 seconds
Number of updated asset objects reloaded before import = 0Number of asset objects unloaded after import = 1

========================================================================
Received Import Request.
  Time since last request: 0.000123 seconds.
  path: Assets/content/4_Characters/1_Birds/8_AquaBird 1/BodyParts/OffHand_Shield_06.png
  artifactKey: Guid(3f8ebf54304b7854e8a938caf5c75fe5) Importer(2089858483,192608db42251d675da83286b1cce702)
Start importing Assets/content/4_Characters/1_Birds/8_AquaBird 1/BodyParts/OffHand_Shield_06.png using Guid(3f8ebf54304b7854e8a938caf5c75fe5) Importer(2089858483,192608db42251d675da83286b1cce702) (ScriptedImporter) -> (artifact id: '7cdd458a5d0b9f9286afb6976893b120') in 0.0104708 seconds
Number of updated asset objects reloaded before import = 0Number of asset objects unloaded after import = 1

========================================================================
Received Import Request.
  Time since last request: 0.000100 seconds.
  path: Assets/content/4_Characters/1_Birds/8_AquaBird 1/BodyParts/Headgear_Ronin.png
  artifactKey: Guid(01cba88913c17fb4c802c53c038658e4) Importer(2089858483,192608db42251d675da83286b1cce702)
Start importing Assets/content/4_Characters/1_Birds/8_AquaBird 1/BodyParts/Headgear_Ronin.png using Guid(01cba88913c17fb4c802c53c038658e4) Importer(2089858483,192608db42251d675da83286b1cce702) (ScriptedImporter) -> (artifact id: '35b350186c70978228a789c9c8f26da1') in 0.0107372 seconds
Number of updated asset objects reloaded before import = 0Number of asset objects unloaded after import = 1

========================================================================
Received Import Request.
  Time since last request: 0.000085 seconds.
  path: Assets/content/4_Characters/1_Birds/8_AquaBird 1/BodyParts/Headgear_SportsAvenger.png
  artifactKey: Guid(75240701248918d49837031b14588cf1) Importer(2089858483,192608db42251d675da83286b1cce702)
Start importing Assets/content/4_Characters/1_Birds/8_AquaBird 1/BodyParts/Headgear_SportsAvenger.png using Guid(75240701248918d49837031b14588cf1) Importer(2089858483,192608db42251d675da83286b1cce702) (ScriptedImporter) -> (artifact id: '5174d86886c5f16f7c43dd201c41dadc') in 0.012403 seconds
Number of updated asset objects reloaded before import = 0Number of asset objects unloaded after import = 1

========================================================================
Received Import Request.
  Time since last request: 0.000102 seconds.
  path: Assets/content/4_Characters/1_Birds/8_AquaBird 1/BodyParts/MainHand_Red_Set_01.png
  artifactKey: Guid(6f2012abcaafa2748bb35415698868bf) Importer(2089858483,192608db42251d675da83286b1cce702)
Start importing Assets/content/4_Characters/1_Birds/8_AquaBird 1/BodyParts/MainHand_Red_Set_01.png using Guid(6f2012abcaafa2748bb35415698868bf) Importer(2089858483,192608db42251d675da83286b1cce702) (ScriptedImporter) -> (artifact id: '3614fdcb48653041dfeb683725e7bb32') in 0.0103411 seconds
Number of updated asset objects reloaded before import = 0Number of asset objects unloaded after import = 1

========================================================================
Received Import Request.
  Time since last request: 0.000092 seconds.
  path: Assets/content/4_Characters/1_Birds/8_AquaBird 1/BodyParts/Headgear_SuperheroKnight_Back.png
  artifactKey: Guid(1e43f25c04d8071408dd68a56ce8139c) Importer(2089858483,192608db42251d675da83286b1cce702)
Start importing Assets/content/4_Characters/1_Birds/8_AquaBird 1/BodyParts/Headgear_SuperheroKnight_Back.png using Guid(1e43f25c04d8071408dd68a56ce8139c) Importer(2089858483,192608db42251d675da83286b1cce702) (ScriptedImporter) -> (artifact id: '7a6d559dbc9f88f7ee8e7d657168e679') in 0.0096868 seconds
Number of updated asset objects reloaded before import = 0Number of asset objects unloaded after import = 1

========================================================================
Received Import Request.
  Time since last request: 0.000115 seconds.
  path: Assets/content/4_Characters/1_Birds/8_AquaBird 1/BodyParts/Lid_Right_Squint.png
  artifactKey: Guid(2f4f2a7b4c7950848a74641a177a32c6) Importer(2089858483,192608db42251d675da83286b1cce702)
Start importing Assets/content/4_Characters/1_Birds/8_AquaBird 1/BodyParts/Lid_Right_Squint.png using Guid(2f4f2a7b4c7950848a74641a177a32c6) Importer(2089858483,192608db42251d675da83286b1cce702) (ScriptedImporter) -> (artifact id: 'dac2ad8e6a6c1c70cec603e7817240c2') in 0.0250244 seconds
Number of updated asset objects reloaded before import = 0Number of asset objects unloaded after import = 1

========================================================================
Received Import Request.
  Time since last request: 0.000109 seconds.
  path: Assets/content/4_Characters/1_Birds/8_AquaBird 1/BodyParts/Lid_Right_Upper.png
  artifactKey: Guid(5298065dde198b94688b09bc7c1dc314) Importer(2089858483,192608db42251d675da83286b1cce702)
Start importing Assets/content/4_Characters/1_Birds/8_AquaBird 1/BodyParts/Lid_Right_Upper.png using Guid(5298065dde198b94688b09bc7c1dc314) Importer(2089858483,192608db42251d675da83286b1cce702) (ScriptedImporter) -> (artifact id: '381ae60ebb7a37f64c9f320a79875a9f') in 0.0111095 seconds
Number of updated asset objects reloaded before import = 0Number of asset objects unloaded after import = 1

========================================================================
Received Import Request.
  Time since last request: 0.000088 seconds.
  path: Assets/content/4_Characters/1_Birds/8_AquaBird 1/BodyParts/Pupil_Left.png
  artifactKey: Guid(4ac8fdbc90d2c2d468e84512249711ec) Importer(2089858483,192608db42251d675da83286b1cce702)
Start importing Assets/content/4_Characters/1_Birds/8_AquaBird 1/BodyParts/Pupil_Left.png using Guid(4ac8fdbc90d2c2d468e84512249711ec) Importer(2089858483,192608db42251d675da83286b1cce702) (ScriptedImporter) -> (artifact id: '50a7fd0d395ddb9aa144ba857d4d1844') in 0.0106582 seconds
Number of updated asset objects reloaded before import = 0Number of asset objects unloaded after import = 1

========================================================================
Received Import Request.
  Time since last request: 0.000082 seconds.
  path: Assets/content/4_Characters/1_Birds/8_AquaBird 1/BodyParts/MainHand_Sword_06.png
  artifactKey: Guid(29e3f282a07f95548884cf3def3c5b4b) Importer(2089858483,192608db42251d675da83286b1cce702)
Start importing Assets/content/4_Characters/1_Birds/8_AquaBird 1/BodyParts/MainHand_Sword_06.png using Guid(29e3f282a07f95548884cf3def3c5b4b) Importer(2089858483,192608db42251d675da83286b1cce702) (ScriptedImporter) -> (artifact id: '0a27830066b930e29af22776564685c3') in 0.0121702 seconds
Number of updated asset objects reloaded before import = 0Number of asset objects unloaded after import = 1

========================================================================
Received Import Request.
  Time since last request: 0.000091 seconds.
  path: Assets/content/4_Characters/1_Birds/8_AquaBird 1/BodyParts/MainHand_Sword_09.png
  artifactKey: Guid(218d2e01b701f2644af28d68ddd569df) Importer(2089858483,192608db42251d675da83286b1cce702)
Start importing Assets/content/4_Characters/1_Birds/8_AquaBird 1/BodyParts/MainHand_Sword_09.png using Guid(218d2e01b701f2644af28d68ddd569df) Importer(2089858483,192608db42251d675da83286b1cce702) (ScriptedImporter) -> (artifact id: 'e2dae5a23a5cfd33ec376bc3d4cbfb13') in 0.0101104 seconds
Number of updated asset objects reloaded before import = 0Number of asset objects unloaded after import = 1

========================================================================
Received Import Request.
  Time since last request: 0.000077 seconds.
  path: Assets/content/4_Characters/1_Birds/8_AquaBird 1/BodyParts/OffHand_Banner_03.png
  artifactKey: Guid(ff162a5deadcc094d992a077cc51646d) Importer(2089858483,192608db42251d675da83286b1cce702)
Start importing Assets/content/4_Characters/1_Birds/8_AquaBird 1/BodyParts/OffHand_Banner_03.png using Guid(ff162a5deadcc094d992a077cc51646d) Importer(2089858483,192608db42251d675da83286b1cce702) (ScriptedImporter) -> (artifact id: '3880e7d393cadf72b9498b272b014054') in 0.0099195 seconds
Number of updated asset objects reloaded before import = 0Number of asset objects unloaded after import = 1

========================================================================
Received Import Request.
  Time since last request: 0.000093 seconds.
  path: Assets/content/4_Characters/1_Birds/8_AquaBird 1/BodyParts/MainHand_Gaxe_01.png
  artifactKey: Guid(7541591a631a33f4fb9d8bc317e39e00) Importer(2089858483,192608db42251d675da83286b1cce702)
Start importing Assets/content/4_Characters/1_Birds/8_AquaBird 1/BodyParts/MainHand_Gaxe_01.png using Guid(7541591a631a33f4fb9d8bc317e39e00) Importer(2089858483,192608db42251d675da83286b1cce702) (ScriptedImporter) -> (artifact id: '240db123e691b99cbd8fc678c0308f11') in 0.013437 seconds
Number of updated asset objects reloaded before import = 0Number of asset objects unloaded after import = 1

========================================================================
Received Import Request.
  Time since last request: 0.000103 seconds.
  path: Assets/content/4_Characters/1_Birds/8_AquaBird 1/BodyParts/MainHand_Hammer_08.png
  artifactKey: Guid(f47fd280b0656cd478f35c236c0c3062) Importer(2089858483,192608db42251d675da83286b1cce702)
Start importing Assets/content/4_Characters/1_Birds/8_AquaBird 1/BodyParts/MainHand_Hammer_08.png using Guid(f47fd280b0656cd478f35c236c0c3062) Importer(2089858483,192608db42251d675da83286b1cce702) (ScriptedImporter) -> (artifact id: '9924409a24c1726131e46eafec28e566') in 0.010883 seconds
Number of updated asset objects reloaded before import = 0Number of asset objects unloaded after import = 1

========================================================================
Received Import Request.
  Time since last request: 0.000089 seconds.
  path: Assets/content/4_Characters/1_Birds/8_AquaBird 1/BodyParts/MainHand_Hammer_09.png
  artifactKey: Guid(84d6210a3a2c1974d9e86c87c7bb81f2) Importer(2089858483,192608db42251d675da83286b1cce702)
Start importing Assets/content/4_Characters/1_Birds/8_AquaBird 1/BodyParts/MainHand_Hammer_09.png using Guid(84d6210a3a2c1974d9e86c87c7bb81f2) Importer(2089858483,192608db42251d675da83286b1cce702) (ScriptedImporter) -> (artifact id: '332e2fc46c90e0475d971817b7a1590a') in 0.0145043 seconds
Number of updated asset objects reloaded before import = 0Number of asset objects unloaded after import = 1

========================================================================
Received Import Request.
  Time since last request: 0.000072 seconds.
  path: Assets/content/4_Characters/1_Birds/8_AquaBird 1/BodyParts/Eyebrow_Left.png
  artifactKey: Guid(977c034c091ffab4c87b65071574d7be) Importer(2089858483,192608db42251d675da83286b1cce702)
Start importing Assets/content/4_Characters/1_Birds/8_AquaBird 1/BodyParts/Eyebrow_Left.png using Guid(977c034c091ffab4c87b65071574d7be) Importer(2089858483,192608db42251d675da83286b1cce702) (ScriptedImporter) -> (artifact id: '6741dfe20116a1074f2ad3466a99dc83') in 0.0148986 seconds
Number of updated asset objects reloaded before import = 0Number of asset objects unloaded after import = 1

========================================================================
Received Import Request.
  Time since last request: 0.000101 seconds.
  path: Assets/content/4_Characters/1_Birds/8_AquaBird 1/BodyParts/Pupil_Right.png
  artifactKey: Guid(700bd64ab6ca2584b82db04c008f49fe) Importer(2089858483,192608db42251d675da83286b1cce702)
Start importing Assets/content/4_Characters/1_Birds/8_AquaBird 1/BodyParts/Pupil_Right.png using Guid(700bd64ab6ca2584b82db04c008f49fe) Importer(2089858483,192608db42251d675da83286b1cce702) (ScriptedImporter) -> (artifact id: 'fb957b8be53ca8f08bff4fb7dce1c19e') in 0.0098844 seconds
Number of updated asset objects reloaded before import = 0Number of asset objects unloaded after import = 1

========================================================================
Received Import Request.
  Time since last request: 0.000090 seconds.
  path: Assets/content/4_Characters/1_Birds/8_AquaBird 1/BodyParts/Headgear_StoneGuard_Back.png
  artifactKey: Guid(ab24668af80bd0542a4fa5c7bd955935) Importer(2089858483,192608db42251d675da83286b1cce702)
Start importing Assets/content/4_Characters/1_Birds/8_AquaBird 1/BodyParts/Headgear_StoneGuard_Back.png using Guid(ab24668af80bd0542a4fa5c7bd955935) Importer(2089858483,192608db42251d675da83286b1cce702) (ScriptedImporter) -> (artifact id: 'e351c39b0f4b35a1e3b85f5c682f3887') in 0.0107204 seconds
Number of updated asset objects reloaded before import = 0Number of asset objects unloaded after import = 1

========================================================================
Received Import Request.
  Time since last request: 0.000093 seconds.
  path: Assets/content/4_Characters/1_Birds/8_AquaBird 1/BodyParts/Beak_Happy.png
  artifactKey: Guid(0680be7f62a37b046a68ed1b6e3a4859) Importer(2089858483,192608db42251d675da83286b1cce702)
Start importing Assets/content/4_Characters/1_Birds/8_AquaBird 1/BodyParts/Beak_Happy.png using Guid(0680be7f62a37b046a68ed1b6e3a4859) Importer(2089858483,192608db42251d675da83286b1cce702) (ScriptedImporter) -> (artifact id: 'fa0273111743273151dd6fa292456b73') in 0.0114669 seconds
Number of updated asset objects reloaded before import = 0Number of asset objects unloaded after import = 1

========================================================================
Received Import Request.
  Time since last request: 0.000102 seconds.
  path: Assets/content/4_Characters/1_Birds/8_AquaBird 1/BodyParts/Shadow.png
  artifactKey: Guid(08ea2c7332fe5de4a990d1ba8d733366) Importer(2089858483,192608db42251d675da83286b1cce702)
Start importing Assets/content/4_Characters/1_Birds/8_AquaBird 1/BodyParts/Shadow.png using Guid(08ea2c7332fe5de4a990d1ba8d733366) Importer(2089858483,192608db42251d675da83286b1cce702) (ScriptedImporter) -> (artifact id: '2a7f78de9b08acc7979bbe9ad0b7dd6e') in 0.0110119 seconds
Number of updated asset objects reloaded before import = 0Number of asset objects unloaded after import = 1

========================================================================
Received Import Request.
  Time since last request: 0.000096 seconds.
  path: Assets/content/4_Characters/1_Birds/8_AquaBird 1/BodyParts/Headgear_Samurai_Back.png
  artifactKey: Guid(65d78d4713d42394bb8b19c726ede0a0) Importer(2089858483,192608db42251d675da83286b1cce702)
Start importing Assets/content/4_Characters/1_Birds/8_AquaBird 1/BodyParts/Headgear_Samurai_Back.png using Guid(65d78d4713d42394bb8b19c726ede0a0) Importer(2089858483,192608db42251d675da83286b1cce702) (ScriptedImporter) -> (artifact id: '651f1af937d28e5a76ec73f2bf3ca7e8') in 0.0100321 seconds
Number of updated asset objects reloaded before import = 0Number of asset objects unloaded after import = 1

========================================================================
Received Import Request.
  Time since last request: 0.000097 seconds.
  path: Assets/content/4_Characters/1_Birds/8_AquaBird 1/BodyParts/Tail.png
  artifactKey: Guid(d80a78c03c95b864296a3c31bd550845) Importer(2089858483,192608db42251d675da83286b1cce702)
Start importing Assets/content/4_Characters/1_Birds/8_AquaBird 1/BodyParts/Tail.png using Guid(d80a78c03c95b864296a3c31bd550845) Importer(2089858483,192608db42251d675da83286b1cce702) (ScriptedImporter) -> (artifact id: '68598d1551561bf2639c1fa8c090c1e8') in 0.0114032 seconds
Number of updated asset objects reloaded before import = 0Number of asset objects unloaded after import = 1

========================================================================
Received Import Request.
  Time since last request: 0.000090 seconds.
  path: Assets/content/4_Characters/1_Birds/8_AquaBird 1/BodyParts/Tail_Spread.png
  artifactKey: Guid(480bbff29ca09fd42a6be9a492ed6796) Importer(2089858483,192608db42251d675da83286b1cce702)
Start importing Assets/content/4_Characters/1_Birds/8_AquaBird 1/BodyParts/Tail_Spread.png using Guid(480bbff29ca09fd42a6be9a492ed6796) Importer(2089858483,192608db42251d675da83286b1cce702) (ScriptedImporter) -> (artifact id: 'ada312dbeea2401ae934e44f7f4ea8d9') in 0.0121072 seconds
Number of updated asset objects reloaded before import = 0Number of asset objects unloaded after import = 1

========================================================================
Received Import Request.
  Time since last request: 0.000100 seconds.
  path: Assets/content/4_Characters/1_Birds/8_AquaBird 1/BodyParts/Body.png
  artifactKey: Guid(64cf7b488ce2b674588af03ab4ec4b11) Importer(2089858483,192608db42251d675da83286b1cce702)
Start importing Assets/content/4_Characters/1_Birds/8_AquaBird 1/BodyParts/Body.png using Guid(64cf7b488ce2b674588af03ab4ec4b11) Importer(2089858483,192608db42251d675da83286b1cce702) (ScriptedImporter) -> (artifact id: '20931c5a7e383ce9441d3fcfb5036cd9') in 0.0238746 seconds
Number of updated asset objects reloaded before import = 0Number of asset objects unloaded after import = 1

========================================================================
Received Import Request.
  Time since last request: 0.000090 seconds.
  path: Assets/content/4_Characters/1_Birds/8_AquaBird 1/BodyParts/Beak_Taunt.png
  artifactKey: Guid(c13547004f424d34482b4325917a0bd9) Importer(2089858483,192608db42251d675da83286b1cce702)
Start importing Assets/content/4_Characters/1_Birds/8_AquaBird 1/BodyParts/Beak_Taunt.png using Guid(c13547004f424d34482b4325917a0bd9) Importer(2089858483,192608db42251d675da83286b1cce702) (ScriptedImporter) -> (artifact id: '92c13ff6bc640480c0d778488079df1a') in 0.0106454 seconds
Number of updated asset objects reloaded before import = 0Number of asset objects unloaded after import = 1

========================================================================
Received Import Request.
  Time since last request: 0.000130 seconds.
  path: Assets/content/4_Characters/1_Birds/8_AquaBird 1/BodyParts/MainHand_Lance_08.png
  artifactKey: Guid(2908b2a307313ed468b709b42579a435) Importer(2089858483,192608db42251d675da83286b1cce702)
Start importing Assets/content/4_Characters/1_Birds/8_AquaBird 1/BodyParts/MainHand_Lance_08.png using Guid(2908b2a307313ed468b709b42579a435) Importer(2089858483,192608db42251d675da83286b1cce702) (ScriptedImporter) -> (artifact id: '8d8689f3dacc8dc7dac8fd1e525c3e71') in 0.0096987 seconds
Number of updated asset objects reloaded before import = 0Number of asset objects unloaded after import = 1

========================================================================
Received Import Request.
  Time since last request: 0.000092 seconds.
  path: Assets/content/4_Characters/1_Birds/8_AquaBird 1/BodyParts/Headgear_StoneGuard.png
  artifactKey: Guid(418435e221220284ab1cd2956f8d3386) Importer(2089858483,192608db42251d675da83286b1cce702)
Start importing Assets/content/4_Characters/1_Birds/8_AquaBird 1/BodyParts/Headgear_StoneGuard.png using Guid(418435e221220284ab1cd2956f8d3386) Importer(2089858483,192608db42251d675da83286b1cce702) (ScriptedImporter) -> (artifact id: 'ffe2f8a72cc89180b56a807c6d2541fd') in 0.0117578 seconds
Number of updated asset objects reloaded before import = 0Number of asset objects unloaded after import = 1

========================================================================
Received Import Request.
  Time since last request: 0.000144 seconds.
  path: Assets/content/4_Characters/1_Birds/8_AquaBird 1/BodyParts/OffHand_Red_Set_02.png
  artifactKey: Guid(e9b10b85e3e774347a60f835b9c20a69) Importer(2089858483,192608db42251d675da83286b1cce702)
Start importing Assets/content/4_Characters/1_Birds/8_AquaBird 1/BodyParts/OffHand_Red_Set_02.png using Guid(e9b10b85e3e774347a60f835b9c20a69) Importer(2089858483,192608db42251d675da83286b1cce702) (ScriptedImporter) -> (artifact id: '1f0d47337872d7df8d0f8960ebe30897') in 0.0102696 seconds
Number of updated asset objects reloaded before import = 0Number of asset objects unloaded after import = 1

========================================================================
Received Import Request.
  Time since last request: 0.000044 seconds.
  path: Assets/content/4_Characters/1_Birds/8_AquaBird 1/BodyParts/MainHand_Lance_07.png
  artifactKey: Guid(78f1392c592451f408e7f5e3b03994da) Importer(2089858483,192608db42251d675da83286b1cce702)
Start importing Assets/content/4_Characters/1_Birds/8_AquaBird 1/BodyParts/MainHand_Lance_07.png using Guid(78f1392c592451f408e7f5e3b03994da) Importer(2089858483,192608db42251d675da83286b1cce702) (ScriptedImporter) -> (artifact id: '40e3a56fff5cffa26b47d4dc5ab99f43') in 0.012283 seconds
Number of updated asset objects reloaded before import = 0Number of asset objects unloaded after import = 1

========================================================================
Received Import Request.
  Time since last request: 0.000216 seconds.
  path: Assets/content/4_Characters/1_Birds/8_AquaBird 1/BodyParts/OffHand_Shield_03.png
  artifactKey: Guid(279a3fa888807b444a4915a8fda0dce3) Importer(2089858483,192608db42251d675da83286b1cce702)
Start importing Assets/content/4_Characters/1_Birds/8_AquaBird 1/BodyParts/OffHand_Shield_03.png using Guid(279a3fa888807b444a4915a8fda0dce3) Importer(2089858483,192608db42251d675da83286b1cce702) (ScriptedImporter) -> (artifact id: '608e291ad63e9f6a208fb04f94d82fb9') in 0.0149604 seconds
Number of updated asset objects reloaded before import = 0Number of asset objects unloaded after import = 1

========================================================================
Received Import Request.
  Time since last request: 0.000103 seconds.
  path: Assets/content/4_Characters/1_Birds/8_AquaBird 1/BodyParts/Headgear_Captivator_Back.png
  artifactKey: Guid(9af95a34d1a2c0740a91b7d69e3aed74) Importer(2089858483,192608db42251d675da83286b1cce702)
Start importing Assets/content/4_Characters/1_Birds/8_AquaBird 1/BodyParts/Headgear_Captivator_Back.png using Guid(9af95a34d1a2c0740a91b7d69e3aed74) Importer(2089858483,192608db42251d675da83286b1cce702) (ScriptedImporter) -> (artifact id: '2253cbd54ae01bdc28edc17ecf14c768') in 0.0139233 seconds
Number of updated asset objects reloaded before import = 0Number of asset objects unloaded after import = 1

========================================================================
Received Import Request.
  Time since last request: 0.000096 seconds.
  path: Assets/content/4_Characters/1_Birds/8_AquaBird 1/BodyParts/OffHand_Shield_05.png
  artifactKey: Guid(cdeacd3b9a6d8364b99c3f902d4cecf4) Importer(2089858483,192608db42251d675da83286b1cce702)
Start importing Assets/content/4_Characters/1_Birds/8_AquaBird 1/BodyParts/OffHand_Shield_05.png using Guid(cdeacd3b9a6d8364b99c3f902d4cecf4) Importer(2089858483,192608db42251d675da83286b1cce702) (ScriptedImporter) -> (artifact id: '719fc94e434c2827a1f796155baa3a4d') in 0.0123938 seconds
Number of updated asset objects reloaded before import = 0Number of asset objects unloaded after import = 1

========================================================================
Received Import Request.
  Time since last request: 0.000074 seconds.
  path: Assets/content/4_Characters/1_Birds/8_AquaBird 1/BodyParts/MainHand_Lance_09.png
  artifactKey: Guid(d0e15cab6c2e0ad44acb4ab41050d607) Importer(2089858483,192608db42251d675da83286b1cce702)
Start importing Assets/content/4_Characters/1_Birds/8_AquaBird 1/BodyParts/MainHand_Lance_09.png using Guid(d0e15cab6c2e0ad44acb4ab41050d607) Importer(2089858483,192608db42251d675da83286b1cce702) (ScriptedImporter) -> (artifact id: 'c99c6dcad00bf3cd9d9447db83b65756') in 0.013123 seconds
Number of updated asset objects reloaded before import = 0Number of asset objects unloaded after import = 1

========================================================================
Received Import Request.
  Time since last request: 0.000093 seconds.
  path: Assets/content/4_Characters/1_Birds/8_AquaBird 1/BodyParts/Eye_Special.png
  artifactKey: Guid(e5fb2231935c3af46a594fcb92b85480) Importer(2089858483,192608db42251d675da83286b1cce702)
Start importing Assets/content/4_Characters/1_Birds/8_AquaBird 1/BodyParts/Eye_Special.png using Guid(e5fb2231935c3af46a594fcb92b85480) Importer(2089858483,192608db42251d675da83286b1cce702) (ScriptedImporter) -> (artifact id: '5958f58d0da3e66aebd90af82a2b4b5f') in 0.0107426 seconds
Number of updated asset objects reloaded before import = 0Number of asset objects unloaded after import = 1

========================================================================
Received Import Request.
  Time since last request: 0.000131 seconds.
  path: Assets/content/4_Characters/1_Birds/8_AquaBird 1/BodyParts/MainHand_Lance_01.png
  artifactKey: Guid(6eadf2e0b510bf144b32657de3f25e92) Importer(2089858483,192608db42251d675da83286b1cce702)
Start importing Assets/content/4_Characters/1_Birds/8_AquaBird 1/BodyParts/MainHand_Lance_01.png using Guid(6eadf2e0b510bf144b32657de3f25e92) Importer(2089858483,192608db42251d675da83286b1cce702) (ScriptedImporter) -> (artifact id: '5e942c13cd692d0b3d4c5fcd032bc7b7') in 0.0109707 seconds
Number of updated asset objects reloaded before import = 0Number of asset objects unloaded after import = 1

========================================================================
Received Import Request.
  Time since last request: 0.000102 seconds.
  path: Assets/content/4_Characters/1_Birds/8_AquaBird 1/BodyParts/OffHand_Banner_05.png
  artifactKey: Guid(1d30c319c23fe164e9c72a552f9950f6) Importer(2089858483,192608db42251d675da83286b1cce702)
Start importing Assets/content/4_Characters/1_Birds/8_AquaBird 1/BodyParts/OffHand_Banner_05.png using Guid(1d30c319c23fe164e9c72a552f9950f6) Importer(2089858483,192608db42251d675da83286b1cce702) (ScriptedImporter) -> (artifact id: 'cb02b9fc974417f1694e6ee12a592be5') in 0.0135509 seconds
Number of updated asset objects reloaded before import = 0Number of asset objects unloaded after import = 1

========================================================================
Received Import Request.
  Time since last request: 0.000120 seconds.
  path: Assets/content/4_Characters/1_Birds/8_AquaBird 1/BodyParts/Headgear_Knight_Back.png
  artifactKey: Guid(87fd3af3715395b40b1ce8cfe9286ffd) Importer(2089858483,192608db42251d675da83286b1cce702)
Start importing Assets/content/4_Characters/1_Birds/8_AquaBird 1/BodyParts/Headgear_Knight_Back.png using Guid(87fd3af3715395b40b1ce8cfe9286ffd) Importer(2089858483,192608db42251d675da83286b1cce702) (ScriptedImporter) -> (artifact id: 'dec3652e9ae506ea799b8e118bf14bbd') in 0.011159 seconds
Number of updated asset objects reloaded before import = 0Number of asset objects unloaded after import = 1

========================================================================
Received Import Request.
  Time since last request: 0.000117 seconds.
  path: Assets/content/4_Characters/1_Birds/8_AquaBird 1/BodyParts/MainHand_Hammer_05.png
  artifactKey: Guid(9e38af7ac3ef0824fadafa5778f72c26) Importer(2089858483,192608db42251d675da83286b1cce702)
Start importing Assets/content/4_Characters/1_Birds/8_AquaBird 1/BodyParts/MainHand_Hammer_05.png using Guid(9e38af7ac3ef0824fadafa5778f72c26) Importer(2089858483,192608db42251d675da83286b1cce702) (ScriptedImporter) -> (artifact id: 'de9b89efdb8e17d8a8d6cafa10682207') in 0.0128737 seconds
Number of updated asset objects reloaded before import = 0Number of asset objects unloaded after import = 1

========================================================================
Received Import Request.
  Time since last request: 0.000119 seconds.
  path: Assets/content/4_Characters/1_Birds/8_AquaBird 1/BodyParts/MainHand_Sword_07.png
  artifactKey: Guid(410d576719efc6d43bc708fd957e4327) Importer(2089858483,192608db42251d675da83286b1cce702)
Start importing Assets/content/4_Characters/1_Birds/8_AquaBird 1/BodyParts/MainHand_Sword_07.png using Guid(410d576719efc6d43bc708fd957e4327) Importer(2089858483,192608db42251d675da83286b1cce702) (ScriptedImporter) -> (artifact id: 'fbf5e23292a06bf77c008b2b4b0821ee') in 0.0115454 seconds
Number of updated asset objects reloaded before import = 0Number of asset objects unloaded after import = 1

========================================================================
Received Import Request.
  Time since last request: 0.000075 seconds.
  path: Assets/content/4_Characters/1_Birds/8_AquaBird 1/BodyParts/Headgear_Captivator.png
  artifactKey: Guid(fdfe60f01295b904f9a72175f9fd3aff) Importer(2089858483,192608db42251d675da83286b1cce702)
Start importing Assets/content/4_Characters/1_Birds/8_AquaBird 1/BodyParts/Headgear_Captivator.png using Guid(fdfe60f01295b904f9a72175f9fd3aff) Importer(2089858483,192608db42251d675da83286b1cce702) (ScriptedImporter) -> (artifact id: '40e533ed12b01097cd786e8a829d85da') in 0.0130498 seconds
Number of updated asset objects reloaded before import = 0Number of asset objects unloaded after import = 1

========================================================================
Received Import Request.
  Time since last request: 0.000097 seconds.
  path: Assets/content/4_Characters/1_Birds/8_AquaBird 1/BodyParts/Headgear_ScifiSamurai.png
  artifactKey: Guid(6f1ac4e121c7fb243b3bd3c5723ecfb8) Importer(2089858483,192608db42251d675da83286b1cce702)
Start importing Assets/content/4_Characters/1_Birds/8_AquaBird 1/BodyParts/Headgear_ScifiSamurai.png using Guid(6f1ac4e121c7fb243b3bd3c5723ecfb8) Importer(2089858483,192608db42251d675da83286b1cce702) (ScriptedImporter) -> (artifact id: '2c3ddea7f0ddae18c70d50cb9f78c5ab') in 0.0235659 seconds
Number of updated asset objects reloaded before import = 0Number of asset objects unloaded after import = 1

========================================================================
Received Import Request.
  Time since last request: 0.000090 seconds.
  path: Assets/content/4_Characters/1_Birds/8_AquaBird 1/BodyParts/OffHand_Shield_04.png
  artifactKey: Guid(84d16956a9581a34e9c2679c39c35cd6) Importer(2089858483,192608db42251d675da83286b1cce702)
Start importing Assets/content/4_Characters/1_Birds/8_AquaBird 1/BodyParts/OffHand_Shield_04.png using Guid(84d16956a9581a34e9c2679c39c35cd6) Importer(2089858483,192608db42251d675da83286b1cce702) (ScriptedImporter) -> (artifact id: 'c30f4bee849e34545348b16c90190cf6') in 0.0115057 seconds
Number of updated asset objects reloaded before import = 0Number of asset objects unloaded after import = 1

========================================================================
Received Import Request.
  Time since last request: 0.000042 seconds.
  path: Assets/content/4_Characters/1_Birds/8_AquaBird 1/BodyParts/Lid_Left_Closed.png
  artifactKey: Guid(06b269f28cbadcf4d85841225eafb2eb) Importer(2089858483,192608db42251d675da83286b1cce702)
Start importing Assets/content/4_Characters/1_Birds/8_AquaBird 1/BodyParts/Lid_Left_Closed.png using Guid(06b269f28cbadcf4d85841225eafb2eb) Importer(2089858483,192608db42251d675da83286b1cce702) (ScriptedImporter) -> (artifact id: 'ed298b33901dbf5be193d036e73a0290') in 0.0109934 seconds
Number of updated asset objects reloaded before import = 0Number of asset objects unloaded after import = 1

========================================================================
Received Import Request.
  Time since last request: 0.000067 seconds.
  path: Assets/content/4_Characters/1_Birds/8_AquaBird 1/BodyParts/Headgear_Knight.png
  artifactKey: Guid(7698575ab0c5a224eb4d48472e90306c) Importer(2089858483,192608db42251d675da83286b1cce702)
Start importing Assets/content/4_Characters/1_Birds/8_AquaBird 1/BodyParts/Headgear_Knight.png using Guid(7698575ab0c5a224eb4d48472e90306c) Importer(2089858483,192608db42251d675da83286b1cce702) (ScriptedImporter) -> (artifact id: '9255a990c108d33dd43ac764290ed323') in 0.0138012 seconds
Number of updated asset objects reloaded before import = 0Number of asset objects unloaded after import = 1

========================================================================
Received Import Request.
  Time since last request: 0.000096 seconds.
  path: Assets/content/4_Characters/1_Birds/8_AquaBird 1/BodyParts/OffHand_Red_Set_05.png
  artifactKey: Guid(35fa4220c537f8442a8ced10c004b508) Importer(2089858483,192608db42251d675da83286b1cce702)
Start importing Assets/content/4_Characters/1_Birds/8_AquaBird 1/BodyParts/OffHand_Red_Set_05.png using Guid(35fa4220c537f8442a8ced10c004b508) Importer(2089858483,192608db42251d675da83286b1cce702) (ScriptedImporter) -> (artifact id: '81ea967db2990c89b8c33860c3d2f073') in 0.0122732 seconds
Number of updated asset objects reloaded before import = 0Number of asset objects unloaded after import = 1

========================================================================
Received Import Request.
  Time since last request: 0.000078 seconds.
  path: Assets/content/4_Characters/1_Birds/8_AquaBird 1/BodyParts/MainHand_Lance_06.png
  artifactKey: Guid(9cb5bd92ad2441e41b3bc3ef26280792) Importer(2089858483,192608db42251d675da83286b1cce702)
Start importing Assets/content/4_Characters/1_Birds/8_AquaBird 1/BodyParts/MainHand_Lance_06.png using Guid(9cb5bd92ad2441e41b3bc3ef26280792) Importer(2089858483,192608db42251d675da83286b1cce702) (ScriptedImporter) -> (artifact id: '55eade22c74b3dfdce49666a1d3ea487') in 0.010948 seconds
Number of updated asset objects reloaded before import = 0Number of asset objects unloaded after import = 1

========================================================================
Received Import Request.
  Time since last request: 0.000122 seconds.
  path: Assets/content/4_Characters/1_Birds/8_AquaBird 1/BodyParts/Headgear_Ronin_Back.png
  artifactKey: Guid(37ae2816cbee1ca41a7c7c90ce4df5ad) Importer(2089858483,192608db42251d675da83286b1cce702)
Start importing Assets/content/4_Characters/1_Birds/8_AquaBird 1/BodyParts/Headgear_Ronin_Back.png using Guid(37ae2816cbee1ca41a7c7c90ce4df5ad) Importer(2089858483,192608db42251d675da83286b1cce702) (ScriptedImporter) -> (artifact id: '59c32ab362219060f54d12202e506bfe') in 0.0123545 seconds
Number of updated asset objects reloaded before import = 0Number of asset objects unloaded after import = 1

========================================================================
Received Import Request.
  Time since last request: 0.000086 seconds.
  path: Assets/content/4_Characters/1_Birds/8_AquaBird 1/BodyParts/MainHand_Lance_04.png
  artifactKey: Guid(0570c685851b32449a4fa6a567748639) Importer(2089858483,192608db42251d675da83286b1cce702)
Start importing Assets/content/4_Characters/1_Birds/8_AquaBird 1/BodyParts/MainHand_Lance_04.png using Guid(0570c685851b32449a4fa6a567748639) Importer(2089858483,192608db42251d675da83286b1cce702) (ScriptedImporter) -> (artifact id: 'ece5f7bb945261c004f45eeb06067c80') in 0.0104985 seconds
Number of updated asset objects reloaded before import = 0Number of asset objects unloaded after import = 1

========================================================================
Received Import Request.
  Time since last request: 0.000133 seconds.
  path: Assets/content/4_Characters/1_Birds/8_AquaBird 1/BodyParts/Headgear_ScifiSamurai_Back.png
  artifactKey: Guid(20cba5d4746f0ef4ebd6652c02c666a5) Importer(2089858483,192608db42251d675da83286b1cce702)
Start importing Assets/content/4_Characters/1_Birds/8_AquaBird 1/BodyParts/Headgear_ScifiSamurai_Back.png using Guid(20cba5d4746f0ef4ebd6652c02c666a5) Importer(2089858483,192608db42251d675da83286b1cce702) (ScriptedImporter) -> (artifact id: 'c780c12093b9fddb660f2a7bd812d9e3') in 0.0109404 seconds
Number of updated asset objects reloaded before import = 0Number of asset objects unloaded after import = 1

========================================================================
Received Import Request.
  Time since last request: 0.000087 seconds.
  path: Assets/content/4_Characters/1_Birds/8_AquaBird 1/BodyParts/Eyebrow_Left_Edgy.png
  artifactKey: Guid(291979aebe2b1ed43b9e9ffcd962e7fb) Importer(2089858483,192608db42251d675da83286b1cce702)
Start importing Assets/content/4_Characters/1_Birds/8_AquaBird 1/BodyParts/Eyebrow_Left_Edgy.png using Guid(291979aebe2b1ed43b9e9ffcd962e7fb) Importer(2089858483,192608db42251d675da83286b1cce702) (ScriptedImporter) -> (artifact id: 'f48d1397e5fe9bf6b1da300142ed32f3') in 0.012654 seconds
Number of updated asset objects reloaded before import = 0Number of asset objects unloaded after import = 1

========================================================================
Received Import Request.
  Time since last request: 0.000125 seconds.
  path: Assets/content/4_Characters/1_Birds/8_AquaBird 1/BodyParts/Headgear_Paladin.png
  artifactKey: Guid(069638b98f60e9e41bcc13adea6815a1) Importer(2089858483,192608db42251d675da83286b1cce702)
Start importing Assets/content/4_Characters/1_Birds/8_AquaBird 1/BodyParts/Headgear_Paladin.png using Guid(069638b98f60e9e41bcc13adea6815a1) Importer(2089858483,192608db42251d675da83286b1cce702) (ScriptedImporter) -> (artifact id: '5b45ff7973f6b420ac350cd54eca8499') in 0.0112943 seconds
Number of updated asset objects reloaded before import = 0Number of asset objects unloaded after import = 1

========================================================================
Received Import Request.
  Time since last request: 0.000087 seconds.
  path: Assets/content/4_Characters/1_Birds/8_AquaBird 1/BodyParts/Eye_Right.png
  artifactKey: Guid(ee44a5ad2acfff2419ba5ac03daf77ca) Importer(2089858483,192608db42251d675da83286b1cce702)
Start importing Assets/content/4_Characters/1_Birds/8_AquaBird 1/BodyParts/Eye_Right.png using Guid(ee44a5ad2acfff2419ba5ac03daf77ca) Importer(2089858483,192608db42251d675da83286b1cce702) (ScriptedImporter) -> (artifact id: 'f5e2467136f910351af325d8338b890b') in 0.0108189 seconds
Number of updated asset objects reloaded before import = 0Number of asset objects unloaded after import = 1

========================================================================
Received Import Request.
  Time since last request: 0.000084 seconds.
  path: Assets/content/4_Characters/1_Birds/8_AquaBird 1/BodyParts/MainHand_Hammer_07.png
  artifactKey: Guid(166834f3f43578843990ad559a9741f1) Importer(2089858483,192608db42251d675da83286b1cce702)
Start importing Assets/content/4_Characters/1_Birds/8_AquaBird 1/BodyParts/MainHand_Hammer_07.png using Guid(166834f3f43578843990ad559a9741f1) Importer(2089858483,192608db42251d675da83286b1cce702) (ScriptedImporter) -> (artifact id: '5b75bb498cc4e444549f2aaf0ce3a3e3') in 0.0119165 seconds
Number of updated asset objects reloaded before import = 0Number of asset objects unloaded after import = 1

========================================================================
Received Import Request.
  Time since last request: 0.000251 seconds.
  path: Assets/content/4_Characters/1_Birds/8_AquaBird 1/BodyParts/MainHand_Red_Set_03.png
  artifactKey: Guid(e6620b4fd54377942a6d73b463d759f3) Importer(2089858483,192608db42251d675da83286b1cce702)
Start importing Assets/content/4_Characters/1_Birds/8_AquaBird 1/BodyParts/MainHand_Red_Set_03.png using Guid(e6620b4fd54377942a6d73b463d759f3) Importer(2089858483,192608db42251d675da83286b1cce702) (ScriptedImporter) -> (artifact id: '26b5de63be4a6fd20394be7069c5a377') in 0.012412 seconds
Number of updated asset objects reloaded before import = 0Number of asset objects unloaded after import = 1

========================================================================
Received Import Request.
  Time since last request: 0.000117 seconds.
  path: Assets/content/4_Characters/1_Birds/8_AquaBird 1/BodyParts/OffHand_Banner_02.png
  artifactKey: Guid(8e8bd6a2638724e4899a868ef5052741) Importer(2089858483,192608db42251d675da83286b1cce702)
Start importing Assets/content/4_Characters/1_Birds/8_AquaBird 1/BodyParts/OffHand_Banner_02.png using Guid(8e8bd6a2638724e4899a868ef5052741) Importer(2089858483,192608db42251d675da83286b1cce702) (ScriptedImporter) -> (artifact id: '56f949c4fcbb374fa42afb0e819b92a2') in 0.0131857 seconds
Number of updated asset objects reloaded before import = 0Number of asset objects unloaded after import = 1

========================================================================
Received Import Request.
  Time since last request: 0.000073 seconds.
  path: Assets/content/4_Characters/1_Birds/8_AquaBird 1/BodyParts/OffHand_Banner_08.png
  artifactKey: Guid(701d2a9896edeb74d8713c703e359b7a) Importer(2089858483,192608db42251d675da83286b1cce702)
Start importing Assets/content/4_Characters/1_Birds/8_AquaBird 1/BodyParts/OffHand_Banner_08.png using Guid(701d2a9896edeb74d8713c703e359b7a) Importer(2089858483,192608db42251d675da83286b1cce702) (ScriptedImporter) -> (artifact id: '5e1bc3d3d73aeed91757da95a21ea352') in 0.0137052 seconds
Number of updated asset objects reloaded before import = 0Number of asset objects unloaded after import = 1

========================================================================
Received Import Request.
  Time since last request: 0.001028 seconds.
  path: Assets/content/4_Characters/1_Birds/8_AquaBird 1/BodyParts/Beak_Angry.png
  artifactKey: Guid(aa6e46f3a644e824a94ea3d8d232e8e1) Importer(2089858483,192608db42251d675da83286b1cce702)
Start importing Assets/content/4_Characters/1_Birds/8_AquaBird 1/BodyParts/Beak_Angry.png using Guid(aa6e46f3a644e824a94ea3d8d232e8e1) Importer(2089858483,192608db42251d675da83286b1cce702) (ScriptedImporter) -> (artifact id: '17997ab6e0d5408b681be37d75e59b9c') in 0.0119159 seconds
Number of updated asset objects reloaded before import = 0Number of asset objects unloaded after import = 1

========================================================================
Received Import Request.
  Time since last request: 0.000075 seconds.
  path: Assets/content/4_Characters/1_Birds/8_AquaBird 1/BodyParts/MainHand_Red_Set_04.png
  artifactKey: Guid(5cd28a549652ed44a90541ec6810dc04) Importer(2089858483,192608db42251d675da83286b1cce702)
Start importing Assets/content/4_Characters/1_Birds/8_AquaBird 1/BodyParts/MainHand_Red_Set_04.png using Guid(5cd28a549652ed44a90541ec6810dc04) Importer(2089858483,192608db42251d675da83286b1cce702) (ScriptedImporter) -> (artifact id: '95f758c0501a49b03027e9dccb312e65') in 0.0125763 seconds
Number of updated asset objects reloaded before import = 0Number of asset objects unloaded after import = 1

========================================================================
Received Import Request.
  Time since last request: 0.000082 seconds.
  path: Assets/content/4_Characters/1_Birds/8_AquaBird 1/BodyParts/MainHand_Sword_03.png
  artifactKey: Guid(f708c918c3b6e644b87402c621b32a0d) Importer(2089858483,192608db42251d675da83286b1cce702)
Start importing Assets/content/4_Characters/1_Birds/8_AquaBird 1/BodyParts/MainHand_Sword_03.png using Guid(f708c918c3b6e644b87402c621b32a0d) Importer(2089858483,192608db42251d675da83286b1cce702) (ScriptedImporter) -> (artifact id: 'c678613cb308e7ddfd4aa45cc06a0b69') in 0.0131798 seconds
Number of updated asset objects reloaded before import = 0Number of asset objects unloaded after import = 1

========================================================================
Received Import Request.
  Time since last request: 0.000079 seconds.
  path: Assets/content/4_Characters/1_Birds/8_AquaBird 1/BodyParts/MainHand_Hammer_06.png
  artifactKey: Guid(d09eb0ab4830ff34fba52dc32e2fc76e) Importer(2089858483,192608db42251d675da83286b1cce702)
Start importing Assets/content/4_Characters/1_Birds/8_AquaBird 1/BodyParts/MainHand_Hammer_06.png using Guid(d09eb0ab4830ff34fba52dc32e2fc76e) Importer(2089858483,192608db42251d675da83286b1cce702) (ScriptedImporter) -> (artifact id: '581b4cab2225abcc94ccc93bac9cbd3e') in 0.0119134 seconds
Number of updated asset objects reloaded before import = 0Number of asset objects unloaded after import = 1

========================================================================
Received Import Request.
  Time since last request: 0.000104 seconds.
  path: Assets/content/4_Characters/1_Birds/8_AquaBird 1/BodyParts/Empty.png
  artifactKey: Guid(9c535722d625822449d3012cb8555973) Importer(2089858483,192608db42251d675da83286b1cce702)
Start importing Assets/content/4_Characters/1_Birds/8_AquaBird 1/BodyParts/Empty.png using Guid(9c535722d625822449d3012cb8555973) Importer(2089858483,192608db42251d675da83286b1cce702) (ScriptedImporter) -> (artifact id: '6c6fa84d3ada1ae2e59e2704e9aa1e4a') in 0.0154639 seconds
Number of updated asset objects reloaded before import = 0Number of asset objects unloaded after import = 1

========================================================================
Received Import Request.
  Time since last request: 0.000078 seconds.
  path: Assets/content/4_Characters/1_Birds/8_AquaBird 1/BodyParts/MainHand_Sword_05.png
  artifactKey: Guid(1f3905bee8f7fc8468c643f56909093f) Importer(2089858483,192608db42251d675da83286b1cce702)
Start importing Assets/content/4_Characters/1_Birds/8_AquaBird 1/BodyParts/MainHand_Sword_05.png using Guid(1f3905bee8f7fc8468c643f56909093f) Importer(2089858483,192608db42251d675da83286b1cce702) (ScriptedImporter) -> (artifact id: 'fe370169c5450df775e8faefe22b9bdd') in 0.0166005 seconds
Number of updated asset objects reloaded before import = 0Number of asset objects unloaded after import = 1

========================================================================
Received Import Request.
  Time since last request: 0.000079 seconds.
  path: Assets/content/4_Characters/1_Birds/8_AquaBird 1/BodyParts/Beak.png
  artifactKey: Guid(0235ddad6db4eb94b8013503feddb848) Importer(2089858483,192608db42251d675da83286b1cce702)
Start importing Assets/content/4_Characters/1_Birds/8_AquaBird 1/BodyParts/Beak.png using Guid(0235ddad6db4eb94b8013503feddb848) Importer(2089858483,192608db42251d675da83286b1cce702) (ScriptedImporter) -> (artifact id: 'f499d583f4d81f91781ce1e3bff2ab15') in 0.0104875 seconds
Number of updated asset objects reloaded before import = 0Number of asset objects unloaded after import = 1

========================================================================
Received Import Request.
  Time since last request: 0.000096 seconds.
  path: Assets/content/4_Characters/1_Birds/8_AquaBird 1/BodyParts/Headgear_WinterPaladin.png
  artifactKey: Guid(464a7412f43c2fb42aa6b79c2ab8ad00) Importer(2089858483,192608db42251d675da83286b1cce702)
Start importing Assets/content/4_Characters/1_Birds/8_AquaBird 1/BodyParts/Headgear_WinterPaladin.png using Guid(464a7412f43c2fb42aa6b79c2ab8ad00) Importer(2089858483,192608db42251d675da83286b1cce702) (ScriptedImporter) -> (artifact id: 'fba80748ef689433fa4b0426a0c378a0') in 0.01092 seconds
Number of updated asset objects reloaded before import = 0Number of asset objects unloaded after import = 1

========================================================================
Received Import Request.
  Time since last request: 0.000099 seconds.
  path: Assets/content/4_Characters/1_Birds/8_AquaBird 1/BodyParts/OffHand_Banner_07.png
  artifactKey: Guid(9364a46e116be984f8eb650a491dab2a) Importer(2089858483,192608db42251d675da83286b1cce702)
Start importing Assets/content/4_Characters/1_Birds/8_AquaBird 1/BodyParts/OffHand_Banner_07.png using Guid(9364a46e116be984f8eb650a491dab2a) Importer(2089858483,192608db42251d675da83286b1cce702) (ScriptedImporter) -> (artifact id: '1566befabda1c96017a76c8643940a12') in 0.0117851 seconds
Number of updated asset objects reloaded before import = 0Number of asset objects unloaded after import = 1

========================================================================
Received Import Request.
  Time since last request: 0.000082 seconds.
  path: Assets/content/4_Characters/1_Birds/8_AquaBird 1/BodyParts/Beak_HalfOpen.png
  artifactKey: Guid(20563aa472414b44c9ceff453cbd91f8) Importer(2089858483,192608db42251d675da83286b1cce702)
Start importing Assets/content/4_Characters/1_Birds/8_AquaBird 1/BodyParts/Beak_HalfOpen.png using Guid(20563aa472414b44c9ceff453cbd91f8) Importer(2089858483,192608db42251d675da83286b1cce702) (ScriptedImporter) -> (artifact id: '0d3f004753029e8a6ad850f60ddcaf3d') in 0.0112165 seconds
Number of updated asset objects reloaded before import = 0Number of asset objects unloaded after import = 1

========================================================================
Received Import Request.
  Time since last request: 0.000084 seconds.
  path: Assets/content/4_Characters/1_Birds/8_AquaBird 1/BodyParts/Eyebrow_Right_Edgy.png
  artifactKey: Guid(029de437db683684d8ca8232cff95c6e) Importer(2089858483,192608db42251d675da83286b1cce702)
Start importing Assets/content/4_Characters/1_Birds/8_AquaBird 1/BodyParts/Eyebrow_Right_Edgy.png using Guid(029de437db683684d8ca8232cff95c6e) Importer(2089858483,192608db42251d675da83286b1cce702) (ScriptedImporter) -> (artifact id: '704f19a6cf83d7f0a595726cba0271d5') in 0.013349 seconds
Number of updated asset objects reloaded before import = 0Number of asset objects unloaded after import = 1

========================================================================
Received Import Request.
  Time since last request: 0.000115 seconds.
  path: Assets/content/4_Characters/1_Birds/8_AquaBird 1/BodyParts/OffHand_Red_Set_06.png
  artifactKey: Guid(02e1c134fc12c6944a8998716bae22c0) Importer(2089858483,192608db42251d675da83286b1cce702)
Start importing Assets/content/4_Characters/1_Birds/8_AquaBird 1/BodyParts/OffHand_Red_Set_06.png using Guid(02e1c134fc12c6944a8998716bae22c0) Importer(2089858483,192608db42251d675da83286b1cce702) (ScriptedImporter) -> (artifact id: 'ea29aa4e966139d5d337b9a80d055157') in 0.0108573 seconds
Number of updated asset objects reloaded before import = 0Number of asset objects unloaded after import = 1

========================================================================
Received Import Request.
  Time since last request: 0.000074 seconds.
  path: Assets/content/4_Characters/1_Birds/8_AquaBird 1/BodyParts/OffHand_Shield_08.png
  artifactKey: Guid(3f6bd486e7c758f478aacdddef80e386) Importer(2089858483,192608db42251d675da83286b1cce702)
Start importing Assets/content/4_Characters/1_Birds/8_AquaBird 1/BodyParts/OffHand_Shield_08.png using Guid(3f6bd486e7c758f478aacdddef80e386) Importer(2089858483,192608db42251d675da83286b1cce702) (ScriptedImporter) -> (artifact id: '416abf6a1320d35433ebe441c312ae24') in 0.0108787 seconds
Number of updated asset objects reloaded before import = 0Number of asset objects unloaded after import = 1

========================================================================
Received Import Request.
  Time since last request: 0.000084 seconds.
  path: Assets/content/4_Characters/1_Birds/8_AquaBird 1/BodyParts/Headgear_Samurai.png
  artifactKey: Guid(788aefd712077404c8447ad6e55b5bf5) Importer(2089858483,192608db42251d675da83286b1cce702)
Start importing Assets/content/4_Characters/1_Birds/8_AquaBird 1/BodyParts/Headgear_Samurai.png using Guid(788aefd712077404c8447ad6e55b5bf5) Importer(2089858483,192608db42251d675da83286b1cce702) (ScriptedImporter) -> (artifact id: 'f025c6412526f8205ebd4521fe33a67a') in 0.0125913 seconds
Number of updated asset objects reloaded before import = 0Number of asset objects unloaded after import = 1

========================================================================
Received Import Request.
  Time since last request: 0.000080 seconds.
  path: Assets/content/4_Characters/1_Birds/8_AquaBird 1/BodyParts/Beak_Half.png
  artifactKey: Guid(970e98c6f3f453142a04aa69fa12dfa2) Importer(2089858483,192608db42251d675da83286b1cce702)
Start importing Assets/content/4_Characters/1_Birds/8_AquaBird 1/BodyParts/Beak_Half.png using Guid(970e98c6f3f453142a04aa69fa12dfa2) Importer(2089858483,192608db42251d675da83286b1cce702) (ScriptedImporter) -> (artifact id: 'a568a89ecab9c7db725e12071fd5938e') in 0.0098172 seconds
Number of updated asset objects reloaded before import = 0Number of asset objects unloaded after import = 1

========================================================================
Received Import Request.
  Time since last request: 0.000093 seconds.
  path: Assets/content/4_Characters/1_Birds/8_AquaBird 1/BodyParts/OffHand_Banner_04.png
  artifactKey: Guid(ba94d3c4042374a4b947724fa6f3db85) Importer(2089858483,192608db42251d675da83286b1cce702)
Start importing Assets/content/4_Characters/1_Birds/8_AquaBird 1/BodyParts/OffHand_Banner_04.png using Guid(ba94d3c4042374a4b947724fa6f3db85) Importer(2089858483,192608db42251d675da83286b1cce702) (ScriptedImporter) -> (artifact id: '9be0aacfc614d33085e6ca8dc11b9ba4') in 0.0101969 seconds
Number of updated asset objects reloaded before import = 0Number of asset objects unloaded after import = 1

========================================================================
Received Import Request.
  Time since last request: 0.000083 seconds.
  path: Assets/content/4_Characters/1_Birds/8_AquaBird 1/BodyParts/MainHand_Lance_03.png
  artifactKey: Guid(65082ac2fa1710c4194b6f9f4340f2fb) Importer(2089858483,192608db42251d675da83286b1cce702)
Start importing Assets/content/4_Characters/1_Birds/8_AquaBird 1/BodyParts/MainHand_Lance_03.png using Guid(65082ac2fa1710c4194b6f9f4340f2fb) Importer(2089858483,192608db42251d675da83286b1cce702) (ScriptedImporter) -> (artifact id: '5d8a6c248ed19a84356664c40f857274') in 0.0309531 seconds
Number of updated asset objects reloaded before import = 0Number of asset objects unloaded after import = 1

========================================================================
Received Import Request.
  Time since last request: 0.000071 seconds.
  path: Assets/content/4_Characters/1_Birds/8_AquaBird 1/BodyParts/Eyebrow_Right_Curved.png
  artifactKey: Guid(f3d17a65be3a63c418ae4614df2d14a2) Importer(2089858483,192608db42251d675da83286b1cce702)
Start importing Assets/content/4_Characters/1_Birds/8_AquaBird 1/BodyParts/Eyebrow_Right_Curved.png using Guid(f3d17a65be3a63c418ae4614df2d14a2) Importer(2089858483,192608db42251d675da83286b1cce702) (ScriptedImporter) -> (artifact id: 'debc5b3d0fb3924122b45168b22083e6') in 0.0104532 seconds
Number of updated asset objects reloaded before import = 0Number of asset objects unloaded after import = 1

========================================================================
Received Import Request.
  Time since last request: 0.000109 seconds.
  path: Assets/content/4_Characters/1_Birds/8_AquaBird 1/BodyParts/MainHand_Lance_02.png
  artifactKey: Guid(ffbb3633df9479b48a9f03c463882e39) Importer(2089858483,192608db42251d675da83286b1cce702)
Start importing Assets/content/4_Characters/1_Birds/8_AquaBird 1/BodyParts/MainHand_Lance_02.png using Guid(ffbb3633df9479b48a9f03c463882e39) Importer(2089858483,192608db42251d675da83286b1cce702) (ScriptedImporter) -> (artifact id: '6736a0c9bd92dd7f1d0c3d85a1dbb28a') in 0.011422 seconds
Number of updated asset objects reloaded before import = 0Number of asset objects unloaded after import = 1

========================================================================
Received Import Request.
  Time since last request: 0.000094 seconds.
  path: Assets/content/4_Characters/1_Birds/8_AquaBird 1/BodyParts/Eyebrow_Left_Curved.png
  artifactKey: Guid(55781e3ed9de87a42be5d940820d8a3a) Importer(2089858483,192608db42251d675da83286b1cce702)
Start importing Assets/content/4_Characters/1_Birds/8_AquaBird 1/BodyParts/Eyebrow_Left_Curved.png using Guid(55781e3ed9de87a42be5d940820d8a3a) Importer(2089858483,192608db42251d675da83286b1cce702) (ScriptedImporter) -> (artifact id: '89f62e4db08d9002e3b2f4b309c32ddc') in 0.0127105 seconds
Number of updated asset objects reloaded before import = 0Number of asset objects unloaded after import = 1

========================================================================
Received Import Request.
  Time since last request: 0.000066 seconds.
  path: Assets/content/4_Characters/1_Birds/8_AquaBird 1/BodyParts/Headgear_SuperheroKnight.png
  artifactKey: Guid(901dc09478c59fb4e8d361f8f6844e9d) Importer(2089858483,192608db42251d675da83286b1cce702)
Start importing Assets/content/4_Characters/1_Birds/8_AquaBird 1/BodyParts/Headgear_SuperheroKnight.png using Guid(901dc09478c59fb4e8d361f8f6844e9d) Importer(2089858483,192608db42251d675da83286b1cce702) (ScriptedImporter) -> (artifact id: '54b723c4788e8d55e0af136bd94ae432') in 0.0110393 seconds
Number of updated asset objects reloaded before import = 0Number of asset objects unloaded after import = 1

========================================================================
Received Import Request.
  Time since last request: 0.000074 seconds.
  path: Assets/content/4_Characters/1_Birds/8_AquaBird 1/BodyParts/MainHand_Hammer_02.png
  artifactKey: Guid(0b4e60983278fb642afa26ca590a45e2) Importer(2089858483,192608db42251d675da83286b1cce702)
Start importing Assets/content/4_Characters/1_Birds/8_AquaBird 1/BodyParts/MainHand_Hammer_02.png using Guid(0b4e60983278fb642afa26ca590a45e2) Importer(2089858483,192608db42251d675da83286b1cce702) (ScriptedImporter) -> (artifact id: '25dd57c7c6aac0f789f7dda216fbd44a') in 0.0116714 seconds
Number of updated asset objects reloaded before import = 0Number of asset objects unloaded after import = 1

========================================================================
Received Import Request.
  Time since last request: 0.000086 seconds.
  path: Assets/content/4_Characters/1_Birds/8_AquaBird 1/BodyParts/Headgear_Paladin_Back.png
  artifactKey: Guid(a130dff42e8e4d84783aece820ee1a7a) Importer(2089858483,192608db42251d675da83286b1cce702)
Start importing Assets/content/4_Characters/1_Birds/8_AquaBird 1/BodyParts/Headgear_Paladin_Back.png using Guid(a130dff42e8e4d84783aece820ee1a7a) Importer(2089858483,192608db42251d675da83286b1cce702) (ScriptedImporter) -> (artifact id: 'dc25d31ac79a5aa11ad2261d0956e856') in 0.01342 seconds
Number of updated asset objects reloaded before import = 0Number of asset objects unloaded after import = 1

========================================================================
Received Import Request.
  Time since last request: 0.000107 seconds.
  path: Assets/content/4_Characters/1_Birds/8_AquaBird 1/BodyParts/OffHand_GSSSSS_01.png
  artifactKey: Guid(05b59b00943dd74418e32ee8da8846c7) Importer(2089858483,192608db42251d675da83286b1cce702)
Start importing Assets/content/4_Characters/1_Birds/8_AquaBird 1/BodyParts/OffHand_GSSSSS_01.png using Guid(05b59b00943dd74418e32ee8da8846c7) Importer(2089858483,192608db42251d675da83286b1cce702) (ScriptedImporter) -> (artifact id: 'd3b780ad51f6f664410f6831993fcf6c') in 0.0113842 seconds
Number of updated asset objects reloaded before import = 0Number of asset objects unloaded after import = 1

========================================================================
Received Import Request.
  Time since last request: 0.000095 seconds.
  path: Assets/content/4_Characters/1_Birds/8_AquaBird 1/BodyParts/MainHand_Sword_08.png
  artifactKey: Guid(9fffa821898202e4db9d1efb716ed209) Importer(2089858483,192608db42251d675da83286b1cce702)
Start importing Assets/content/4_Characters/1_Birds/8_AquaBird 1/BodyParts/MainHand_Sword_08.png using Guid(9fffa821898202e4db9d1efb716ed209) Importer(2089858483,192608db42251d675da83286b1cce702) (ScriptedImporter) -> (artifact id: '24e719e1ec649d88b0677ea169306466') in 0.0113263 seconds
Number of updated asset objects reloaded before import = 0Number of asset objects unloaded after import = 1

========================================================================
Received Import Request.
  Time since last request: 0.000079 seconds.
  path: Assets/content/4_Characters/1_Birds/8_AquaBird 1/BodyParts/OffHand_Shield_01.png
  artifactKey: Guid(0451d81ebb68fe043b9ec8d3b0828d58) Importer(2089858483,192608db42251d675da83286b1cce702)
Start importing Assets/content/4_Characters/1_Birds/8_AquaBird 1/BodyParts/OffHand_Shield_01.png using Guid(0451d81ebb68fe043b9ec8d3b0828d58) Importer(2089858483,192608db42251d675da83286b1cce702) (ScriptedImporter) -> (artifact id: '93c497fc24d4cc4c3cf919cee88c38b1') in 0.0130137 seconds
Number of updated asset objects reloaded before import = 0Number of asset objects unloaded after import = 1

========================================================================
Received Import Request.
  Time since last request: 0.000087 seconds.
  path: Assets/content/4_Characters/1_Birds/8_AquaBird 1/BodyParts/OffHand_Shield_02.png
  artifactKey: Guid(f42dfafdbb055d54aa578d7bf26be55c) Importer(2089858483,192608db42251d675da83286b1cce702)
Start importing Assets/content/4_Characters/1_Birds/8_AquaBird 1/BodyParts/OffHand_Shield_02.png using Guid(f42dfafdbb055d54aa578d7bf26be55c) Importer(2089858483,192608db42251d675da83286b1cce702) (ScriptedImporter) -> (artifact id: 'ec1a791ed55d386469ec1715775e03a8') in 0.0112622 seconds
Number of updated asset objects reloaded before import = 0Number of asset objects unloaded after import = 1

========================================================================
Received Import Request.
  Time since last request: 0.000075 seconds.
  path: Assets/content/4_Characters/1_Birds/8_AquaBird 1/BodyParts/MainHand_Lance_05.png
  artifactKey: Guid(56747368e04bfd845ab76ec8f55cde21) Importer(2089858483,192608db42251d675da83286b1cce702)
Start importing Assets/content/4_Characters/1_Birds/8_AquaBird 1/BodyParts/MainHand_Lance_05.png using Guid(56747368e04bfd845ab76ec8f55cde21) Importer(2089858483,192608db42251d675da83286b1cce702) (ScriptedImporter) -> (artifact id: '7dc56774c53b6676875dcbbd98d546c0') in 0.0106542 seconds
Number of updated asset objects reloaded before import = 0Number of asset objects unloaded after import = 1

========================================================================
Received Import Request.
  Time since last request: 0.000097 seconds.
  path: Assets/content/4_Characters/1_Birds/8_AquaBird 1/BodyParts/Headgear_WinterPaladin_Back.png
  artifactKey: Guid(daea7714eb2910c4cb11e39148a11e13) Importer(2089858483,192608db42251d675da83286b1cce702)
Start importing Assets/content/4_Characters/1_Birds/8_AquaBird 1/BodyParts/Headgear_WinterPaladin_Back.png using Guid(daea7714eb2910c4cb11e39148a11e13) Importer(2089858483,192608db42251d675da83286b1cce702) (ScriptedImporter) -> (artifact id: 'e2810160261020e8ba1892955d5911de') in 0.0132552 seconds
Number of updated asset objects reloaded before import = 0Number of asset objects unloaded after import = 1

========================================================================
Received Import Request.
  Time since last request: 0.000074 seconds.
  path: Assets/content/4_Characters/1_Birds/8_AquaBird 1/BodyParts/MainHand_Hammer_01.png
  artifactKey: Guid(4a419f2820f3eb441bb7d6bcdf733a74) Importer(2089858483,192608db42251d675da83286b1cce702)
Start importing Assets/content/4_Characters/1_Birds/8_AquaBird 1/BodyParts/MainHand_Hammer_01.png using Guid(4a419f2820f3eb441bb7d6bcdf733a74) Importer(2089858483,192608db42251d675da83286b1cce702) (ScriptedImporter) -> (artifact id: '682332a8c57930bcaef1e8c0e37ad8ac') in 0.0109028 seconds
Number of updated asset objects reloaded before import = 0Number of asset objects unloaded after import = 1

========================================================================
Received Import Request.
  Time since last request: 0.000083 seconds.
  path: Assets/content/4_Characters/1_Birds/8_AquaBird 1/BodyParts/MainHand_Hammer_04.png
  artifactKey: Guid(d09153c51442c1049a655efafcdef6b0) Importer(2089858483,192608db42251d675da83286b1cce702)
Start importing Assets/content/4_Characters/1_Birds/8_AquaBird 1/BodyParts/MainHand_Hammer_04.png using Guid(d09153c51442c1049a655efafcdef6b0) Importer(2089858483,192608db42251d675da83286b1cce702) (ScriptedImporter) -> (artifact id: 'd73a9ff8ed8588be4e80ab9b1d9d1ccf') in 0.0124844 seconds
Number of updated asset objects reloaded before import = 0Number of asset objects unloaded after import = 1

========================================================================
Received Import Request.
  Time since last request: 0.000092 seconds.
  path: Assets/content/4_Characters/1_Birds/8_AquaBird 1/BodyParts/MainHand_Sword_04.png
  artifactKey: Guid(bb29baaf0d928044889e51ab7531f92d) Importer(2089858483,192608db42251d675da83286b1cce702)
Start importing Assets/content/4_Characters/1_Birds/8_AquaBird 1/BodyParts/MainHand_Sword_04.png using Guid(bb29baaf0d928044889e51ab7531f92d) Importer(2089858483,192608db42251d675da83286b1cce702) (ScriptedImporter) -> (artifact id: 'b243175aa402752a979deb010673a12d') in 0.0096045 seconds
Number of updated asset objects reloaded before import = 0Number of asset objects unloaded after import = 1

========================================================================
Received Import Request.
  Time since last request: 6.856835 seconds.
  path: Assets/content/4_Characters/1_Birds/9_PurpleBird
  artifactKey: Guid(365f029b8e2912449a174b3806d982f6) Importer(815301076,1909f56bfc062723c751e8b465ee728b)
Start importing Assets/content/4_Characters/1_Birds/9_PurpleBird using Guid(365f029b8e2912449a174b3806d982f6) Importer(815301076,1909f56bfc062723c751e8b465ee728b) (PreviewImporter) -> (artifact id: '13dd65e5917fe9ff3bf80f3d5bbcd2f5') in 0.0013664 seconds
Number of updated asset objects reloaded before import = 0Number of asset objects unloaded after import = 0

========================================================================
Received Import Request.
  Time since last request: 0.965633 seconds.
  path: Assets/content/4_Characters/1_Birds/9_PurpleBird/BodyParts
  artifactKey: Guid(faec81348cdc0c74d9c4d4f4140aacbb) Importer(2089858483,192608db42251d675da83286b1cce702)
Start importing Assets/content/4_Characters/1_Birds/9_PurpleBird/BodyParts using Guid(faec81348cdc0c74d9c4d4f4140aacbb) Importer(2089858483,192608db42251d675da83286b1cce702) (ScriptedImporter) -> (artifact id: '295c7fcb4fe0b3e65c534a703ba34ba6') in 0.0042521 seconds
Number of updated asset objects reloaded before import = 0Number of asset objects unloaded after import = 1

========================================================================
Received Import Request.
  Time since last request: 0.000066 seconds.
  path: Assets/content/4_Characters/1_Birds/9_PurpleBird/BodyParts/OffHand_Banner_06.png
  artifactKey: Guid(ed172b22aa963c941b3ab2fb0a69ebf8) Importer(2089858483,192608db42251d675da83286b1cce702)
Start importing Assets/content/4_Characters/1_Birds/9_PurpleBird/BodyParts/OffHand_Banner_06.png using Guid(ed172b22aa963c941b3ab2fb0a69ebf8) Importer(2089858483,192608db42251d675da83286b1cce702) (ScriptedImporter) -> (artifact id: 'ac89993bd9700a855e527fc052c5d9e3') in 0.0105936 seconds
Number of updated asset objects reloaded before import = 0Number of asset objects unloaded after import = 1

========================================================================
Received Import Request.
  Time since last request: 0.000064 seconds.
  path: Assets/content/4_Characters/1_Birds/9_PurpleBird/BodyParts/Beak_Damaged.png
  artifactKey: Guid(6eba5348c6fa6814bafff260fa090708) Importer(2089858483,192608db42251d675da83286b1cce702)
Start importing Assets/content/4_Characters/1_Birds/9_PurpleBird/BodyParts/Beak_Damaged.png using Guid(6eba5348c6fa6814bafff260fa090708) Importer(2089858483,192608db42251d675da83286b1cce702) (ScriptedImporter) -> (artifact id: '3fae25e0900b383256c459c88975edd2') in 0.0102551 seconds
Number of updated asset objects reloaded before import = 0Number of asset objects unloaded after import = 1

========================================================================
Received Import Request.
  Time since last request: 0.000081 seconds.
  path: Assets/content/4_Characters/1_Birds/9_PurpleBird
  artifactKey: Guid(365f029b8e2912449a174b3806d982f6) Importer(2089858483,192608db42251d675da83286b1cce702)
Start importing Assets/content/4_Characters/1_Birds/9_PurpleBird using Guid(365f029b8e2912449a174b3806d982f6) Importer(2089858483,192608db42251d675da83286b1cce702) (ScriptedImporter) -> (artifact id: 'd56ca2897417db7650cec67a52032378') in 0.0049146 seconds
Number of updated asset objects reloaded before import = 0Number of asset objects unloaded after import = 1

========================================================================
Received Import Request.
  Time since last request: 0.000116 seconds.
  path: Assets/content/4_Characters/1_Birds/9_PurpleBird/BodyParts/Tail.png
  artifactKey: Guid(d80a78c03c95b864296a3c31bd550845) Importer(2089858483,192608db42251d675da83286b1cce702)
Start importing Assets/content/4_Characters/1_Birds/9_PurpleBird/BodyParts/Tail.png using Guid(d80a78c03c95b864296a3c31bd550845) Importer(2089858483,192608db42251d675da83286b1cce702) (ScriptedImporter) -> (artifact id: '3acf9169607609e2617879f760e9c9ea') in 0.0118233 seconds
Number of updated asset objects reloaded before import = 0Number of asset objects unloaded after import = 1

========================================================================
Received Import Request.
  Time since last request: 0.000108 seconds.
  path: Assets/content/4_Characters/1_Birds/9_PurpleBird/BodyParts/MainHand_Red_Set_05.png
  artifactKey: Guid(6d9d5fd4e36a33b419439c0dcb03d061) Importer(2089858483,192608db42251d675da83286b1cce702)
Start importing Assets/content/4_Characters/1_Birds/9_PurpleBird/BodyParts/MainHand_Red_Set_05.png using Guid(6d9d5fd4e36a33b419439c0dcb03d061) Importer(2089858483,192608db42251d675da83286b1cce702) (ScriptedImporter) -> (artifact id: 'ee3a76fd4c2c7613735bec55bdc4e2bd') in 0.0109779 seconds
Number of updated asset objects reloaded before import = 0Number of asset objects unloaded after import = 1

========================================================================
Received Import Request.
  Time since last request: 0.000078 seconds.
  path: Assets/content/4_Characters/1_Birds/9_PurpleBird/BodyParts/Lid_Left_HalfOpen.png
  artifactKey: Guid(c5665806e22958241b168c7d42ea0d3d) Importer(2089858483,192608db42251d675da83286b1cce702)
Start importing Assets/content/4_Characters/1_Birds/9_PurpleBird/BodyParts/Lid_Left_HalfOpen.png using Guid(c5665806e22958241b168c7d42ea0d3d) Importer(2089858483,192608db42251d675da83286b1cce702) (ScriptedImporter) -> (artifact id: '40a14dc677bd0387a27fba47a407241e') in 0.0108625 seconds
Number of updated asset objects reloaded before import = 0Number of asset objects unloaded after import = 1

========================================================================
Received Import Request.
  Time since last request: 0.000078 seconds.
  path: Assets/content/4_Characters/1_Birds/9_PurpleBird/BodyParts/MainHand_Red_Set_02.png
  artifactKey: Guid(40d2dac1bcf7031439e9d70d50dbd90c) Importer(2089858483,192608db42251d675da83286b1cce702)
Start importing Assets/content/4_Characters/1_Birds/9_PurpleBird/BodyParts/MainHand_Red_Set_02.png using Guid(40d2dac1bcf7031439e9d70d50dbd90c) Importer(2089858483,192608db42251d675da83286b1cce702) (ScriptedImporter) -> (artifact id: '23d839e528bfb297dc8002edf4feac18') in 0.0242481 seconds
Number of updated asset objects reloaded before import = 0Number of asset objects unloaded after import = 1

========================================================================
Received Import Request.
  Time since last request: 0.000077 seconds.
  path: Assets/content/4_Characters/1_Birds/9_PurpleBird/BodyParts/Lid_Left_Upper.png
  artifactKey: Guid(69f4359dd77ff9a41ba1152550267fb9) Importer(2089858483,192608db42251d675da83286b1cce702)
Start importing Assets/content/4_Characters/1_Birds/9_PurpleBird/BodyParts/Lid_Left_Upper.png using Guid(69f4359dd77ff9a41ba1152550267fb9) Importer(2089858483,192608db42251d675da83286b1cce702) (ScriptedImporter) -> (artifact id: '242c339cb444e5ab7b54fc5c248dcdb1') in 0.0121594 seconds
Number of updated asset objects reloaded before import = 0Number of asset objects unloaded after import = 1

========================================================================
Received Import Request.
  Time since last request: 0.000093 seconds.
  path: Assets/content/4_Characters/1_Birds/9_PurpleBird/BodyParts/MainHand_Red_Set_06.png
  artifactKey: Guid(18825817decf98a4a93be58b6cbacad5) Importer(2089858483,192608db42251d675da83286b1cce702)
Start importing Assets/content/4_Characters/1_Birds/9_PurpleBird/BodyParts/MainHand_Red_Set_06.png using Guid(18825817decf98a4a93be58b6cbacad5) Importer(2089858483,192608db42251d675da83286b1cce702) (ScriptedImporter) -> (artifact id: 'a26f83dae70fe1e501d8946627cbb9ee') in 0.0118869 seconds
Number of updated asset objects reloaded before import = 0Number of asset objects unloaded after import = 1

========================================================================
Received Import Request.
  Time since last request: 0.000084 seconds.
  path: Assets/content/4_Characters/1_Birds/9_PurpleBird/BodyParts/MainHand_Sword_01.png
  artifactKey: Guid(9f6ea111e92b72443a91944b5de4eb4c) Importer(2089858483,192608db42251d675da83286b1cce702)
Start importing Assets/content/4_Characters/1_Birds/9_PurpleBird/BodyParts/MainHand_Sword_01.png using Guid(9f6ea111e92b72443a91944b5de4eb4c) Importer(2089858483,192608db42251d675da83286b1cce702) (ScriptedImporter) -> (artifact id: 'dfd43611bd5e0ccf5ab8d16d94044562') in 0.0106986 seconds
Number of updated asset objects reloaded before import = 0Number of asset objects unloaded after import = 1

========================================================================
Received Import Request.
  Time since last request: 0.000083 seconds.
  path: Assets/content/4_Characters/1_Birds/9_PurpleBird/BodyParts/OffHand_Red_Set_04.png
  artifactKey: Guid(df2a38272ff9ae74587cabb014dcec3b) Importer(2089858483,192608db42251d675da83286b1cce702)
Start importing Assets/content/4_Characters/1_Birds/9_PurpleBird/BodyParts/OffHand_Red_Set_04.png using Guid(df2a38272ff9ae74587cabb014dcec3b) Importer(2089858483,192608db42251d675da83286b1cce702) (ScriptedImporter) -> (artifact id: 'a3a608b7e104f174b609c87f3c3f1a38') in 0.0119672 seconds
Number of updated asset objects reloaded before import = 0Number of asset objects unloaded after import = 1

========================================================================
Received Import Request.
  Time since last request: 0.000205 seconds.
  path: Assets/content/4_Characters/1_Birds/9_PurpleBird/BodyParts/OffHand_Red_Set_01.png
  artifactKey: Guid(754d12939cec2084998a3d05c18bc2c2) Importer(2089858483,192608db42251d675da83286b1cce702)
Start importing Assets/content/4_Characters/1_Birds/9_PurpleBird/BodyParts/OffHand_Red_Set_01.png using Guid(754d12939cec2084998a3d05c18bc2c2) Importer(2089858483,192608db42251d675da83286b1cce702) (ScriptedImporter) -> (artifact id: '99229871d6a9f6c0814bd159077621a8') in 0.0101878 seconds
Number of updated asset objects reloaded before import = 0Number of asset objects unloaded after import = 1

========================================================================
Received Import Request.
  Time since last request: 0.000096 seconds.
  path: Assets/content/4_Characters/1_Birds/9_PurpleBird/BodyParts/Tail_Spread.png
  artifactKey: Guid(480bbff29ca09fd42a6be9a492ed6796) Importer(2089858483,192608db42251d675da83286b1cce702)
Start importing Assets/content/4_Characters/1_Birds/9_PurpleBird/BodyParts/Tail_Spread.png using Guid(480bbff29ca09fd42a6be9a492ed6796) Importer(2089858483,192608db42251d675da83286b1cce702) (ScriptedImporter) -> (artifact id: 'f171a4b21547cdf58ae782204ffb807d') in 0.0099815 seconds
Number of updated asset objects reloaded before import = 0Number of asset objects unloaded after import = 1

========================================================================
Received Import Request.
  Time since last request: 0.000110 seconds.
  path: Assets/content/4_Characters/1_Birds/9_PurpleBird/BodyParts/Lid_Right_Closed.png
  artifactKey: Guid(05c14c321e593a64c9cefc3d2161934f) Importer(2089858483,192608db42251d675da83286b1cce702)
Start importing Assets/content/4_Characters/1_Birds/9_PurpleBird/BodyParts/Lid_Right_Closed.png using Guid(05c14c321e593a64c9cefc3d2161934f) Importer(2089858483,192608db42251d675da83286b1cce702) (ScriptedImporter) -> (artifact id: '832f8fd623f11fbc3c27e1d2e7b89af8') in 0.0096035 seconds
Number of updated asset objects reloaded before import = 0Number of asset objects unloaded after import = 1

========================================================================
Received Import Request.
  Time since last request: 0.000104 seconds.
  path: Assets/content/4_Characters/1_Birds/9_PurpleBird/BodyParts/Headgear_SportsAvenger_Back.png
  artifactKey: Guid(d23463225e0cd92439bd027e7694a948) Importer(2089858483,192608db42251d675da83286b1cce702)
Start importing Assets/content/4_Characters/1_Birds/9_PurpleBird/BodyParts/Headgear_SportsAvenger_Back.png using Guid(d23463225e0cd92439bd027e7694a948) Importer(2089858483,192608db42251d675da83286b1cce702) (ScriptedImporter) -> (artifact id: 'a88f2039b1c24afd1be1210cd5cf9a54') in 0.0174493 seconds
Number of updated asset objects reloaded before import = 0Number of asset objects unloaded after import = 1

========================================================================
Received Import Request.
  Time since last request: 0.000091 seconds.
  path: Assets/content/4_Characters/1_Birds/9_PurpleBird/BodyParts/Hair.png
  artifactKey: Guid(471959e2e3cb1b7449617ccbe91d8124) Importer(2089858483,192608db42251d675da83286b1cce702)
Start importing Assets/content/4_Characters/1_Birds/9_PurpleBird/BodyParts/Hair.png using Guid(471959e2e3cb1b7449617ccbe91d8124) Importer(2089858483,192608db42251d675da83286b1cce702) (ScriptedImporter) -> (artifact id: '3407c9cc807d434b30ecfb60703366fe') in 0.0124203 seconds
Number of updated asset objects reloaded before import = 0Number of asset objects unloaded after import = 1

========================================================================
Received Import Request.
  Time since last request: 0.000125 seconds.
  path: Assets/content/4_Characters/1_Birds/9_PurpleBird/BodyParts/Eyebrow_Right.png
  artifactKey: Guid(c17fd6a4fa9b3b540a7736fe1ad50d77) Importer(2089858483,192608db42251d675da83286b1cce702)
Start importing Assets/content/4_Characters/1_Birds/9_PurpleBird/BodyParts/Eyebrow_Right.png using Guid(c17fd6a4fa9b3b540a7736fe1ad50d77) Importer(2089858483,192608db42251d675da83286b1cce702) (ScriptedImporter) -> (artifact id: 'a80e52baee2171c6a7af24eb0f4d6aff') in 0.0103167 seconds
Number of updated asset objects reloaded before import = 0Number of asset objects unloaded after import = 1

========================================================================
Received Import Request.
  Time since last request: 0.000080 seconds.
  path: Assets/content/4_Characters/1_Birds/9_PurpleBird/BodyParts/Eye_Left.png
  artifactKey: Guid(e739d9177d505104dbff8cd71a41596a) Importer(2089858483,192608db42251d675da83286b1cce702)
Start importing Assets/content/4_Characters/1_Birds/9_PurpleBird/BodyParts/Eye_Left.png using Guid(e739d9177d505104dbff8cd71a41596a) Importer(2089858483,192608db42251d675da83286b1cce702) (ScriptedImporter) -> (artifact id: '75bb59efa382e8be8ce3530ee1bced79') in 0.0104835 seconds
Number of updated asset objects reloaded before import = 0Number of asset objects unloaded after import = 1

========================================================================
Received Import Request.
  Time since last request: 0.000082 seconds.
  path: Assets/content/4_Characters/1_Birds/9_PurpleBird/BodyParts/Lid_Left_Squint.png
  artifactKey: Guid(5c5bdf1b57e09d14db5812f59ef3278e) Importer(2089858483,192608db42251d675da83286b1cce702)
Start importing Assets/content/4_Characters/1_Birds/9_PurpleBird/BodyParts/Lid_Left_Squint.png using Guid(5c5bdf1b57e09d14db5812f59ef3278e) Importer(2089858483,192608db42251d675da83286b1cce702) (ScriptedImporter) -> (artifact id: '7d07f540339d378eb3ecd92616181564') in 0.0139547 seconds
Number of updated asset objects reloaded before import = 0Number of asset objects unloaded after import = 1

========================================================================
Received Import Request.
  Time since last request: 0.000089 seconds.
  path: Assets/content/4_Characters/1_Birds/9_PurpleBird/BodyParts/Lid_Right_HalfOpen.png
  artifactKey: Guid(ddf2755ad5093024685ca45916493d80) Importer(2089858483,192608db42251d675da83286b1cce702)
Start importing Assets/content/4_Characters/1_Birds/9_PurpleBird/BodyParts/Lid_Right_HalfOpen.png using Guid(ddf2755ad5093024685ca45916493d80) Importer(2089858483,192608db42251d675da83286b1cce702) (ScriptedImporter) -> (artifact id: '181d9770833e22d37447d719d310d3c7') in 0.0107291 seconds
Number of updated asset objects reloaded before import = 0Number of asset objects unloaded after import = 1

========================================================================
Received Import Request.
  Time since last request: 0.000090 seconds.
  path: Assets/content/4_Characters/1_Birds/9_PurpleBird/BodyParts/MainHand_Sword_02.png
  artifactKey: Guid(64686415b93c15a409e505d585fbf54a) Importer(2089858483,192608db42251d675da83286b1cce702)
Start importing Assets/content/4_Characters/1_Birds/9_PurpleBird/BodyParts/MainHand_Sword_02.png using Guid(64686415b93c15a409e505d585fbf54a) Importer(2089858483,192608db42251d675da83286b1cce702) (ScriptedImporter) -> (artifact id: 'f3c85d4803541649c28ec4d414dfc9a8') in 0.0106289 seconds
Number of updated asset objects reloaded before import = 0Number of asset objects unloaded after import = 1

========================================================================
Received Import Request.
  Time since last request: 0.000086 seconds.
  path: Assets/content/4_Characters/1_Birds/9_PurpleBird/BodyParts/OffHand_Red_Set_03.png
  artifactKey: Guid(adf9528d1559e99469e32e1b23ba1e22) Importer(2089858483,192608db42251d675da83286b1cce702)
Start importing Assets/content/4_Characters/1_Birds/9_PurpleBird/BodyParts/OffHand_Red_Set_03.png using Guid(adf9528d1559e99469e32e1b23ba1e22) Importer(2089858483,192608db42251d675da83286b1cce702) (ScriptedImporter) -> (artifact id: '54f70aa9daca2277039557dd7460a3c3') in 0.0117982 seconds
Number of updated asset objects reloaded before import = 0Number of asset objects unloaded after import = 1

========================================================================
Received Import Request.
  Time since last request: 0.000085 seconds.
  path: Assets/content/4_Characters/1_Birds/9_PurpleBird/BodyParts/MainHand_Hammer_03.png
  artifactKey: Guid(873f270730a0901488499a86d33862c3) Importer(2089858483,192608db42251d675da83286b1cce702)
Start importing Assets/content/4_Characters/1_Birds/9_PurpleBird/BodyParts/MainHand_Hammer_03.png using Guid(873f270730a0901488499a86d33862c3) Importer(2089858483,192608db42251d675da83286b1cce702) (ScriptedImporter) -> (artifact id: '5a7b0353dce1bed87fc1497ce98330a8') in 0.0111184 seconds
Number of updated asset objects reloaded before import = 0Number of asset objects unloaded after import = 1

========================================================================
Received Import Request.
  Time since last request: 0.000098 seconds.
  path: Assets/content/4_Characters/1_Birds/9_PurpleBird/BodyParts/OffHand_Shield_06.png
  artifactKey: Guid(3f8ebf54304b7854e8a938caf5c75fe5) Importer(2089858483,192608db42251d675da83286b1cce702)
Start importing Assets/content/4_Characters/1_Birds/9_PurpleBird/BodyParts/OffHand_Shield_06.png using Guid(3f8ebf54304b7854e8a938caf5c75fe5) Importer(2089858483,192608db42251d675da83286b1cce702) (ScriptedImporter) -> (artifact id: '7f870e1c048cbbc11a9ed8edcaaed8d4') in 0.0104277 seconds
Number of updated asset objects reloaded before import = 0Number of asset objects unloaded after import = 1

========================================================================
Received Import Request.
  Time since last request: 0.000118 seconds.
  path: Assets/content/4_Characters/1_Birds/9_PurpleBird/BodyParts/Headgear_Ronin.png
  artifactKey: Guid(01cba88913c17fb4c802c53c038658e4) Importer(2089858483,192608db42251d675da83286b1cce702)
Start importing Assets/content/4_Characters/1_Birds/9_PurpleBird/BodyParts/Headgear_Ronin.png using Guid(01cba88913c17fb4c802c53c038658e4) Importer(2089858483,192608db42251d675da83286b1cce702) (ScriptedImporter) -> (artifact id: 'e0e7bc6eb10ac39894e181d1c77abeed') in 0.0124335 seconds
Number of updated asset objects reloaded before import = 0Number of asset objects unloaded after import = 1

========================================================================
Received Import Request.
  Time since last request: 0.000111 seconds.
  path: Assets/content/4_Characters/1_Birds/9_PurpleBird/BodyParts/Headgear_SportsAvenger.png
  artifactKey: Guid(75240701248918d49837031b14588cf1) Importer(2089858483,192608db42251d675da83286b1cce702)
Start importing Assets/content/4_Characters/1_Birds/9_PurpleBird/BodyParts/Headgear_SportsAvenger.png using Guid(75240701248918d49837031b14588cf1) Importer(2089858483,192608db42251d675da83286b1cce702) (ScriptedImporter) -> (artifact id: '5e2d34aafff492fd0d4a854f3abde5c6') in 0.0119628 seconds
Number of updated asset objects reloaded before import = 0Number of asset objects unloaded after import = 1

========================================================================
Received Import Request.
  Time since last request: 0.000087 seconds.
  path: Assets/content/4_Characters/1_Birds/9_PurpleBird/BodyParts/MainHand_Red_Set_01.png
  artifactKey: Guid(6f2012abcaafa2748bb35415698868bf) Importer(2089858483,192608db42251d675da83286b1cce702)
Start importing Assets/content/4_Characters/1_Birds/9_PurpleBird/BodyParts/MainHand_Red_Set_01.png using Guid(6f2012abcaafa2748bb35415698868bf) Importer(2089858483,192608db42251d675da83286b1cce702) (ScriptedImporter) -> (artifact id: 'bf6dd2971f8414d055d0517dd65fa0c8') in 0.0108392 seconds
Number of updated asset objects reloaded before import = 0Number of asset objects unloaded after import = 1

========================================================================
Received Import Request.
  Time since last request: 0.000074 seconds.
  path: Assets/content/4_Characters/1_Birds/9_PurpleBird/BodyParts/Headgear_SuperheroKnight_Back.png
  artifactKey: Guid(1e43f25c04d8071408dd68a56ce8139c) Importer(2089858483,192608db42251d675da83286b1cce702)
Start importing Assets/content/4_Characters/1_Birds/9_PurpleBird/BodyParts/Headgear_SuperheroKnight_Back.png using Guid(1e43f25c04d8071408dd68a56ce8139c) Importer(2089858483,192608db42251d675da83286b1cce702) (ScriptedImporter) -> (artifact id: '9f7e5b3cc88851944eb709407fcc5306') in 0.0113151 seconds
Number of updated asset objects reloaded before import = 0Number of asset objects unloaded after import = 1

========================================================================
Received Import Request.
  Time since last request: 0.000080 seconds.
  path: Assets/content/4_Characters/1_Birds/9_PurpleBird/BodyParts/Lid_Right_Squint.png
  artifactKey: Guid(2f4f2a7b4c7950848a74641a177a32c6) Importer(2089858483,192608db42251d675da83286b1cce702)
Start importing Assets/content/4_Characters/1_Birds/9_PurpleBird/BodyParts/Lid_Right_Squint.png using Guid(2f4f2a7b4c7950848a74641a177a32c6) Importer(2089858483,192608db42251d675da83286b1cce702) (ScriptedImporter) -> (artifact id: 'c1eb1bdcfbd10f074cee73617b90e3d9') in 0.011667 seconds
Number of updated asset objects reloaded before import = 0Number of asset objects unloaded after import = 1

========================================================================
Received Import Request.
  Time since last request: 0.000096 seconds.
  path: Assets/content/4_Characters/1_Birds/9_PurpleBird/BodyParts/Pupil_Left.png
  artifactKey: Guid(4ac8fdbc90d2c2d468e84512249711ec) Importer(2089858483,192608db42251d675da83286b1cce702)
Start importing Assets/content/4_Characters/1_Birds/9_PurpleBird/BodyParts/Pupil_Left.png using Guid(4ac8fdbc90d2c2d468e84512249711ec) Importer(2089858483,192608db42251d675da83286b1cce702) (ScriptedImporter) -> (artifact id: '1750af55ee4039681664effbc5a615fc') in 0.0099585 seconds
Number of updated asset objects reloaded before import = 0Number of asset objects unloaded after import = 1

========================================================================
Received Import Request.
  Time since last request: 0.000091 seconds.
  path: Assets/content/4_Characters/1_Birds/9_PurpleBird/BodyParts/Lid_Right_Upper.png
  artifactKey: Guid(5298065dde198b94688b09bc7c1dc314) Importer(2089858483,192608db42251d675da83286b1cce702)
Start importing Assets/content/4_Characters/1_Birds/9_PurpleBird/BodyParts/Lid_Right_Upper.png using Guid(5298065dde198b94688b09bc7c1dc314) Importer(2089858483,192608db42251d675da83286b1cce702) (ScriptedImporter) -> (artifact id: 'a8d312a8f79860948f6030ef462999e4') in 0.0109633 seconds
Number of updated asset objects reloaded before import = 0Number of asset objects unloaded after import = 1

========================================================================
Received Import Request.
  Time since last request: 0.000083 seconds.
  path: Assets/content/4_Characters/1_Birds/9_PurpleBird/BodyParts/MainHand_Sword_09.png
  artifactKey: Guid(218d2e01b701f2644af28d68ddd569df) Importer(2089858483,192608db42251d675da83286b1cce702)
Start importing Assets/content/4_Characters/1_Birds/9_PurpleBird/BodyParts/MainHand_Sword_09.png using Guid(218d2e01b701f2644af28d68ddd569df) Importer(2089858483,192608db42251d675da83286b1cce702) (ScriptedImporter) -> (artifact id: '236a23cdbedd818432602a6ceaa6ee0e') in 0.0103002 seconds
Number of updated asset objects reloaded before import = 0Number of asset objects unloaded after import = 1

========================================================================
Received Import Request.
  Time since last request: 0.000091 seconds.
  path: Assets/content/4_Characters/1_Birds/9_PurpleBird/BodyParts/MainHand_Sword_06.png
  artifactKey: Guid(29e3f282a07f95548884cf3def3c5b4b) Importer(2089858483,192608db42251d675da83286b1cce702)
Start importing Assets/content/4_Characters/1_Birds/9_PurpleBird/BodyParts/MainHand_Sword_06.png using Guid(29e3f282a07f95548884cf3def3c5b4b) Importer(2089858483,192608db42251d675da83286b1cce702) (ScriptedImporter) -> (artifact id: 'c3f6aee77c0bfae4ab2d2a6846ba586e') in 0.0111408 seconds
Number of updated asset objects reloaded before import = 0Number of asset objects unloaded after import = 1

========================================================================
Received Import Request.
  Time since last request: 0.000095 seconds.
  path: Assets/content/4_Characters/1_Birds/9_PurpleBird/BodyParts/OffHand_Banner_03.png
  artifactKey: Guid(ff162a5deadcc094d992a077cc51646d) Importer(2089858483,192608db42251d675da83286b1cce702)
Start importing Assets/content/4_Characters/1_Birds/9_PurpleBird/BodyParts/OffHand_Banner_03.png using Guid(ff162a5deadcc094d992a077cc51646d) Importer(2089858483,192608db42251d675da83286b1cce702) (ScriptedImporter) -> (artifact id: 'e6e5b4c0e31e038b5c98620374bb6243') in 0.0098164 seconds
Number of updated asset objects reloaded before import = 0Number of asset objects unloaded after import = 1

========================================================================
Received Import Request.
  Time since last request: 0.000113 seconds.
  path: Assets/content/4_Characters/1_Birds/9_PurpleBird/BodyParts/MainHand_Gaxe_01.png
  artifactKey: Guid(7541591a631a33f4fb9d8bc317e39e00) Importer(2089858483,192608db42251d675da83286b1cce702)
Start importing Assets/content/4_Characters/1_Birds/9_PurpleBird/BodyParts/MainHand_Gaxe_01.png using Guid(7541591a631a33f4fb9d8bc317e39e00) Importer(2089858483,192608db42251d675da83286b1cce702) (ScriptedImporter) -> (artifact id: '2ae27422af5021b4baf162cbe58d0a8f') in 0.0110206 seconds
Number of updated asset objects reloaded before import = 0Number of asset objects unloaded after import = 1

========================================================================
Received Import Request.
  Time since last request: 0.000068 seconds.
  path: Assets/content/4_Characters/1_Birds/9_PurpleBird/BodyParts/Beak_Open.png
  artifactKey: Guid(5f1198fd971803849b88d31164099aec) Importer(2089858483,192608db42251d675da83286b1cce702)
Start importing Assets/content/4_Characters/1_Birds/9_PurpleBird/BodyParts/Beak_Open.png using Guid(5f1198fd971803849b88d31164099aec) Importer(2089858483,192608db42251d675da83286b1cce702) (ScriptedImporter) -> (artifact id: '933b9d5a5d792663df48a3da5b4007fb') in 0.0124456 seconds
Number of updated asset objects reloaded before import = 0Number of asset objects unloaded after import = 1

========================================================================
Received Import Request.
  Time since last request: 0.000090 seconds.
  path: Assets/content/4_Characters/1_Birds/9_PurpleBird/BodyParts/OffHand_Banner_01.png
  artifactKey: Guid(bd9e3e3f77cecba4b98036531664070d) Importer(2089858483,192608db42251d675da83286b1cce702)
Start importing Assets/content/4_Characters/1_Birds/9_PurpleBird/BodyParts/OffHand_Banner_01.png using Guid(bd9e3e3f77cecba4b98036531664070d) Importer(2089858483,192608db42251d675da83286b1cce702) (ScriptedImporter) -> (artifact id: '50c5d9cb30337a72b5bb1e6abc91d660') in 0.0101903 seconds
Number of updated asset objects reloaded before import = 0Number of asset objects unloaded after import = 1

========================================================================
Received Import Request.
  Time since last request: 0.000079 seconds.
  path: Assets/content/4_Characters/1_Birds/9_PurpleBird/BodyParts/OffHand_Shield_07.png
  artifactKey: Guid(be4abebf678252543bd66d725860ce79) Importer(2089858483,192608db42251d675da83286b1cce702)
Start importing Assets/content/4_Characters/1_Birds/9_PurpleBird/BodyParts/OffHand_Shield_07.png using Guid(be4abebf678252543bd66d725860ce79) Importer(2089858483,192608db42251d675da83286b1cce702) (ScriptedImporter) -> (artifact id: '86d3253a418563fcd8400cdea722623e') in 0.0110647 seconds
Number of updated asset objects reloaded before import = 0Number of asset objects unloaded after import = 1

========================================================================
Received Import Request.
  Time since last request: 0.000085 seconds.
  path: Assets/content/4_Characters/1_Birds/9_PurpleBird/BodyParts/MainHand_Hammer_08.png
  artifactKey: Guid(f47fd280b0656cd478f35c236c0c3062) Importer(2089858483,192608db42251d675da83286b1cce702)
Start importing Assets/content/4_Characters/1_Birds/9_PurpleBird/BodyParts/MainHand_Hammer_08.png using Guid(f47fd280b0656cd478f35c236c0c3062) Importer(2089858483,192608db42251d675da83286b1cce702) (ScriptedImporter) -> (artifact id: '6040e3dbed9a2758031bfc8fd30622fc') in 0.0116879 seconds
Number of updated asset objects reloaded before import = 0Number of asset objects unloaded after import = 1

========================================================================
Received Import Request.
  Time since last request: 0.000086 seconds.
  path: Assets/content/4_Characters/1_Birds/9_PurpleBird/BodyParts/MainHand_Hammer_09.png
  artifactKey: Guid(84d6210a3a2c1974d9e86c87c7bb81f2) Importer(2089858483,192608db42251d675da83286b1cce702)
Start importing Assets/content/4_Characters/1_Birds/9_PurpleBird/BodyParts/MainHand_Hammer_09.png using Guid(84d6210a3a2c1974d9e86c87c7bb81f2) Importer(2089858483,192608db42251d675da83286b1cce702) (ScriptedImporter) -> (artifact id: 'd97e9b6e9e25d8a0aadcf539d58b28b5') in 0.0105659 seconds
Number of updated asset objects reloaded before import = 0Number of asset objects unloaded after import = 1

========================================================================
Received Import Request.
  Time since last request: 0.000066 seconds.
  path: Assets/content/4_Characters/1_Birds/9_PurpleBird/BodyParts/Eyebrow_Left.png
  artifactKey: Guid(977c034c091ffab4c87b65071574d7be) Importer(2089858483,192608db42251d675da83286b1cce702)
Start importing Assets/content/4_Characters/1_Birds/9_PurpleBird/BodyParts/Eyebrow_Left.png using Guid(977c034c091ffab4c87b65071574d7be) Importer(2089858483,192608db42251d675da83286b1cce702) (ScriptedImporter) -> (artifact id: '065434fb03c8a7ee0103a0b43f8832ff') in 0.0112249 seconds
Number of updated asset objects reloaded before import = 0Number of asset objects unloaded after import = 1

========================================================================
Received Import Request.
  Time since last request: 0.000091 seconds.
  path: Assets/content/4_Characters/1_Birds/9_PurpleBird/BodyParts/Pupil_Right.png
  artifactKey: Guid(700bd64ab6ca2584b82db04c008f49fe) Importer(2089858483,192608db42251d675da83286b1cce702)
Start importing Assets/content/4_Characters/1_Birds/9_PurpleBird/BodyParts/Pupil_Right.png using Guid(700bd64ab6ca2584b82db04c008f49fe) Importer(2089858483,192608db42251d675da83286b1cce702) (ScriptedImporter) -> (artifact id: '500887fd532ce9538a147f3a3bb6a120') in 0.0248826 seconds
Number of updated asset objects reloaded before import = 0Number of asset objects unloaded after import = 1

========================================================================
Received Import Request.
  Time since last request: 0.000075 seconds.
  path: Assets/content/4_Characters/1_Birds/9_PurpleBird/BodyParts/Headgear_StoneGuard_Back.png
  artifactKey: Guid(ab24668af80bd0542a4fa5c7bd955935) Importer(2089858483,192608db42251d675da83286b1cce702)
Start importing Assets/content/4_Characters/1_Birds/9_PurpleBird/BodyParts/Headgear_StoneGuard_Back.png using Guid(ab24668af80bd0542a4fa5c7bd955935) Importer(2089858483,192608db42251d675da83286b1cce702) (ScriptedImporter) -> (artifact id: 'ea8a0f94c22a57671f3d831a7bf68503') in 0.01243 seconds
Number of updated asset objects reloaded before import = 0Number of asset objects unloaded after import = 1

========================================================================
Received Import Request.
  Time since last request: 0.000101 seconds.
  path: Assets/content/4_Characters/1_Birds/9_PurpleBird/BodyParts/Beak_Happy.png
  artifactKey: Guid(0680be7f62a37b046a68ed1b6e3a4859) Importer(2089858483,192608db42251d675da83286b1cce702)
Start importing Assets/content/4_Characters/1_Birds/9_PurpleBird/BodyParts/Beak_Happy.png using Guid(0680be7f62a37b046a68ed1b6e3a4859) Importer(2089858483,192608db42251d675da83286b1cce702) (ScriptedImporter) -> (artifact id: 'c5f4f78247e85a992202d7a901544051') in 0.0125292 seconds
Number of updated asset objects reloaded before import = 0Number of asset objects unloaded after import = 1

========================================================================
Received Import Request.
  Time since last request: 0.000104 seconds.
  path: Assets/content/4_Characters/1_Birds/9_PurpleBird/BodyParts/Shadow.png
  artifactKey: Guid(08ea2c7332fe5de4a990d1ba8d733366) Importer(2089858483,192608db42251d675da83286b1cce702)
Start importing Assets/content/4_Characters/1_Birds/9_PurpleBird/BodyParts/Shadow.png using Guid(08ea2c7332fe5de4a990d1ba8d733366) Importer(2089858483,192608db42251d675da83286b1cce702) (ScriptedImporter) -> (artifact id: '309ea4bb942269b3e3a927575d3b65f9') in 0.0130566 seconds
Number of updated asset objects reloaded before import = 0Number of asset objects unloaded after import = 1

========================================================================
Received Import Request.
  Time since last request: 0.000078 seconds.
  path: Assets/content/4_Characters/1_Birds/9_PurpleBird/BodyParts/MainHand_Lance_08.png
  artifactKey: Guid(2908b2a307313ed468b709b42579a435) Importer(2089858483,192608db42251d675da83286b1cce702)
Start importing Assets/content/4_Characters/1_Birds/9_PurpleBird/BodyParts/MainHand_Lance_08.png using Guid(2908b2a307313ed468b709b42579a435) Importer(2089858483,192608db42251d675da83286b1cce702) (ScriptedImporter) -> (artifact id: 'dfb8ec8bdb6f5fdae6c09fcb513a8f55') in 0.0124173 seconds
Number of updated asset objects reloaded before import = 0Number of asset objects unloaded after import = 1

========================================================================
Received Import Request.
  Time since last request: 0.000075 seconds.
  path: Assets/content/4_Characters/1_Birds/9_PurpleBird/BodyParts/Headgear_Samurai_Back.png
  artifactKey: Guid(65d78d4713d42394bb8b19c726ede0a0) Importer(2089858483,192608db42251d675da83286b1cce702)
Start importing Assets/content/4_Characters/1_Birds/9_PurpleBird/BodyParts/Headgear_Samurai_Back.png using Guid(65d78d4713d42394bb8b19c726ede0a0) Importer(2089858483,192608db42251d675da83286b1cce702) (ScriptedImporter) -> (artifact id: 'f5dc9756dc3fb19deeee0a809d98b600') in 0.0111261 seconds
Number of updated asset objects reloaded before import = 0Number of asset objects unloaded after import = 1

========================================================================
Received Import Request.
  Time since last request: 0.000068 seconds.
  path: Assets/content/4_Characters/1_Birds/9_PurpleBird/BodyParts/Beak_Taunt.png
  artifactKey: Guid(c13547004f424d34482b4325917a0bd9) Importer(2089858483,192608db42251d675da83286b1cce702)
Start importing Assets/content/4_Characters/1_Birds/9_PurpleBird/BodyParts/Beak_Taunt.png using Guid(c13547004f424d34482b4325917a0bd9) Importer(2089858483,192608db42251d675da83286b1cce702) (ScriptedImporter) -> (artifact id: 'b4bec4eb87775b2df613c6fcc155d9ff') in 0.0116073 seconds
Number of updated asset objects reloaded before import = 0Number of asset objects unloaded after import = 1

========================================================================
Received Import Request.
  Time since last request: 0.000108 seconds.
  path: Assets/content/4_Characters/1_Birds/9_PurpleBird/BodyParts/Headgear_StoneGuard.png
  artifactKey: Guid(418435e221220284ab1cd2956f8d3386) Importer(2089858483,192608db42251d675da83286b1cce702)
Start importing Assets/content/4_Characters/1_Birds/9_PurpleBird/BodyParts/Headgear_StoneGuard.png using Guid(418435e221220284ab1cd2956f8d3386) Importer(2089858483,192608db42251d675da83286b1cce702) (ScriptedImporter) -> (artifact id: '67e329123662c88972bbdbb5671720c1') in 0.0105113 seconds
Number of updated asset objects reloaded before import = 0Number of asset objects unloaded after import = 1

========================================================================
Received Import Request.
  Time since last request: 0.000123 seconds.
  path: Assets/content/4_Characters/1_Birds/9_PurpleBird/BodyParts/OffHand_Red_Set_02.png
  artifactKey: Guid(e9b10b85e3e774347a60f835b9c20a69) Importer(2089858483,192608db42251d675da83286b1cce702)
Start importing Assets/content/4_Characters/1_Birds/9_PurpleBird/BodyParts/OffHand_Red_Set_02.png using Guid(e9b10b85e3e774347a60f835b9c20a69) Importer(2089858483,192608db42251d675da83286b1cce702) (ScriptedImporter) -> (artifact id: 'd26118fe130bdd0a492ea6b999a3e59a') in 0.0135845 seconds
Number of updated asset objects reloaded before import = 0Number of asset objects unloaded after import = 1

========================================================================
Received Import Request.
  Time since last request: 0.000085 seconds.
  path: Assets/content/4_Characters/1_Birds/9_PurpleBird/BodyParts/Body.png
  artifactKey: Guid(64cf7b488ce2b674588af03ab4ec4b11) Importer(2089858483,192608db42251d675da83286b1cce702)
Start importing Assets/content/4_Characters/1_Birds/9_PurpleBird/BodyParts/Body.png using Guid(64cf7b488ce2b674588af03ab4ec4b11) Importer(2089858483,192608db42251d675da83286b1cce702) (ScriptedImporter) -> (artifact id: 'e034f5e40eb16cc116a89b8867903476') in 0.0111031 seconds
Number of updated asset objects reloaded before import = 0Number of asset objects unloaded after import = 1

========================================================================
Received Import Request.
  Time since last request: 0.000087 seconds.
  path: Assets/content/4_Characters/1_Birds/9_PurpleBird/BodyParts/OffHand_Shield_03.png
  artifactKey: Guid(279a3fa888807b444a4915a8fda0dce3) Importer(2089858483,192608db42251d675da83286b1cce702)
Start importing Assets/content/4_Characters/1_Birds/9_PurpleBird/BodyParts/OffHand_Shield_03.png using Guid(279a3fa888807b444a4915a8fda0dce3) Importer(2089858483,192608db42251d675da83286b1cce702) (ScriptedImporter) -> (artifact id: 'd77f471e6f8aee29567f3bd4497161d9') in 0.0117112 seconds
Number of updated asset objects reloaded before import = 0Number of asset objects unloaded after import = 1

========================================================================
Received Import Request.
  Time since last request: 0.000095 seconds.
  path: Assets/content/4_Characters/1_Birds/9_PurpleBird/BodyParts/MainHand_Lance_07.png
  artifactKey: Guid(78f1392c592451f408e7f5e3b03994da) Importer(2089858483,192608db42251d675da83286b1cce702)
Start importing Assets/content/4_Characters/1_Birds/9_PurpleBird/BodyParts/MainHand_Lance_07.png using Guid(78f1392c592451f408e7f5e3b03994da) Importer(2089858483,192608db42251d675da83286b1cce702) (ScriptedImporter) -> (artifact id: '42854acbafc06dd0b64b2c82b0f9c981') in 0.011977 seconds
Number of updated asset objects reloaded before import = 0Number of asset objects unloaded after import = 1

========================================================================
Received Import Request.
  Time since last request: 0.000094 seconds.
  path: Assets/content/4_Characters/1_Birds/9_PurpleBird/BodyParts/Headgear_Captivator_Back.png
  artifactKey: Guid(9af95a34d1a2c0740a91b7d69e3aed74) Importer(2089858483,192608db42251d675da83286b1cce702)
Start importing Assets/content/4_Characters/1_Birds/9_PurpleBird/BodyParts/Headgear_Captivator_Back.png using Guid(9af95a34d1a2c0740a91b7d69e3aed74) Importer(2089858483,192608db42251d675da83286b1cce702) (ScriptedImporter) -> (artifact id: '0443d28485552932d45968b620bf3b2f') in 0.0118311 seconds
Number of updated asset objects reloaded before import = 0Number of asset objects unloaded after import = 1

========================================================================
Received Import Request.
  Time since last request: 0.000067 seconds.
  path: Assets/content/4_Characters/1_Birds/9_PurpleBird/BodyParts/OffHand_Shield_05.png
  artifactKey: Guid(cdeacd3b9a6d8364b99c3f902d4cecf4) Importer(2089858483,192608db42251d675da83286b1cce702)
Start importing Assets/content/4_Characters/1_Birds/9_PurpleBird/BodyParts/OffHand_Shield_05.png using Guid(cdeacd3b9a6d8364b99c3f902d4cecf4) Importer(2089858483,192608db42251d675da83286b1cce702) (ScriptedImporter) -> (artifact id: 'fd998a62843d9a20a07a39abff7d599f') in 0.0108637 seconds
Number of updated asset objects reloaded before import = 0Number of asset objects unloaded after import = 1

========================================================================
Received Import Request.
  Time since last request: 0.000098 seconds.
  path: Assets/content/4_Characters/1_Birds/9_PurpleBird/BodyParts/MainHand_Lance_09.png
  artifactKey: Guid(d0e15cab6c2e0ad44acb4ab41050d607) Importer(2089858483,192608db42251d675da83286b1cce702)
Start importing Assets/content/4_Characters/1_Birds/9_PurpleBird/BodyParts/MainHand_Lance_09.png using Guid(d0e15cab6c2e0ad44acb4ab41050d607) Importer(2089858483,192608db42251d675da83286b1cce702) (ScriptedImporter) -> (artifact id: 'af89ec38e0cf7c9d6ba2cd0930ab8513') in 0.009369 seconds
Number of updated asset objects reloaded before import = 0Number of asset objects unloaded after import = 1

========================================================================
Received Import Request.
  Time since last request: 0.000075 seconds.
  path: Assets/content/4_Characters/1_Birds/9_PurpleBird/BodyParts/Eye_Special.png
  artifactKey: Guid(e5fb2231935c3af46a594fcb92b85480) Importer(2089858483,192608db42251d675da83286b1cce702)
Start importing Assets/content/4_Characters/1_Birds/9_PurpleBird/BodyParts/Eye_Special.png using Guid(e5fb2231935c3af46a594fcb92b85480) Importer(2089858483,192608db42251d675da83286b1cce702) (ScriptedImporter) -> (artifact id: 'bd9c69701d8da1aefd60c2c777a4b8ab') in 0.0110345 seconds
Number of updated asset objects reloaded before import = 0Number of asset objects unloaded after import = 1

========================================================================
Received Import Request.
  Time since last request: 0.000102 seconds.
  path: Assets/content/4_Characters/1_Birds/9_PurpleBird/BodyParts/MainHand_Lance_01.png
  artifactKey: Guid(6eadf2e0b510bf144b32657de3f25e92) Importer(2089858483,192608db42251d675da83286b1cce702)
Start importing Assets/content/4_Characters/1_Birds/9_PurpleBird/BodyParts/MainHand_Lance_01.png using Guid(6eadf2e0b510bf144b32657de3f25e92) Importer(2089858483,192608db42251d675da83286b1cce702) (ScriptedImporter) -> (artifact id: '4cc8b81c1ba8106683b238a42403b51a') in 0.0327911 seconds
Number of updated asset objects reloaded before import = 0Number of asset objects unloaded after import = 1

========================================================================
Received Import Request.
  Time since last request: 0.000092 seconds.
  path: Assets/content/4_Characters/1_Birds/9_PurpleBird/BodyParts/OffHand_Banner_05.png
  artifactKey: Guid(1d30c319c23fe164e9c72a552f9950f6) Importer(2089858483,192608db42251d675da83286b1cce702)
Start importing Assets/content/4_Characters/1_Birds/9_PurpleBird/BodyParts/OffHand_Banner_05.png using Guid(1d30c319c23fe164e9c72a552f9950f6) Importer(2089858483,192608db42251d675da83286b1cce702) (ScriptedImporter) -> (artifact id: '8a0b3683bdfbf093c1adffaa55986bfc') in 0.0108572 seconds
Number of updated asset objects reloaded before import = 0Number of asset objects unloaded after import = 1

========================================================================
Received Import Request.
  Time since last request: 0.000100 seconds.
  path: Assets/content/4_Characters/1_Birds/9_PurpleBird/BodyParts/Headgear_Knight_Back.png
  artifactKey: Guid(87fd3af3715395b40b1ce8cfe9286ffd) Importer(2089858483,192608db42251d675da83286b1cce702)
Start importing Assets/content/4_Characters/1_Birds/9_PurpleBird/BodyParts/Headgear_Knight_Back.png using Guid(87fd3af3715395b40b1ce8cfe9286ffd) Importer(2089858483,192608db42251d675da83286b1cce702) (ScriptedImporter) -> (artifact id: '3e0ff6e4e040a037a70135ec786cf155') in 0.0134358 seconds
Number of updated asset objects reloaded before import = 0Number of asset objects unloaded after import = 1

========================================================================
Received Import Request.
  Time since last request: 0.000090 seconds.
  path: Assets/content/4_Characters/1_Birds/9_PurpleBird/BodyParts/MainHand_Hammer_05.png
  artifactKey: Guid(9e38af7ac3ef0824fadafa5778f72c26) Importer(2089858483,192608db42251d675da83286b1cce702)
Start importing Assets/content/4_Characters/1_Birds/9_PurpleBird/BodyParts/MainHand_Hammer_05.png using Guid(9e38af7ac3ef0824fadafa5778f72c26) Importer(2089858483,192608db42251d675da83286b1cce702) (ScriptedImporter) -> (artifact id: '205d9e2389120839475ce943c7131c53') in 0.0101151 seconds
Number of updated asset objects reloaded before import = 0Number of asset objects unloaded after import = 1

========================================================================
Received Import Request.
  Time since last request: 0.000104 seconds.
  path: Assets/content/4_Characters/1_Birds/9_PurpleBird/BodyParts/MainHand_Sword_07.png
  artifactKey: Guid(410d576719efc6d43bc708fd957e4327) Importer(2089858483,192608db42251d675da83286b1cce702)
Start importing Assets/content/4_Characters/1_Birds/9_PurpleBird/BodyParts/MainHand_Sword_07.png using Guid(410d576719efc6d43bc708fd957e4327) Importer(2089858483,192608db42251d675da83286b1cce702) (ScriptedImporter) -> (artifact id: 'b563494d2b7817f31d4f4a7c0abc26a9') in 0.0107851 seconds
Number of updated asset objects reloaded before import = 0Number of asset objects unloaded after import = 1

========================================================================
Received Import Request.
  Time since last request: 0.000053 seconds.
  path: Assets/content/4_Characters/1_Birds/9_PurpleBird/BodyParts/Headgear_Captivator.png
  artifactKey: Guid(fdfe60f01295b904f9a72175f9fd3aff) Importer(2089858483,192608db42251d675da83286b1cce702)
Start importing Assets/content/4_Characters/1_Birds/9_PurpleBird/BodyParts/Headgear_Captivator.png using Guid(fdfe60f01295b904f9a72175f9fd3aff) Importer(2089858483,192608db42251d675da83286b1cce702) (ScriptedImporter) -> (artifact id: '899f3a903a0bfd702a82e50352821fe4') in 0.0099178 seconds
Number of updated asset objects reloaded before import = 0Number of asset objects unloaded after import = 1

========================================================================
Received Import Request.
  Time since last request: 0.000085 seconds.
  path: Assets/content/4_Characters/1_Birds/9_PurpleBird/BodyParts/Headgear_ScifiSamurai.png
  artifactKey: Guid(6f1ac4e121c7fb243b3bd3c5723ecfb8) Importer(2089858483,192608db42251d675da83286b1cce702)
Start importing Assets/content/4_Characters/1_Birds/9_PurpleBird/BodyParts/Headgear_ScifiSamurai.png using Guid(6f1ac4e121c7fb243b3bd3c5723ecfb8) Importer(2089858483,192608db42251d675da83286b1cce702) (ScriptedImporter) -> (artifact id: '4effa206305d388c27043c18be0ca743') in 0.0098901 seconds
Number of updated asset objects reloaded before import = 0Number of asset objects unloaded after import = 1

========================================================================
Received Import Request.
  Time since last request: 0.000092 seconds.
  path: Assets/content/4_Characters/1_Birds/9_PurpleBird/BodyParts/OffHand_Shield_04.png
  artifactKey: Guid(84d16956a9581a34e9c2679c39c35cd6) Importer(2089858483,192608db42251d675da83286b1cce702)
Start importing Assets/content/4_Characters/1_Birds/9_PurpleBird/BodyParts/OffHand_Shield_04.png using Guid(84d16956a9581a34e9c2679c39c35cd6) Importer(2089858483,192608db42251d675da83286b1cce702) (ScriptedImporter) -> (artifact id: '81e7bf34068797f3ad60d750b21a4958') in 0.0108081 seconds
Number of updated asset objects reloaded before import = 0Number of asset objects unloaded after import = 1

========================================================================
Received Import Request.
  Time since last request: 0.000065 seconds.
  path: Assets/content/4_Characters/1_Birds/9_PurpleBird/BodyParts/Lid_Left_Closed.png
  artifactKey: Guid(06b269f28cbadcf4d85841225eafb2eb) Importer(2089858483,192608db42251d675da83286b1cce702)
Start importing Assets/content/4_Characters/1_Birds/9_PurpleBird/BodyParts/Lid_Left_Closed.png using Guid(06b269f28cbadcf4d85841225eafb2eb) Importer(2089858483,192608db42251d675da83286b1cce702) (ScriptedImporter) -> (artifact id: '5a45f6d4c405cf4fa759ee93a3ef8c9c') in 0.0110485 seconds
Number of updated asset objects reloaded before import = 0Number of asset objects unloaded after import = 1

========================================================================
Received Import Request.
  Time since last request: 0.000109 seconds.
  path: Assets/content/4_Characters/1_Birds/9_PurpleBird/BodyParts/Headgear_Knight.png
  artifactKey: Guid(7698575ab0c5a224eb4d48472e90306c) Importer(2089858483,192608db42251d675da83286b1cce702)
Start importing Assets/content/4_Characters/1_Birds/9_PurpleBird/BodyParts/Headgear_Knight.png using Guid(7698575ab0c5a224eb4d48472e90306c) Importer(2089858483,192608db42251d675da83286b1cce702) (ScriptedImporter) -> (artifact id: '2471f843954404051365d5343e2e6b38') in 0.0115557 seconds
Number of updated asset objects reloaded before import = 0Number of asset objects unloaded after import = 1

========================================================================
Received Import Request.
  Time since last request: 0.000095 seconds.
  path: Assets/content/4_Characters/1_Birds/9_PurpleBird/BodyParts/OffHand_Red_Set_05.png
  artifactKey: Guid(35fa4220c537f8442a8ced10c004b508) Importer(2089858483,192608db42251d675da83286b1cce702)
Start importing Assets/content/4_Characters/1_Birds/9_PurpleBird/BodyParts/OffHand_Red_Set_05.png using Guid(35fa4220c537f8442a8ced10c004b508) Importer(2089858483,192608db42251d675da83286b1cce702) (ScriptedImporter) -> (artifact id: '4cec3ed7ba1345f8c1837f085a59bb94') in 0.0114736 seconds
Number of updated asset objects reloaded before import = 0Number of asset objects unloaded after import = 1

========================================================================
Received Import Request.
  Time since last request: 0.000101 seconds.
  path: Assets/content/4_Characters/1_Birds/9_PurpleBird/BodyParts/MainHand_Lance_06.png
  artifactKey: Guid(9cb5bd92ad2441e41b3bc3ef26280792) Importer(2089858483,192608db42251d675da83286b1cce702)
Start importing Assets/content/4_Characters/1_Birds/9_PurpleBird/BodyParts/MainHand_Lance_06.png using Guid(9cb5bd92ad2441e41b3bc3ef26280792) Importer(2089858483,192608db42251d675da83286b1cce702) (ScriptedImporter) -> (artifact id: '86923d5f3925ee819f3b65a189acbcaf') in 0.010122 seconds
Number of updated asset objects reloaded before import = 0Number of asset objects unloaded after import = 1

========================================================================
Received Import Request.
  Time since last request: 0.000092 seconds.
  path: Assets/content/4_Characters/1_Birds/9_PurpleBird/BodyParts/Headgear_Ronin_Back.png
  artifactKey: Guid(37ae2816cbee1ca41a7c7c90ce4df5ad) Importer(2089858483,192608db42251d675da83286b1cce702)
Start importing Assets/content/4_Characters/1_Birds/9_PurpleBird/BodyParts/Headgear_Ronin_Back.png using Guid(37ae2816cbee1ca41a7c7c90ce4df5ad) Importer(2089858483,192608db42251d675da83286b1cce702) (ScriptedImporter) -> (artifact id: '42942a58ff697aae62bf99115aa41ee9') in 0.0109391 seconds
Number of updated asset objects reloaded before import = 0Number of asset objects unloaded after import = 1

========================================================================
Received Import Request.
  Time since last request: 0.000093 seconds.
  path: Assets/content/4_Characters/1_Birds/9_PurpleBird/BodyParts/MainHand_Lance_04.png
  artifactKey: Guid(0570c685851b32449a4fa6a567748639) Importer(2089858483,192608db42251d675da83286b1cce702)
Start importing Assets/content/4_Characters/1_Birds/9_PurpleBird/BodyParts/MainHand_Lance_04.png using Guid(0570c685851b32449a4fa6a567748639) Importer(2089858483,192608db42251d675da83286b1cce702) (ScriptedImporter) -> (artifact id: 'aaeec47400077b86c812b244e92f8ae3') in 0.012378 seconds
Number of updated asset objects reloaded before import = 0Number of asset objects unloaded after import = 1

========================================================================
Received Import Request.
  Time since last request: 0.000085 seconds.
  path: Assets/content/4_Characters/1_Birds/9_PurpleBird/BodyParts/Headgear_ScifiSamurai_Back.png
  artifactKey: Guid(20cba5d4746f0ef4ebd6652c02c666a5) Importer(2089858483,192608db42251d675da83286b1cce702)
Start importing Assets/content/4_Characters/1_Birds/9_PurpleBird/BodyParts/Headgear_ScifiSamurai_Back.png using Guid(20cba5d4746f0ef4ebd6652c02c666a5) Importer(2089858483,192608db42251d675da83286b1cce702) (ScriptedImporter) -> (artifact id: 'd5c98a28c62b663f71ae287ad83f425f') in 0.0108893 seconds
Number of updated asset objects reloaded before import = 0Number of asset objects unloaded after import = 1

========================================================================
Received Import Request.
  Time since last request: 0.000071 seconds.
  path: Assets/content/4_Characters/1_Birds/9_PurpleBird/BodyParts/Eyebrow_Left_Edgy.png
  artifactKey: Guid(291979aebe2b1ed43b9e9ffcd962e7fb) Importer(2089858483,192608db42251d675da83286b1cce702)
Start importing Assets/content/4_Characters/1_Birds/9_PurpleBird/BodyParts/Eyebrow_Left_Edgy.png using Guid(291979aebe2b1ed43b9e9ffcd962e7fb) Importer(2089858483,192608db42251d675da83286b1cce702) (ScriptedImporter) -> (artifact id: '33d79ca7456a8cd8a10a135fd58a2db3') in 0.0112881 seconds
Number of updated asset objects reloaded before import = 0Number of asset objects unloaded after import = 1

========================================================================
Received Import Request.
  Time since last request: 0.000147 seconds.
  path: Assets/content/4_Characters/1_Birds/9_PurpleBird/BodyParts/OffHand_Banner_08.png
  artifactKey: Guid(701d2a9896edeb74d8713c703e359b7a) Importer(2089858483,192608db42251d675da83286b1cce702)
Start importing Assets/content/4_Characters/1_Birds/9_PurpleBird/BodyParts/OffHand_Banner_08.png using Guid(701d2a9896edeb74d8713c703e359b7a) Importer(2089858483,192608db42251d675da83286b1cce702) (ScriptedImporter) -> (artifact id: '13dd829904517094e81352af1f7cb45b') in 0.0109565 seconds
Number of updated asset objects reloaded before import = 0Number of asset objects unloaded after import = 1

========================================================================
Received Import Request.
  Time since last request: 0.000024 seconds.
  path: Assets/content/4_Characters/1_Birds/9_PurpleBird/BodyParts/Headgear_Paladin.png
  artifactKey: Guid(069638b98f60e9e41bcc13adea6815a1) Importer(2089858483,192608db42251d675da83286b1cce702)
Start importing Assets/content/4_Characters/1_Birds/9_PurpleBird/BodyParts/Headgear_Paladin.png using Guid(069638b98f60e9e41bcc13adea6815a1) Importer(2089858483,192608db42251d675da83286b1cce702) (ScriptedImporter) -> (artifact id: '336786700df6a6ae18599dca022976e4') in 0.0325205 seconds
Number of updated asset objects reloaded before import = 0Number of asset objects unloaded after import = 1

========================================================================
Received Import Request.
  Time since last request: 0.000085 seconds.
  path: Assets/content/4_Characters/1_Birds/9_PurpleBird/BodyParts/MainHand_Hammer_07.png
  artifactKey: Guid(166834f3f43578843990ad559a9741f1) Importer(2089858483,192608db42251d675da83286b1cce702)
Start importing Assets/content/4_Characters/1_Birds/9_PurpleBird/BodyParts/MainHand_Hammer_07.png using Guid(166834f3f43578843990ad559a9741f1) Importer(2089858483,192608db42251d675da83286b1cce702) (ScriptedImporter) -> (artifact id: 'a19f1d9fd59fa8ac1beb0e2cdb94c13b') in 0.0133088 seconds
Number of updated asset objects reloaded before import = 0Number of asset objects unloaded after import = 1

========================================================================
Received Import Request.
  Time since last request: 0.000102 seconds.
  path: Assets/content/4_Characters/1_Birds/9_PurpleBird/BodyParts/MainHand_Red_Set_03.png
  artifactKey: Guid(e6620b4fd54377942a6d73b463d759f3) Importer(2089858483,192608db42251d675da83286b1cce702)
Start importing Assets/content/4_Characters/1_Birds/9_PurpleBird/BodyParts/MainHand_Red_Set_03.png using Guid(e6620b4fd54377942a6d73b463d759f3) Importer(2089858483,192608db42251d675da83286b1cce702) (ScriptedImporter) -> (artifact id: '29ac2cf2921c14a3ec7318bd8e3df8ab') in 0.0115497 seconds
Number of updated asset objects reloaded before import = 0Number of asset objects unloaded after import = 1

========================================================================
Received Import Request.
  Time since last request: 0.000075 seconds.
  path: Assets/content/4_Characters/1_Birds/9_PurpleBird/BodyParts/Eye_Right.png
  artifactKey: Guid(ee44a5ad2acfff2419ba5ac03daf77ca) Importer(2089858483,192608db42251d675da83286b1cce702)
Start importing Assets/content/4_Characters/1_Birds/9_PurpleBird/BodyParts/Eye_Right.png using Guid(ee44a5ad2acfff2419ba5ac03daf77ca) Importer(2089858483,192608db42251d675da83286b1cce702) (ScriptedImporter) -> (artifact id: '306618ea7ce0a87be0e4661e1844ebd4') in 0.0116564 seconds
Number of updated asset objects reloaded before import = 0Number of asset objects unloaded after import = 1

========================================================================
Received Import Request.
  Time since last request: 0.000097 seconds.
  path: Assets/content/4_Characters/1_Birds/9_PurpleBird/BodyParts/OffHand_Banner_02.png
  artifactKey: Guid(8e8bd6a2638724e4899a868ef5052741) Importer(2089858483,192608db42251d675da83286b1cce702)
Start importing Assets/content/4_Characters/1_Birds/9_PurpleBird/BodyParts/OffHand_Banner_02.png using Guid(8e8bd6a2638724e4899a868ef5052741) Importer(2089858483,192608db42251d675da83286b1cce702) (ScriptedImporter) -> (artifact id: '9398485f9310c16cdd7ef41ef17aafe0') in 0.0115999 seconds
Number of updated asset objects reloaded before import = 0Number of asset objects unloaded after import = 1

========================================================================
Received Import Request.
  Time since last request: 0.000175 seconds.
  path: Assets/content/4_Characters/1_Birds/9_PurpleBird/BodyParts/Beak_Angry.png
  artifactKey: Guid(aa6e46f3a644e824a94ea3d8d232e8e1) Importer(2089858483,192608db42251d675da83286b1cce702)
Start importing Assets/content/4_Characters/1_Birds/9_PurpleBird/BodyParts/Beak_Angry.png using Guid(aa6e46f3a644e824a94ea3d8d232e8e1) Importer(2089858483,192608db42251d675da83286b1cce702) (ScriptedImporter) -> (artifact id: 'ecc1a01e2eda52f5d7dc26bf3b193dfb') in 0.0103576 seconds
Number of updated asset objects reloaded before import = 0Number of asset objects unloaded after import = 1

========================================================================
Received Import Request.
  Time since last request: 0.000093 seconds.
  path: Assets/content/4_Characters/1_Birds/9_PurpleBird/BodyParts/MainHand_Red_Set_04.png
  artifactKey: Guid(5cd28a549652ed44a90541ec6810dc04) Importer(2089858483,192608db42251d675da83286b1cce702)
Start importing Assets/content/4_Characters/1_Birds/9_PurpleBird/BodyParts/MainHand_Red_Set_04.png using Guid(5cd28a549652ed44a90541ec6810dc04) Importer(2089858483,192608db42251d675da83286b1cce702) (ScriptedImporter) -> (artifact id: 'f8fd93667de012724639d1799e8d7173') in 0.0109769 seconds
Number of updated asset objects reloaded before import = 0Number of asset objects unloaded after import = 1

========================================================================
Received Import Request.
  Time since last request: 0.000069 seconds.
  path: Assets/content/4_Characters/1_Birds/9_PurpleBird/BodyParts/MainHand_Sword_03.png
  artifactKey: Guid(f708c918c3b6e644b87402c621b32a0d) Importer(2089858483,192608db42251d675da83286b1cce702)
Start importing Assets/content/4_Characters/1_Birds/9_PurpleBird/BodyParts/MainHand_Sword_03.png using Guid(f708c918c3b6e644b87402c621b32a0d) Importer(2089858483,192608db42251d675da83286b1cce702) (ScriptedImporter) -> (artifact id: '243813382e4c519dcab639cd2e470f01') in 0.0124356 seconds
Number of updated asset objects reloaded before import = 0Number of asset objects unloaded after import = 1

========================================================================
Received Import Request.
  Time since last request: 0.000092 seconds.
  path: Assets/content/4_Characters/1_Birds/9_PurpleBird/BodyParts/MainHand_Hammer_06.png
  artifactKey: Guid(d09eb0ab4830ff34fba52dc32e2fc76e) Importer(2089858483,192608db42251d675da83286b1cce702)
Start importing Assets/content/4_Characters/1_Birds/9_PurpleBird/BodyParts/MainHand_Hammer_06.png using Guid(d09eb0ab4830ff34fba52dc32e2fc76e) Importer(2089858483,192608db42251d675da83286b1cce702) (ScriptedImporter) -> (artifact id: '7670ab3641ec1acac0a445188315bd99') in 0.0104789 seconds
Number of updated asset objects reloaded before import = 0Number of asset objects unloaded after import = 1

========================================================================
Received Import Request.
  Time since last request: 0.000079 seconds.
  path: Assets/content/4_Characters/1_Birds/9_PurpleBird/BodyParts/Empty.png
  artifactKey: Guid(9c535722d625822449d3012cb8555973) Importer(2089858483,192608db42251d675da83286b1cce702)
Start importing Assets/content/4_Characters/1_Birds/9_PurpleBird/BodyParts/Empty.png using Guid(9c535722d625822449d3012cb8555973) Importer(2089858483,192608db42251d675da83286b1cce702) (ScriptedImporter) -> (artifact id: 'af0373cbafb419710fcda8ebda78843d') in 0.009665 seconds
Number of updated asset objects reloaded before import = 0Number of asset objects unloaded after import = 1

========================================================================
Received Import Request.
  Time since last request: 0.000097 seconds.
  path: Assets/content/4_Characters/1_Birds/9_PurpleBird/BodyParts/MainHand_Sword_05.png
  artifactKey: Guid(1f3905bee8f7fc8468c643f56909093f) Importer(2089858483,192608db42251d675da83286b1cce702)
Start importing Assets/content/4_Characters/1_Birds/9_PurpleBird/BodyParts/MainHand_Sword_05.png using Guid(1f3905bee8f7fc8468c643f56909093f) Importer(2089858483,192608db42251d675da83286b1cce702) (ScriptedImporter) -> (artifact id: 'e4c01eb1d88172498964397786f41c44') in 0.0099145 seconds
Number of updated asset objects reloaded before import = 0Number of asset objects unloaded after import = 1

========================================================================
Received Import Request.
  Time since last request: 0.000087 seconds.
  path: Assets/content/4_Characters/1_Birds/9_PurpleBird/BodyParts/Beak.png
  artifactKey: Guid(0235ddad6db4eb94b8013503feddb848) Importer(2089858483,192608db42251d675da83286b1cce702)
Start importing Assets/content/4_Characters/1_Birds/9_PurpleBird/BodyParts/Beak.png using Guid(0235ddad6db4eb94b8013503feddb848) Importer(2089858483,192608db42251d675da83286b1cce702) (ScriptedImporter) -> (artifact id: '38c6dff6232a4cff44da54aabfb8df48') in 0.0115484 seconds
Number of updated asset objects reloaded before import = 0Number of asset objects unloaded after import = 1

========================================================================
Received Import Request.
  Time since last request: 0.000077 seconds.
  path: Assets/content/4_Characters/1_Birds/9_PurpleBird/BodyParts/Headgear_WinterPaladin.png
  artifactKey: Guid(464a7412f43c2fb42aa6b79c2ab8ad00) Importer(2089858483,192608db42251d675da83286b1cce702)
Start importing Assets/content/4_Characters/1_Birds/9_PurpleBird/BodyParts/Headgear_WinterPaladin.png using Guid(464a7412f43c2fb42aa6b79c2ab8ad00) Importer(2089858483,192608db42251d675da83286b1cce702) (ScriptedImporter) -> (artifact id: '33495591c9f1a730ac59cbf9259bec4d') in 0.0116677 seconds
Number of updated asset objects reloaded before import = 0Number of asset objects unloaded after import = 1

========================================================================
Received Import Request.
  Time since last request: 0.000075 seconds.
  path: Assets/content/4_Characters/1_Birds/9_PurpleBird/BodyParts/OffHand_Banner_07.png
  artifactKey: Guid(9364a46e116be984f8eb650a491dab2a) Importer(2089858483,192608db42251d675da83286b1cce702)
Start importing Assets/content/4_Characters/1_Birds/9_PurpleBird/BodyParts/OffHand_Banner_07.png using Guid(9364a46e116be984f8eb650a491dab2a) Importer(2089858483,192608db42251d675da83286b1cce702) (ScriptedImporter) -> (artifact id: '8e687ada2989668f4613e79a57f4a271') in 0.0105213 seconds
Number of updated asset objects reloaded before import = 0Number of asset objects unloaded after import = 1

========================================================================
Received Import Request.
  Time since last request: 0.000172 seconds.
  path: Assets/content/4_Characters/1_Birds/9_PurpleBird/BodyParts/Beak_HalfOpen.png
  artifactKey: Guid(20563aa472414b44c9ceff453cbd91f8) Importer(2089858483,192608db42251d675da83286b1cce702)
Start importing Assets/content/4_Characters/1_Birds/9_PurpleBird/BodyParts/Beak_HalfOpen.png using Guid(20563aa472414b44c9ceff453cbd91f8) Importer(2089858483,192608db42251d675da83286b1cce702) (ScriptedImporter) -> (artifact id: 'a9c31d36600704bd91291ae58dbc22b5') in 0.0120993 seconds
Number of updated asset objects reloaded before import = 0Number of asset objects unloaded after import = 1

========================================================================
Received Import Request.
  Time since last request: 0.000094 seconds.
  path: Assets/content/4_Characters/1_Birds/9_PurpleBird/BodyParts/Eyebrow_Right_Edgy.png
  artifactKey: Guid(029de437db683684d8ca8232cff95c6e) Importer(2089858483,192608db42251d675da83286b1cce702)
Start importing Assets/content/4_Characters/1_Birds/9_PurpleBird/BodyParts/Eyebrow_Right_Edgy.png using Guid(029de437db683684d8ca8232cff95c6e) Importer(2089858483,192608db42251d675da83286b1cce702) (ScriptedImporter) -> (artifact id: 'e867c1a86b57346319d9f3d01dfffcdb') in 0.0109698 seconds
Number of updated asset objects reloaded before import = 0Number of asset objects unloaded after import = 1

========================================================================
Received Import Request.
  Time since last request: 0.000114 seconds.
  path: Assets/content/4_Characters/1_Birds/9_PurpleBird/BodyParts/OffHand_Red_Set_06.png
  artifactKey: Guid(02e1c134fc12c6944a8998716bae22c0) Importer(2089858483,192608db42251d675da83286b1cce702)
Start importing Assets/content/4_Characters/1_Birds/9_PurpleBird/BodyParts/OffHand_Red_Set_06.png using Guid(02e1c134fc12c6944a8998716bae22c0) Importer(2089858483,192608db42251d675da83286b1cce702) (ScriptedImporter) -> (artifact id: 'dce096bc64a44ebda5c945525e7f4d87') in 0.0107539 seconds
Number of updated asset objects reloaded before import = 0Number of asset objects unloaded after import = 1

========================================================================
Received Import Request.
  Time since last request: 0.000093 seconds.
  path: Assets/content/4_Characters/1_Birds/9_PurpleBird/BodyParts/OffHand_Shield_08.png
  artifactKey: Guid(3f6bd486e7c758f478aacdddef80e386) Importer(2089858483,192608db42251d675da83286b1cce702)
Start importing Assets/content/4_Characters/1_Birds/9_PurpleBird/BodyParts/OffHand_Shield_08.png using Guid(3f6bd486e7c758f478aacdddef80e386) Importer(2089858483,192608db42251d675da83286b1cce702) (ScriptedImporter) -> (artifact id: '0337219809d8564ac06ebc931c90c2f0') in 0.0307906 seconds
Number of updated asset objects reloaded before import = 0Number of asset objects unloaded after import = 1

========================================================================
Received Import Request.
  Time since last request: 0.000077 seconds.
  path: Assets/content/4_Characters/1_Birds/9_PurpleBird/BodyParts/MainHand_Lance_03.png
  artifactKey: Guid(65082ac2fa1710c4194b6f9f4340f2fb) Importer(2089858483,192608db42251d675da83286b1cce702)
Start importing Assets/content/4_Characters/1_Birds/9_PurpleBird/BodyParts/MainHand_Lance_03.png using Guid(65082ac2fa1710c4194b6f9f4340f2fb) Importer(2089858483,192608db42251d675da83286b1cce702) (ScriptedImporter) -> (artifact id: '0caef036e29072b9d216b673cd09521a') in 0.0119465 seconds
Number of updated asset objects reloaded before import = 0Number of asset objects unloaded after import = 1

========================================================================
Received Import Request.
  Time since last request: 0.000113 seconds.
  path: Assets/content/4_Characters/1_Birds/9_PurpleBird/BodyParts/Beak_Half.png
  artifactKey: Guid(970e98c6f3f453142a04aa69fa12dfa2) Importer(2089858483,192608db42251d675da83286b1cce702)
Start importing Assets/content/4_Characters/1_Birds/9_PurpleBird/BodyParts/Beak_Half.png using Guid(970e98c6f3f453142a04aa69fa12dfa2) Importer(2089858483,192608db42251d675da83286b1cce702) (ScriptedImporter) -> (artifact id: '2dd40f127553c00c0d82ec0b525d49e6') in 0.0111351 seconds
Number of updated asset objects reloaded before import = 0Number of asset objects unloaded after import = 1

========================================================================
Received Import Request.
  Time since last request: 0.000100 seconds.
  path: Assets/content/4_Characters/1_Birds/9_PurpleBird/BodyParts/OffHand_Banner_04.png
  artifactKey: Guid(ba94d3c4042374a4b947724fa6f3db85) Importer(2089858483,192608db42251d675da83286b1cce702)
Start importing Assets/content/4_Characters/1_Birds/9_PurpleBird/BodyParts/OffHand_Banner_04.png using Guid(ba94d3c4042374a4b947724fa6f3db85) Importer(2089858483,192608db42251d675da83286b1cce702) (ScriptedImporter) -> (artifact id: '4e5500570166c36c8ff10cb3ad174b48') in 0.010407 seconds
Number of updated asset objects reloaded before import = 0Number of asset objects unloaded after import = 1

========================================================================
Received Import Request.
  Time since last request: 0.000095 seconds.
  path: Assets/content/4_Characters/1_Birds/9_PurpleBird/BodyParts/Headgear_Samurai.png
  artifactKey: Guid(788aefd712077404c8447ad6e55b5bf5) Importer(2089858483,192608db42251d675da83286b1cce702)
Start importing Assets/content/4_Characters/1_Birds/9_PurpleBird/BodyParts/Headgear_Samurai.png using Guid(788aefd712077404c8447ad6e55b5bf5) Importer(2089858483,192608db42251d675da83286b1cce702) (ScriptedImporter) -> (artifact id: 'd96cb4407a1ee1232de2b826eb9b5022') in 0.0113884 seconds
Number of updated asset objects reloaded before import = 0Number of asset objects unloaded after import = 1

========================================================================
Received Import Request.
  Time since last request: 0.000291 seconds.
  path: Assets/content/4_Characters/1_Birds/9_PurpleBird/BodyParts/Eyebrow_Right_Curved.png
  artifactKey: Guid(f3d17a65be3a63c418ae4614df2d14a2) Importer(2089858483,192608db42251d675da83286b1cce702)
Start importing Assets/content/4_Characters/1_Birds/9_PurpleBird/BodyParts/Eyebrow_Right_Curved.png using Guid(f3d17a65be3a63c418ae4614df2d14a2) Importer(2089858483,192608db42251d675da83286b1cce702) (ScriptedImporter) -> (artifact id: '36c6cbc8964879930d5bd36d776bc43c') in 0.0102516 seconds
Number of updated asset objects reloaded before import = 0Number of asset objects unloaded after import = 1

========================================================================
Received Import Request.
  Time since last request: 0.000102 seconds.
  path: Assets/content/4_Characters/1_Birds/9_PurpleBird/BodyParts/MainHand_Lance_02.png
  artifactKey: Guid(ffbb3633df9479b48a9f03c463882e39) Importer(2089858483,192608db42251d675da83286b1cce702)
Start importing Assets/content/4_Characters/1_Birds/9_PurpleBird/BodyParts/MainHand_Lance_02.png using Guid(ffbb3633df9479b48a9f03c463882e39) Importer(2089858483,192608db42251d675da83286b1cce702) (ScriptedImporter) -> (artifact id: 'c2df07dc959ddfe199ab8895bedbc462') in 0.0104373 seconds
Number of updated asset objects reloaded before import = 0Number of asset objects unloaded after import = 1

========================================================================
Received Import Request.
  Time since last request: 0.000067 seconds.
  path: Assets/content/4_Characters/1_Birds/9_PurpleBird/BodyParts/Eyebrow_Left_Curved.png
  artifactKey: Guid(55781e3ed9de87a42be5d940820d8a3a) Importer(2089858483,192608db42251d675da83286b1cce702)
Start importing Assets/content/4_Characters/1_Birds/9_PurpleBird/BodyParts/Eyebrow_Left_Curved.png using Guid(55781e3ed9de87a42be5d940820d8a3a) Importer(2089858483,192608db42251d675da83286b1cce702) (ScriptedImporter) -> (artifact id: '5cb7da4a353204f0afec89500030ae74') in 0.011857 seconds
Number of updated asset objects reloaded before import = 0Number of asset objects unloaded after import = 1

========================================================================
Received Import Request.
  Time since last request: 0.000123 seconds.
  path: Assets/content/4_Characters/1_Birds/9_PurpleBird/BodyParts/Headgear_SuperheroKnight.png
  artifactKey: Guid(901dc09478c59fb4e8d361f8f6844e9d) Importer(2089858483,192608db42251d675da83286b1cce702)
Start importing Assets/content/4_Characters/1_Birds/9_PurpleBird/BodyParts/Headgear_SuperheroKnight.png using Guid(901dc09478c59fb4e8d361f8f6844e9d) Importer(2089858483,192608db42251d675da83286b1cce702) (ScriptedImporter) -> (artifact id: '636bc77f371f21f5d3e3016f5b4d4b37') in 0.0106177 seconds
Number of updated asset objects reloaded before import = 0Number of asset objects unloaded after import = 1

========================================================================
Received Import Request.
  Time since last request: 0.000073 seconds.
  path: Assets/content/4_Characters/1_Birds/9_PurpleBird/BodyParts/MainHand_Sword_08.png
  artifactKey: Guid(9fffa821898202e4db9d1efb716ed209) Importer(2089858483,192608db42251d675da83286b1cce702)
Start importing Assets/content/4_Characters/1_Birds/9_PurpleBird/BodyParts/MainHand_Sword_08.png using Guid(9fffa821898202e4db9d1efb716ed209) Importer(2089858483,192608db42251d675da83286b1cce702) (ScriptedImporter) -> (artifact id: '7cafa75b55327952da261387eda09e20') in 0.009755 seconds
Number of updated asset objects reloaded before import = 0Number of asset objects unloaded after import = 1

========================================================================
Received Import Request.
  Time since last request: 0.000100 seconds.
  path: Assets/content/4_Characters/1_Birds/9_PurpleBird/BodyParts/Headgear_Paladin_Back.png
  artifactKey: Guid(a130dff42e8e4d84783aece820ee1a7a) Importer(2089858483,192608db42251d675da83286b1cce702)
Start importing Assets/content/4_Characters/1_Birds/9_PurpleBird/BodyParts/Headgear_Paladin_Back.png using Guid(a130dff42e8e4d84783aece820ee1a7a) Importer(2089858483,192608db42251d675da83286b1cce702) (ScriptedImporter) -> (artifact id: '94ab1e09ca88c91c00ef6ecaaa3cc713') in 0.0106253 seconds
Number of updated asset objects reloaded before import = 0Number of asset objects unloaded after import = 1

========================================================================
Received Import Request.
  Time since last request: 0.000107 seconds.
  path: Assets/content/4_Characters/1_Birds/9_PurpleBird/BodyParts/OffHand_GSSSSS_01.png
  artifactKey: Guid(05b59b00943dd74418e32ee8da8846c7) Importer(2089858483,192608db42251d675da83286b1cce702)
Start importing Assets/content/4_Characters/1_Birds/9_PurpleBird/BodyParts/OffHand_GSSSSS_01.png using Guid(05b59b00943dd74418e32ee8da8846c7) Importer(2089858483,192608db42251d675da83286b1cce702) (ScriptedImporter) -> (artifact id: '35a317db485a9661d7e77bc0023d433c') in 0.01136 seconds
Number of updated asset objects reloaded before import = 0Number of asset objects unloaded after import = 1

========================================================================
Received Import Request.
  Time since last request: 0.000084 seconds.
  path: Assets/content/4_Characters/1_Birds/9_PurpleBird/BodyParts/OffHand_Shield_01.png
  artifactKey: Guid(0451d81ebb68fe043b9ec8d3b0828d58) Importer(2089858483,192608db42251d675da83286b1cce702)
Start importing Assets/content/4_Characters/1_Birds/9_PurpleBird/BodyParts/OffHand_Shield_01.png using Guid(0451d81ebb68fe043b9ec8d3b0828d58) Importer(2089858483,192608db42251d675da83286b1cce702) (ScriptedImporter) -> (artifact id: 'd5164b4255b6329a136b0c256742d032') in 0.0114082 seconds
Number of updated asset objects reloaded before import = 0Number of asset objects unloaded after import = 1

========================================================================
Received Import Request.
  Time since last request: 0.000092 seconds.
  path: Assets/content/4_Characters/1_Birds/9_PurpleBird/BodyParts/OffHand_Shield_02.png
  artifactKey: Guid(f42dfafdbb055d54aa578d7bf26be55c) Importer(2089858483,192608db42251d675da83286b1cce702)
Start importing Assets/content/4_Characters/1_Birds/9_PurpleBird/BodyParts/OffHand_Shield_02.png using Guid(f42dfafdbb055d54aa578d7bf26be55c) Importer(2089858483,192608db42251d675da83286b1cce702) (ScriptedImporter) -> (artifact id: '4332a2ea3e9b57ef0b30ce00e7542ddc') in 0.0108247 seconds
Number of updated asset objects reloaded before import = 0Number of asset objects unloaded after import = 1

========================================================================
Received Import Request.
  Time since last request: 0.000072 seconds.
  path: Assets/content/4_Characters/1_Birds/9_PurpleBird/BodyParts/MainHand_Hammer_02.png
  artifactKey: Guid(0b4e60983278fb642afa26ca590a45e2) Importer(2089858483,192608db42251d675da83286b1cce702)
Start importing Assets/content/4_Characters/1_Birds/9_PurpleBird/BodyParts/MainHand_Hammer_02.png using Guid(0b4e60983278fb642afa26ca590a45e2) Importer(2089858483,192608db42251d675da83286b1cce702) (ScriptedImporter) -> (artifact id: '146f2ab1d8fc0c4e30e4cdbe0e4529b5') in 0.0124637 seconds
Number of updated asset objects reloaded before import = 0Number of asset objects unloaded after import = 1

========================================================================
Received Import Request.
  Time since last request: 0.000089 seconds.
  path: Assets/content/4_Characters/1_Birds/9_PurpleBird/BodyParts/MainHand_Lance_05.png
  artifactKey: Guid(56747368e04bfd845ab76ec8f55cde21) Importer(2089858483,192608db42251d675da83286b1cce702)
Start importing Assets/content/4_Characters/1_Birds/9_PurpleBird/BodyParts/MainHand_Lance_05.png using Guid(56747368e04bfd845ab76ec8f55cde21) Importer(2089858483,192608db42251d675da83286b1cce702) (ScriptedImporter) -> (artifact id: '76b3f9466b96e4abcb79e034dcf704ea') in 0.0102377 seconds
Number of updated asset objects reloaded before import = 0Number of asset objects unloaded after import = 1

========================================================================
Received Import Request.
  Time since last request: 0.000087 seconds.
  path: Assets/content/4_Characters/1_Birds/9_PurpleBird/BodyParts/Headgear_WinterPaladin_Back.png
  artifactKey: Guid(daea7714eb2910c4cb11e39148a11e13) Importer(2089858483,192608db42251d675da83286b1cce702)
Start importing Assets/content/4_Characters/1_Birds/9_PurpleBird/BodyParts/Headgear_WinterPaladin_Back.png using Guid(daea7714eb2910c4cb11e39148a11e13) Importer(2089858483,192608db42251d675da83286b1cce702) (ScriptedImporter) -> (artifact id: '125964e3a2708651b66edf0f18b62b33') in 0.0112363 seconds
Number of updated asset objects reloaded before import = 0Number of asset objects unloaded after import = 1

========================================================================
Received Import Request.
  Time since last request: 0.000107 seconds.
  path: Assets/content/4_Characters/1_Birds/9_PurpleBird/BodyParts/MainHand_Hammer_01.png
  artifactKey: Guid(4a419f2820f3eb441bb7d6bcdf733a74) Importer(2089858483,192608db42251d675da83286b1cce702)
Start importing Assets/content/4_Characters/1_Birds/9_PurpleBird/BodyParts/MainHand_Hammer_01.png using Guid(4a419f2820f3eb441bb7d6bcdf733a74) Importer(2089858483,192608db42251d675da83286b1cce702) (ScriptedImporter) -> (artifact id: '76a54825ced40d2dd4c24fb8a9a9fa1a') in 0.0255371 seconds
Number of updated asset objects reloaded before import = 0Number of asset objects unloaded after import = 1

========================================================================
Received Import Request.
  Time since last request: 0.000070 seconds.
  path: Assets/content/4_Characters/1_Birds/9_PurpleBird/BodyParts/MainHand_Hammer_04.png
  artifactKey: Guid(d09153c51442c1049a655efafcdef6b0) Importer(2089858483,192608db42251d675da83286b1cce702)
Start importing Assets/content/4_Characters/1_Birds/9_PurpleBird/BodyParts/MainHand_Hammer_04.png using Guid(d09153c51442c1049a655efafcdef6b0) Importer(2089858483,192608db42251d675da83286b1cce702) (ScriptedImporter) -> (artifact id: '41f845be313544bc3a8f23cdf598f4f5') in 0.0122495 seconds
Number of updated asset objects reloaded before import = 0Number of asset objects unloaded after import = 1

========================================================================
Received Import Request.
  Time since last request: 0.000096 seconds.
  path: Assets/content/4_Characters/1_Birds/9_PurpleBird/BodyParts/MainHand_Sword_04.png
  artifactKey: Guid(bb29baaf0d928044889e51ab7531f92d) Importer(2089858483,192608db42251d675da83286b1cce702)
Start importing Assets/content/4_Characters/1_Birds/9_PurpleBird/BodyParts/MainHand_Sword_04.png using Guid(bb29baaf0d928044889e51ab7531f92d) Importer(2089858483,192608db42251d675da83286b1cce702) (ScriptedImporter) -> (artifact id: 'c40c6456ee6d82272fe7eb3c4df47d3e') in 0.0117486 seconds
Number of updated asset objects reloaded before import = 0Number of asset objects unloaded after import = 1

========================================================================
Received Import Request.
  Time since last request: 0.912293 seconds.
  path: Assets/content/4_Characters/1_Birds/9_PurpleBird/BodyParts
  artifactKey: Guid(faec81348cdc0c74d9c4d4f4140aacbb) Importer(815301076,1909f56bfc062723c751e8b465ee728b)
Start importing Assets/content/4_Characters/1_Birds/9_PurpleBird/BodyParts using Guid(faec81348cdc0c74d9c4d4f4140aacbb) Importer(815301076,1909f56bfc062723c751e8b465ee728b) (PreviewImporter) -> (artifact id: '6ecec9b42c9598bf45c7740e0fd8dbb3') in 0.0010829 seconds
Number of updated asset objects reloaded before import = 0Number of asset objects unloaded after import = 0

========================================================================
Received Import Request.
  Time since last request: 0.103313 seconds.
  path: Assets/content/4_Characters/1_Birds/9_PurpleBird/BodyParts/Beak.png
  artifactKey: Guid(0235ddad6db4eb94b8013503feddb848) Importer(815301076,1909f56bfc062723c751e8b465ee728b)
Start importing Assets/content/4_Characters/1_Birds/9_PurpleBird/BodyParts/Beak.png using Guid(0235ddad6db4eb94b8013503feddb848) Importer(815301076,1909f56bfc062723c751e8b465ee728b) (PreviewImporter) -> (artifact id: '75a997cc66b12b7d0b685550fbde5cb4') in 0.0428169 seconds
Number of updated asset objects reloaded before import = 0Number of asset objects unloaded after import = 2

========================================================================
Received Import Request.
  Time since last request: 0.000019 seconds.
  path: Assets/content/4_Characters/1_Birds/9_PurpleBird/BodyParts/MainHand_Hammer_01.png
  artifactKey: Guid(4a419f2820f3eb441bb7d6bcdf733a74) Importer(815301076,1909f56bfc062723c751e8b465ee728b)
Start importing Assets/content/4_Characters/1_Birds/9_PurpleBird/BodyParts/MainHand_Hammer_01.png using Guid(4a419f2820f3eb441bb7d6bcdf733a74) Importer(815301076,1909f56bfc062723c751e8b465ee728b) (PreviewImporter) -> (artifact id: 'a62e0cc361ba1a6ba2323afa8486f531') in 0.0087349 seconds
Number of updated asset objects reloaded before import = 0Number of asset objects unloaded after import = 2

========================================================================
Received Import Request.
  Time since last request: 0.000040 seconds.
  path: Assets/content/4_Characters/1_Birds/9_PurpleBird/BodyParts/Headgear_StoneGuard_Back.png
  artifactKey: Guid(ab24668af80bd0542a4fa5c7bd955935) Importer(815301076,1909f56bfc062723c751e8b465ee728b)
Start importing Assets/content/4_Characters/1_Birds/9_PurpleBird/BodyParts/Headgear_StoneGuard_Back.png using Guid(ab24668af80bd0542a4fa5c7bd955935) Importer(815301076,1909f56bfc062723c751e8b465ee728b) (PreviewImporter) -> (artifact id: 'ab752a35858604b9d3da202261adfb8c') in 0.0103863 seconds
Number of updated asset objects reloaded before import = 0Number of asset objects unloaded after import = 2

========================================================================
Received Import Request.
  Time since last request: 0.000019 seconds.
  path: Assets/content/4_Characters/1_Birds/9_PurpleBird/BodyParts/Lid_Right_Upper.png
  artifactKey: Guid(5298065dde198b94688b09bc7c1dc314) Importer(815301076,1909f56bfc062723c751e8b465ee728b)
Start importing Assets/content/4_Characters/1_Birds/9_PurpleBird/BodyParts/Lid_Right_Upper.png using Guid(5298065dde198b94688b09bc7c1dc314) Importer(815301076,1909f56bfc062723c751e8b465ee728b) (PreviewImporter) -> (artifact id: 'd916dd3101d0212d99d90fec32d5fbf9') in 0.008343 seconds
Number of updated asset objects reloaded before import = 0Number of asset objects unloaded after import = 2

========================================================================
Received Import Request.
  Time since last request: 0.000021 seconds.
  path: Assets/content/4_Characters/1_Birds/9_PurpleBird/BodyParts/Lid_Left_Squint.png
  artifactKey: Guid(5c5bdf1b57e09d14db5812f59ef3278e) Importer(815301076,1909f56bfc062723c751e8b465ee728b)
Start importing Assets/content/4_Characters/1_Birds/9_PurpleBird/BodyParts/Lid_Left_Squint.png using Guid(5c5bdf1b57e09d14db5812f59ef3278e) Importer(815301076,1909f56bfc062723c751e8b465ee728b) (PreviewImporter) -> (artifact id: '771d989b65d5d89118af947d45756e73') in 0.0069044 seconds
Number of updated asset objects reloaded before import = 0Number of asset objects unloaded after import = 2

========================================================================
Received Import Request.
  Time since last request: 0.000023 seconds.
  path: Assets/content/4_Characters/1_Birds/9_PurpleBird/BodyParts/Headgear_Paladin.png
  artifactKey: Guid(069638b98f60e9e41bcc13adea6815a1) Importer(815301076,1909f56bfc062723c751e8b465ee728b)
Start importing Assets/content/4_Characters/1_Birds/9_PurpleBird/BodyParts/Headgear_Paladin.png using Guid(069638b98f60e9e41bcc13adea6815a1) Importer(815301076,1909f56bfc062723c751e8b465ee728b) (PreviewImporter) -> (artifact id: '0fb2f6adb36fcb6fd6c8e1200b64403c') in 0.0101701 seconds
Number of updated asset objects reloaded before import = 0Number of asset objects unloaded after import = 2

========================================================================
Received Import Request.
  Time since last request: 0.000023 seconds.
  path: Assets/content/4_Characters/1_Birds/9_PurpleBird/BodyParts/Eye_Special.png
  artifactKey: Guid(e5fb2231935c3af46a594fcb92b85480) Importer(815301076,1909f56bfc062723c751e8b465ee728b)
Start importing Assets/content/4_Characters/1_Birds/9_PurpleBird/BodyParts/Eye_Special.png using Guid(e5fb2231935c3af46a594fcb92b85480) Importer(815301076,1909f56bfc062723c751e8b465ee728b) (PreviewImporter) -> (artifact id: '2020bdd5dd836bca563691c30ebf2916') in 0.0091023 seconds
Number of updated asset objects reloaded before import = 0Number of asset objects unloaded after import = 2

========================================================================
Received Import Request.
  Time since last request: 0.000026 seconds.
  path: Assets/content/4_Characters/1_Birds/9_PurpleBird/BodyParts/Eyebrow_Right.png
  artifactKey: Guid(c17fd6a4fa9b3b540a7736fe1ad50d77) Importer(815301076,1909f56bfc062723c751e8b465ee728b)
Start importing Assets/content/4_Characters/1_Birds/9_PurpleBird/BodyParts/Eyebrow_Right.png using Guid(c17fd6a4fa9b3b540a7736fe1ad50d77) Importer(815301076,1909f56bfc062723c751e8b465ee728b) (PreviewImporter) -> (artifact id: '90508a62f7212b6aa5ebb262cc380b69') in 0.0098461 seconds
Number of updated asset objects reloaded before import = 0Number of asset objects unloaded after import = 2

========================================================================
Received Import Request.
  Time since last request: 0.000023 seconds.
  path: Assets/content/4_Characters/1_Birds/9_PurpleBird/BodyParts/Eyebrow_Right_Curved.png
  artifactKey: Guid(f3d17a65be3a63c418ae4614df2d14a2) Importer(815301076,1909f56bfc062723c751e8b465ee728b)
Start importing Assets/content/4_Characters/1_Birds/9_PurpleBird/BodyParts/Eyebrow_Right_Curved.png using Guid(f3d17a65be3a63c418ae4614df2d14a2) Importer(815301076,1909f56bfc062723c751e8b465ee728b) (PreviewImporter) -> (artifact id: 'd9ab96daff657b82d472328a8c753e9c') in 0.0096662 seconds
Number of updated asset objects reloaded before import = 0Number of asset objects unloaded after import = 2

========================================================================
Received Import Request.
  Time since last request: 0.000019 seconds.
  path: Assets/content/4_Characters/1_Birds/9_PurpleBird/BodyParts/Eyebrow_Left_Curved.png
  artifactKey: Guid(55781e3ed9de87a42be5d940820d8a3a) Importer(815301076,1909f56bfc062723c751e8b465ee728b)
Start importing Assets/content/4_Characters/1_Birds/9_PurpleBird/BodyParts/Eyebrow_Left_Curved.png using Guid(55781e3ed9de87a42be5d940820d8a3a) Importer(815301076,1909f56bfc062723c751e8b465ee728b) (PreviewImporter) -> (artifact id: '4f93191232ad1e5005836691f2ff25cc') in 0.0076569 seconds
Number of updated asset objects reloaded before import = 0Number of asset objects unloaded after import = 2

========================================================================
Received Import Request.
  Time since last request: 0.000026 seconds.
  path: Assets/content/4_Characters/1_Birds/9_PurpleBird/BodyParts/Headgear_Ronin.png
  artifactKey: Guid(01cba88913c17fb4c802c53c038658e4) Importer(815301076,1909f56bfc062723c751e8b465ee728b)
Start importing Assets/content/4_Characters/1_Birds/9_PurpleBird/BodyParts/Headgear_Ronin.png using Guid(01cba88913c17fb4c802c53c038658e4) Importer(815301076,1909f56bfc062723c751e8b465ee728b) (PreviewImporter) -> (artifact id: 'adcf13887e99a1cb6dbfbd8b85b1d640') in 0.0097788 seconds
Number of updated asset objects reloaded before import = 0Number of asset objects unloaded after import = 2

========================================================================
Received Import Request.
  Time since last request: 0.000020 seconds.
  path: Assets/content/4_Characters/1_Birds/9_PurpleBird/BodyParts/Beak_Taunt.png
  artifactKey: Guid(c13547004f424d34482b4325917a0bd9) Importer(815301076,1909f56bfc062723c751e8b465ee728b)
Start importing Assets/content/4_Characters/1_Birds/9_PurpleBird/BodyParts/Beak_Taunt.png using Guid(c13547004f424d34482b4325917a0bd9) Importer(815301076,1909f56bfc062723c751e8b465ee728b) (PreviewImporter) -> (artifact id: 'd8f5ad62d26f9df962ff843caf441c2c') in 0.007803 seconds
Number of updated asset objects reloaded before import = 0Number of asset objects unloaded after import = 2

========================================================================
Received Import Request.
  Time since last request: 0.000043 seconds.
  path: Assets/content/4_Characters/1_Birds/9_PurpleBird/BodyParts/Lid_Right_Squint.png
  artifactKey: Guid(2f4f2a7b4c7950848a74641a177a32c6) Importer(815301076,1909f56bfc062723c751e8b465ee728b)
Start importing Assets/content/4_Characters/1_Birds/9_PurpleBird/BodyParts/Lid_Right_Squint.png using Guid(2f4f2a7b4c7950848a74641a177a32c6) Importer(815301076,1909f56bfc062723c751e8b465ee728b) (PreviewImporter) -> (artifact id: '6cbd4f86db9eac625e8ba25e5882ce0a') in 0.0188946 seconds
Number of updated asset objects reloaded before import = 0Number of asset objects unloaded after import = 2

========================================================================
Received Import Request.
  Time since last request: 0.000036 seconds.
  path: Assets/content/4_Characters/1_Birds/9_PurpleBird/BodyParts/Headgear_ScifiSamurai.png
  artifactKey: Guid(6f1ac4e121c7fb243b3bd3c5723ecfb8) Importer(815301076,1909f56bfc062723c751e8b465ee728b)
Start importing Assets/content/4_Characters/1_Birds/9_PurpleBird/BodyParts/Headgear_ScifiSamurai.png using Guid(6f1ac4e121c7fb243b3bd3c5723ecfb8) Importer(815301076,1909f56bfc062723c751e8b465ee728b) (PreviewImporter) -> (artifact id: '14085589d3c4370c455f69f642b3d2bc') in 0.0107752 seconds
Number of updated asset objects reloaded before import = 0Number of asset objects unloaded after import = 2

========================================================================
Received Import Request.
  Time since last request: 0.000017 seconds.
  path: Assets/content/4_Characters/1_Birds/9_PurpleBird/BodyParts/Beak_Angry.png
  artifactKey: Guid(aa6e46f3a644e824a94ea3d8d232e8e1) Importer(815301076,1909f56bfc062723c751e8b465ee728b)
Start importing Assets/content/4_Characters/1_Birds/9_PurpleBird/BodyParts/Beak_Angry.png using Guid(aa6e46f3a644e824a94ea3d8d232e8e1) Importer(815301076,1909f56bfc062723c751e8b465ee728b) (PreviewImporter) -> (artifact id: '7522c9605f53023d13c21e3a393096a2') in 0.0074958 seconds
Number of updated asset objects reloaded before import = 0Number of asset objects unloaded after import = 2

========================================================================
Received Import Request.
  Time since last request: 0.000019 seconds.
  path: Assets/content/4_Characters/1_Birds/9_PurpleBird/BodyParts/Headgear_Captivator.png
  artifactKey: Guid(fdfe60f01295b904f9a72175f9fd3aff) Importer(815301076,1909f56bfc062723c751e8b465ee728b)
Start importing Assets/content/4_Characters/1_Birds/9_PurpleBird/BodyParts/Headgear_Captivator.png using Guid(fdfe60f01295b904f9a72175f9fd3aff) Importer(815301076,1909f56bfc062723c751e8b465ee728b) (PreviewImporter) -> (artifact id: '38c9897471826b8f6e5682ac90a7add8') in 0.0096282 seconds
Number of updated asset objects reloaded before import = 0Number of asset objects unloaded after import = 2

========================================================================
Received Import Request.
  Time since last request: 0.000022 seconds.
  path: Assets/content/4_Characters/1_Birds/9_PurpleBird/BodyParts/MainHand_Hammer_03.png
  artifactKey: Guid(873f270730a0901488499a86d33862c3) Importer(815301076,1909f56bfc062723c751e8b465ee728b)
Start importing Assets/content/4_Characters/1_Birds/9_PurpleBird/BodyParts/MainHand_Hammer_03.png using Guid(873f270730a0901488499a86d33862c3) Importer(815301076,1909f56bfc062723c751e8b465ee728b) (PreviewImporter) -> (artifact id: '01a3d1d9a811c67364faa1c459faf5b8') in 0.0086303 seconds
Number of updated asset objects reloaded before import = 0Number of asset objects unloaded after import = 2

========================================================================
Received Import Request.
  Time since last request: 0.000026 seconds.
  path: Assets/content/4_Characters/1_Birds/9_PurpleBird/BodyParts/Headgear_ScifiSamurai_Back.png
  artifactKey: Guid(20cba5d4746f0ef4ebd6652c02c666a5) Importer(815301076,1909f56bfc062723c751e8b465ee728b)
Start importing Assets/content/4_Characters/1_Birds/9_PurpleBird/BodyParts/Headgear_ScifiSamurai_Back.png using Guid(20cba5d4746f0ef4ebd6652c02c666a5) Importer(815301076,1909f56bfc062723c751e8b465ee728b) (PreviewImporter) -> (artifact id: '8bc445a74798dcaa557f09fe79a30826') in 0.0114747 seconds
Number of updated asset objects reloaded before import = 0Number of asset objects unloaded after import = 2

========================================================================
Received Import Request.
  Time since last request: 0.000022 seconds.
  path: Assets/content/4_Characters/1_Birds/9_PurpleBird/BodyParts/Headgear_Samurai.png
  artifactKey: Guid(788aefd712077404c8447ad6e55b5bf5) Importer(815301076,1909f56bfc062723c751e8b465ee728b)
Start importing Assets/content/4_Characters/1_Birds/9_PurpleBird/BodyParts/Headgear_Samurai.png using Guid(788aefd712077404c8447ad6e55b5bf5) Importer(815301076,1909f56bfc062723c751e8b465ee728b) (PreviewImporter) -> (artifact id: '24b04d4c4daed5e7a6fa5f332d3ec739') in 0.009655 seconds
Number of updated asset objects reloaded before import = 0Number of asset objects unloaded after import = 2

========================================================================
Received Import Request.
  Time since last request: 0.000026 seconds.
  path: Assets/content/4_Characters/1_Birds/9_PurpleBird/BodyParts/MainHand_Gaxe_01.png
  artifactKey: Guid(7541591a631a33f4fb9d8bc317e39e00) Importer(815301076,1909f56bfc062723c751e8b465ee728b)
Start importing Assets/content/4_Characters/1_Birds/9_PurpleBird/BodyParts/MainHand_Gaxe_01.png using Guid(7541591a631a33f4fb9d8bc317e39e00) Importer(815301076,1909f56bfc062723c751e8b465ee728b) (PreviewImporter) -> (artifact id: 'a1f4162a85d1a8cb226525febc602b94') in 0.0070191 seconds
Number of updated asset objects reloaded before import = 0Number of asset objects unloaded after import = 2

========================================================================
Received Import Request.
  Time since last request: 0.000036 seconds.
  path: Assets/content/4_Characters/1_Birds/9_PurpleBird/BodyParts/Beak_Open.png
  artifactKey: Guid(5f1198fd971803849b88d31164099aec) Importer(815301076,1909f56bfc062723c751e8b465ee728b)
Start importing Assets/content/4_Characters/1_Birds/9_PurpleBird/BodyParts/Beak_Open.png using Guid(5f1198fd971803849b88d31164099aec) Importer(815301076,1909f56bfc062723c751e8b465ee728b) (PreviewImporter) -> (artifact id: '68f63fb619599ba3aec1692ff02c8bc5') in 0.0082244 seconds
Number of updated asset objects reloaded before import = 0Number of asset objects unloaded after import = 2

========================================================================
Received Import Request.
  Time since last request: 0.000020 seconds.
  path: Assets/content/4_Characters/1_Birds/9_PurpleBird/BodyParts/Body.png
  artifactKey: Guid(64cf7b488ce2b674588af03ab4ec4b11) Importer(815301076,1909f56bfc062723c751e8b465ee728b)
Start importing Assets/content/4_Characters/1_Birds/9_PurpleBird/BodyParts/Body.png using Guid(64cf7b488ce2b674588af03ab4ec4b11) Importer(815301076,1909f56bfc062723c751e8b465ee728b) (PreviewImporter) -> (artifact id: '249b12f148d87836d32a29855f6f27cf') in 0.0097445 seconds
Number of updated asset objects reloaded before import = 0Number of asset objects unloaded after import = 2

========================================================================
Received Import Request.
  Time since last request: 0.000019 seconds.
  path: Assets/content/4_Characters/1_Birds/9_PurpleBird/BodyParts/Lid_Left_Closed.png
  artifactKey: Guid(06b269f28cbadcf4d85841225eafb2eb) Importer(815301076,1909f56bfc062723c751e8b465ee728b)
Start importing Assets/content/4_Characters/1_Birds/9_PurpleBird/BodyParts/Lid_Left_Closed.png using Guid(06b269f28cbadcf4d85841225eafb2eb) Importer(815301076,1909f56bfc062723c751e8b465ee728b) (PreviewImporter) -> (artifact id: 'ee1ae624bf64a6627edf423d877c4f74') in 0.0084143 seconds
Number of updated asset objects reloaded before import = 0Number of asset objects unloaded after import = 2

========================================================================
Received Import Request.
  Time since last request: 0.000022 seconds.
  path: Assets/content/4_Characters/1_Birds/9_PurpleBird/BodyParts/Headgear_WinterPaladin_Back.png
  artifactKey: Guid(daea7714eb2910c4cb11e39148a11e13) Importer(815301076,1909f56bfc062723c751e8b465ee728b)
Start importing Assets/content/4_Characters/1_Birds/9_PurpleBird/BodyParts/Headgear_WinterPaladin_Back.png using Guid(daea7714eb2910c4cb11e39148a11e13) Importer(815301076,1909f56bfc062723c751e8b465ee728b) (PreviewImporter) -> (artifact id: '6ca558a9525d7547de3c3a24d2bce0f0') in 0.0108154 seconds
Number of updated asset objects reloaded before import = 0Number of asset objects unloaded after import = 2

========================================================================
Received Import Request.
  Time since last request: 0.000030 seconds.
  path: Assets/content/4_Characters/1_Birds/9_PurpleBird/BodyParts/Beak_HalfOpen.png
  artifactKey: Guid(20563aa472414b44c9ceff453cbd91f8) Importer(815301076,1909f56bfc062723c751e8b465ee728b)
Start importing Assets/content/4_Characters/1_Birds/9_PurpleBird/BodyParts/Beak_HalfOpen.png using Guid(20563aa472414b44c9ceff453cbd91f8) Importer(815301076,1909f56bfc062723c751e8b465ee728b) (PreviewImporter) -> (artifact id: '68ea6a3389d19c88fd01419a74cc86cc') in 0.0061559 seconds
Number of updated asset objects reloaded before import = 0Number of asset objects unloaded after import = 2

========================================================================
Received Import Request.
  Time since last request: 0.000021 seconds.
  path: Assets/content/4_Characters/1_Birds/9_PurpleBird/BodyParts/Eye_Left.png
  artifactKey: Guid(e739d9177d505104dbff8cd71a41596a) Importer(815301076,1909f56bfc062723c751e8b465ee728b)
Start importing Assets/content/4_Characters/1_Birds/9_PurpleBird/BodyParts/Eye_Left.png using Guid(e739d9177d505104dbff8cd71a41596a) Importer(815301076,1909f56bfc062723c751e8b465ee728b) (PreviewImporter) -> (artifact id: '72f0dec50996b93db0a1f03ab332daf0') in 0.0096959 seconds
Number of updated asset objects reloaded before import = 0Number of asset objects unloaded after import = 2

========================================================================
Received Import Request.
  Time since last request: 0.000021 seconds.
  path: Assets/content/4_Characters/1_Birds/9_PurpleBird/BodyParts/Headgear_SportsAvenger.png
  artifactKey: Guid(75240701248918d49837031b14588cf1) Importer(815301076,1909f56bfc062723c751e8b465ee728b)
Start importing Assets/content/4_Characters/1_Birds/9_PurpleBird/BodyParts/Headgear_SportsAvenger.png using Guid(75240701248918d49837031b14588cf1) Importer(815301076,1909f56bfc062723c751e8b465ee728b) (PreviewImporter) -> (artifact id: 'ffd914ee675eb492c0ad1e8111e32ceb') in 0.0104464 seconds
Number of updated asset objects reloaded before import = 0Number of asset objects unloaded after import = 2

========================================================================
Received Import Request.
  Time since last request: 0.000036 seconds.
  path: Assets/content/4_Characters/1_Birds/9_PurpleBird/BodyParts/Headgear_StoneGuard.png
  artifactKey: Guid(418435e221220284ab1cd2956f8d3386) Importer(815301076,1909f56bfc062723c751e8b465ee728b)
Start importing Assets/content/4_Characters/1_Birds/9_PurpleBird/BodyParts/Headgear_StoneGuard.png using Guid(418435e221220284ab1cd2956f8d3386) Importer(815301076,1909f56bfc062723c751e8b465ee728b) (PreviewImporter) -> (artifact id: '126bb9eeb2a90be466a9a262d2e4092d') in 0.0085404 seconds
Number of updated asset objects reloaded before import = 0Number of asset objects unloaded after import = 2

========================================================================
Received Import Request.
  Time since last request: 0.000022 seconds.
  path: Assets/content/4_Characters/1_Birds/9_PurpleBird/BodyParts/MainHand_Hammer_02.png
  artifactKey: Guid(0b4e60983278fb642afa26ca590a45e2) Importer(815301076,1909f56bfc062723c751e8b465ee728b)
Start importing Assets/content/4_Characters/1_Birds/9_PurpleBird/BodyParts/MainHand_Hammer_02.png using Guid(0b4e60983278fb642afa26ca590a45e2) Importer(815301076,1909f56bfc062723c751e8b465ee728b) (PreviewImporter) -> (artifact id: '2133cb8b4fcfcdee3cd44355b91664b5') in 0.0078756 seconds
Number of updated asset objects reloaded before import = 0Number of asset objects unloaded after import = 2

========================================================================
Received Import Request.
  Time since last request: 0.000028 seconds.
  path: Assets/content/4_Characters/1_Birds/9_PurpleBird/BodyParts/Headgear_SuperheroKnight.png
  artifactKey: Guid(901dc09478c59fb4e8d361f8f6844e9d) Importer(815301076,1909f56bfc062723c751e8b465ee728b)
Start importing Assets/content/4_Characters/1_Birds/9_PurpleBird/BodyParts/Headgear_SuperheroKnight.png using Guid(901dc09478c59fb4e8d361f8f6844e9d) Importer(815301076,1909f56bfc062723c751e8b465ee728b) (PreviewImporter) -> (artifact id: 'bd6f38ead423fa239eaf65ba7239dde6') in 0.0113547 seconds
Number of updated asset objects reloaded before import = 0Number of asset objects unloaded after import = 2

========================================================================
Received Import Request.
  Time since last request: 0.000024 seconds.
  path: Assets/content/4_Characters/1_Birds/9_PurpleBird/BodyParts/Headgear_Samurai_Back.png
  artifactKey: Guid(65d78d4713d42394bb8b19c726ede0a0) Importer(815301076,1909f56bfc062723c751e8b465ee728b)
Start importing Assets/content/4_Characters/1_Birds/9_PurpleBird/BodyParts/Headgear_Samurai_Back.png using Guid(65d78d4713d42394bb8b19c726ede0a0) Importer(815301076,1909f56bfc062723c751e8b465ee728b) (PreviewImporter) -> (artifact id: '27e6e9a0ac8341b3668e3e85cde1608c') in 0.0122686 seconds
Number of updated asset objects reloaded before import = 0Number of asset objects unloaded after import = 2

========================================================================
Received Import Request.
  Time since last request: 0.000029 seconds.
  path: Assets/content/4_Characters/1_Birds/9_PurpleBird/BodyParts/Hair.png
  artifactKey: Guid(471959e2e3cb1b7449617ccbe91d8124) Importer(815301076,1909f56bfc062723c751e8b465ee728b)
Start importing Assets/content/4_Characters/1_Birds/9_PurpleBird/BodyParts/Hair.png using Guid(471959e2e3cb1b7449617ccbe91d8124) Importer(815301076,1909f56bfc062723c751e8b465ee728b) (PreviewImporter) -> (artifact id: 'cf474102f744bf540a08526eac91b465') in 0.0096373 seconds
Number of updated asset objects reloaded before import = 0Number of asset objects unloaded after import = 2

========================================================================
Received Import Request.
  Time since last request: 0.000025 seconds.
  path: Assets/content/4_Characters/1_Birds/9_PurpleBird/BodyParts/Headgear_Knight.png
  artifactKey: Guid(7698575ab0c5a224eb4d48472e90306c) Importer(815301076,1909f56bfc062723c751e8b465ee728b)
Start importing Assets/content/4_Characters/1_Birds/9_PurpleBird/BodyParts/Headgear_Knight.png using Guid(7698575ab0c5a224eb4d48472e90306c) Importer(815301076,1909f56bfc062723c751e8b465ee728b) (PreviewImporter) -> (artifact id: 'c34471eaf663487805bfa9b4eb9e0204') in 0.0206266 seconds
Number of updated asset objects reloaded before import = 0Number of asset objects unloaded after import = 2

========================================================================
Received Import Request.
  Time since last request: 0.000021 seconds.
  path: Assets/content/4_Characters/1_Birds/9_PurpleBird/BodyParts/Headgear_Knight_Back.png
  artifactKey: Guid(87fd3af3715395b40b1ce8cfe9286ffd) Importer(815301076,1909f56bfc062723c751e8b465ee728b)
Start importing Assets/content/4_Characters/1_Birds/9_PurpleBird/BodyParts/Headgear_Knight_Back.png using Guid(87fd3af3715395b40b1ce8cfe9286ffd) Importer(815301076,1909f56bfc062723c751e8b465ee728b) (PreviewImporter) -> (artifact id: '2647b17d7298cac8592fc86d66e6cf4f') in 0.0079606 seconds
Number of updated asset objects reloaded before import = 0Number of asset objects unloaded after import = 2

========================================================================
Received Import Request.
  Time since last request: 0.000020 seconds.
  path: Assets/content/4_Characters/1_Birds/9_PurpleBird/BodyParts/Headgear_Captivator_Back.png
  artifactKey: Guid(9af95a34d1a2c0740a91b7d69e3aed74) Importer(815301076,1909f56bfc062723c751e8b465ee728b)
Start importing Assets/content/4_Characters/1_Birds/9_PurpleBird/BodyParts/Headgear_Captivator_Back.png using Guid(9af95a34d1a2c0740a91b7d69e3aed74) Importer(815301076,1909f56bfc062723c751e8b465ee728b) (PreviewImporter) -> (artifact id: '170e06c637e897229dba95d54f940818') in 0.0100658 seconds
Number of updated asset objects reloaded before import = 0Number of asset objects unloaded after import = 2

========================================================================
Received Import Request.
  Time since last request: 0.000027 seconds.
  path: Assets/content/4_Characters/1_Birds/9_PurpleBird/BodyParts/Beak_Half.png
  artifactKey: Guid(970e98c6f3f453142a04aa69fa12dfa2) Importer(815301076,1909f56bfc062723c751e8b465ee728b)
Start importing Assets/content/4_Characters/1_Birds/9_PurpleBird/BodyParts/Beak_Half.png using Guid(970e98c6f3f453142a04aa69fa12dfa2) Importer(815301076,1909f56bfc062723c751e8b465ee728b) (PreviewImporter) -> (artifact id: '084087410da62197d37fc777cfa6cbac') in 0.0063569 seconds
Number of updated asset objects reloaded before import = 0Number of asset objects unloaded after import = 2

========================================================================
Received Import Request.
  Time since last request: 0.000038 seconds.
  path: Assets/content/4_Characters/1_Birds/9_PurpleBird/BodyParts/Headgear_Ronin_Back.png
  artifactKey: Guid(37ae2816cbee1ca41a7c7c90ce4df5ad) Importer(815301076,1909f56bfc062723c751e8b465ee728b)
Start importing Assets/content/4_Characters/1_Birds/9_PurpleBird/BodyParts/Headgear_Ronin_Back.png using Guid(37ae2816cbee1ca41a7c7c90ce4df5ad) Importer(815301076,1909f56bfc062723c751e8b465ee728b) (PreviewImporter) -> (artifact id: '456866bfe8604980cbe5cf0993643fea') in 0.0109233 seconds
Number of updated asset objects reloaded before import = 0Number of asset objects unloaded after import = 2

========================================================================
Received Import Request.
  Time since last request: 0.000030 seconds.
  path: Assets/content/4_Characters/1_Birds/9_PurpleBird/BodyParts/Lid_Left_Upper.png
  artifactKey: Guid(69f4359dd77ff9a41ba1152550267fb9) Importer(815301076,1909f56bfc062723c751e8b465ee728b)
Start importing Assets/content/4_Characters/1_Birds/9_PurpleBird/BodyParts/Lid_Left_Upper.png using Guid(69f4359dd77ff9a41ba1152550267fb9) Importer(815301076,1909f56bfc062723c751e8b465ee728b) (PreviewImporter) -> (artifact id: '26411daeda2db12d661ea342ace0717c') in 0.008834 seconds
Number of updated asset objects reloaded before import = 0Number of asset objects unloaded after import = 2

========================================================================
Received Import Request.
  Time since last request: 0.000035 seconds.
  path: Assets/content/4_Characters/1_Birds/9_PurpleBird/BodyParts/Eye_Right.png
  artifactKey: Guid(ee44a5ad2acfff2419ba5ac03daf77ca) Importer(815301076,1909f56bfc062723c751e8b465ee728b)
Start importing Assets/content/4_Characters/1_Birds/9_PurpleBird/BodyParts/Eye_Right.png using Guid(ee44a5ad2acfff2419ba5ac03daf77ca) Importer(815301076,1909f56bfc062723c751e8b465ee728b) (PreviewImporter) -> (artifact id: '612ccf74dd5393ff49c501d2d14de9f2') in 0.0085233 seconds
Number of updated asset objects reloaded before import = 0Number of asset objects unloaded after import = 2

========================================================================
Received Import Request.
  Time since last request: 0.000020 seconds.
  path: Assets/content/4_Characters/1_Birds/9_PurpleBird/BodyParts/Lid_Right_HalfOpen.png
  artifactKey: Guid(ddf2755ad5093024685ca45916493d80) Importer(815301076,1909f56bfc062723c751e8b465ee728b)
Start importing Assets/content/4_Characters/1_Birds/9_PurpleBird/BodyParts/Lid_Right_HalfOpen.png using Guid(ddf2755ad5093024685ca45916493d80) Importer(815301076,1909f56bfc062723c751e8b465ee728b) (PreviewImporter) -> (artifact id: 'f5a396242c7ae32430ea9ca5a14fe3de') in 0.0081205 seconds
Number of updated asset objects reloaded before import = 0Number of asset objects unloaded after import = 2

========================================================================
Received Import Request.
  Time since last request: 0.000025 seconds.
  path: Assets/content/4_Characters/1_Birds/9_PurpleBird/BodyParts/Headgear_Paladin_Back.png
  artifactKey: Guid(a130dff42e8e4d84783aece820ee1a7a) Importer(815301076,1909f56bfc062723c751e8b465ee728b)
Start importing Assets/content/4_Characters/1_Birds/9_PurpleBird/BodyParts/Headgear_Paladin_Back.png using Guid(a130dff42e8e4d84783aece820ee1a7a) Importer(815301076,1909f56bfc062723c751e8b465ee728b) (PreviewImporter) -> (artifact id: '39c251b77eee56f7af0d5abd06a5d104') in 0.0092682 seconds
Number of updated asset objects reloaded before import = 0Number of asset objects unloaded after import = 2

========================================================================
Received Import Request.
  Time since last request: 0.000020 seconds.
  path: Assets/content/4_Characters/1_Birds/9_PurpleBird/BodyParts/Eyebrow_Left_Edgy.png
  artifactKey: Guid(291979aebe2b1ed43b9e9ffcd962e7fb) Importer(815301076,1909f56bfc062723c751e8b465ee728b)
Start importing Assets/content/4_Characters/1_Birds/9_PurpleBird/BodyParts/Eyebrow_Left_Edgy.png using Guid(291979aebe2b1ed43b9e9ffcd962e7fb) Importer(815301076,1909f56bfc062723c751e8b465ee728b) (PreviewImporter) -> (artifact id: 'e5fed9f982b765bb6c87cad74fcf8e0a') in 0.0077481 seconds
Number of updated asset objects reloaded before import = 0Number of asset objects unloaded after import = 2

========================================================================
Received Import Request.
  Time since last request: 0.000022 seconds.
  path: Assets/content/4_Characters/1_Birds/9_PurpleBird/BodyParts/Headgear_SuperheroKnight_Back.png
  artifactKey: Guid(1e43f25c04d8071408dd68a56ce8139c) Importer(815301076,1909f56bfc062723c751e8b465ee728b)
Start importing Assets/content/4_Characters/1_Birds/9_PurpleBird/BodyParts/Headgear_SuperheroKnight_Back.png using Guid(1e43f25c04d8071408dd68a56ce8139c) Importer(815301076,1909f56bfc062723c751e8b465ee728b) (PreviewImporter) -> (artifact id: '9ae71b4bf12427cdfebba8fc424c4482') in 0.0091015 seconds
Number of updated asset objects reloaded before import = 0Number of asset objects unloaded after import = 2

========================================================================
Received Import Request.
  Time since last request: 0.000028 seconds.
  path: Assets/content/4_Characters/1_Birds/9_PurpleBird/BodyParts/Headgear_SportsAvenger_Back.png
  artifactKey: Guid(d23463225e0cd92439bd027e7694a948) Importer(815301076,1909f56bfc062723c751e8b465ee728b)
Start importing Assets/content/4_Characters/1_Birds/9_PurpleBird/BodyParts/Headgear_SportsAvenger_Back.png using Guid(d23463225e0cd92439bd027e7694a948) Importer(815301076,1909f56bfc062723c751e8b465ee728b) (PreviewImporter) -> (artifact id: '57338043e155509fbecc7c9b04c5b611') in 0.009139 seconds
Number of updated asset objects reloaded before import = 0Number of asset objects unloaded after import = 2

========================================================================
Received Import Request.
  Time since last request: 0.000045 seconds.
  path: Assets/content/4_Characters/1_Birds/9_PurpleBird/BodyParts/Lid_Left_HalfOpen.png
  artifactKey: Guid(c5665806e22958241b168c7d42ea0d3d) Importer(815301076,1909f56bfc062723c751e8b465ee728b)
Start importing Assets/content/4_Characters/1_Birds/9_PurpleBird/BodyParts/Lid_Left_HalfOpen.png using Guid(c5665806e22958241b168c7d42ea0d3d) Importer(815301076,1909f56bfc062723c751e8b465ee728b) (PreviewImporter) -> (artifact id: '292d73687728b5a621cfd43871d84d04') in 0.0085405 seconds
Number of updated asset objects reloaded before import = 0Number of asset objects unloaded after import = 2

========================================================================
Received Import Request.
  Time since last request: 0.000021 seconds.
  path: Assets/content/4_Characters/1_Birds/9_PurpleBird/BodyParts/Beak_Damaged.png
  artifactKey: Guid(6eba5348c6fa6814bafff260fa090708) Importer(815301076,1909f56bfc062723c751e8b465ee728b)
Start importing Assets/content/4_Characters/1_Birds/9_PurpleBird/BodyParts/Beak_Damaged.png using Guid(6eba5348c6fa6814bafff260fa090708) Importer(815301076,1909f56bfc062723c751e8b465ee728b) (PreviewImporter) -> (artifact id: 'ea3c8aba81449aee8aef2850f7db0c34') in 0.0113981 seconds
Number of updated asset objects reloaded before import = 0Number of asset objects unloaded after import = 2

========================================================================
Received Import Request.
  Time since last request: 0.000022 seconds.
  path: Assets/content/4_Characters/1_Birds/9_PurpleBird/BodyParts/Beak_Happy.png
  artifactKey: Guid(0680be7f62a37b046a68ed1b6e3a4859) Importer(815301076,1909f56bfc062723c751e8b465ee728b)
Start importing Assets/content/4_Characters/1_Birds/9_PurpleBird/BodyParts/Beak_Happy.png using Guid(0680be7f62a37b046a68ed1b6e3a4859) Importer(815301076,1909f56bfc062723c751e8b465ee728b) (PreviewImporter) -> (artifact id: '1eeec5c93682bb7f434ed4927b5440e1') in 0.0071448 seconds
Number of updated asset objects reloaded before import = 0Number of asset objects unloaded after import = 2

========================================================================
Received Import Request.
  Time since last request: 0.000026 seconds.
  path: Assets/content/4_Characters/1_Birds/9_PurpleBird/BodyParts/Empty.png
  artifactKey: Guid(9c535722d625822449d3012cb8555973) Importer(815301076,1909f56bfc062723c751e8b465ee728b)
Start importing Assets/content/4_Characters/1_Birds/9_PurpleBird/BodyParts/Empty.png using Guid(9c535722d625822449d3012cb8555973) Importer(815301076,1909f56bfc062723c751e8b465ee728b) (PreviewImporter) -> (artifact id: '0280014bacef429247301c845fb8dcb6') in 0.008315 seconds
Number of updated asset objects reloaded before import = 0Number of asset objects unloaded after import = 2

========================================================================
Received Import Request.
  Time since last request: 0.000021 seconds.
  path: Assets/content/4_Characters/1_Birds/9_PurpleBird/BodyParts/Eyebrow_Right_Edgy.png
  artifactKey: Guid(029de437db683684d8ca8232cff95c6e) Importer(815301076,1909f56bfc062723c751e8b465ee728b)
Start importing Assets/content/4_Characters/1_Birds/9_PurpleBird/BodyParts/Eyebrow_Right_Edgy.png using Guid(029de437db683684d8ca8232cff95c6e) Importer(815301076,1909f56bfc062723c751e8b465ee728b) (PreviewImporter) -> (artifact id: '20f1c1d2430904096e8bf5c4e97cb109') in 0.0080478 seconds
Number of updated asset objects reloaded before import = 0Number of asset objects unloaded after import = 2

========================================================================
Received Import Request.
  Time since last request: 0.000033 seconds.
  path: Assets/content/4_Characters/1_Birds/9_PurpleBird/BodyParts/Eyebrow_Left.png
  artifactKey: Guid(977c034c091ffab4c87b65071574d7be) Importer(815301076,1909f56bfc062723c751e8b465ee728b)
Start importing Assets/content/4_Characters/1_Birds/9_PurpleBird/BodyParts/Eyebrow_Left.png using Guid(977c034c091ffab4c87b65071574d7be) Importer(815301076,1909f56bfc062723c751e8b465ee728b) (PreviewImporter) -> (artifact id: 'ceb7abfb9fa146fe495885d24b9c98f5') in 0.0074502 seconds
Number of updated asset objects reloaded before import = 0Number of asset objects unloaded after import = 2

========================================================================
Received Import Request.
  Time since last request: 0.000024 seconds.
  path: Assets/content/4_Characters/1_Birds/9_PurpleBird/BodyParts/Lid_Right_Closed.png
  artifactKey: Guid(05c14c321e593a64c9cefc3d2161934f) Importer(815301076,1909f56bfc062723c751e8b465ee728b)
Start importing Assets/content/4_Characters/1_Birds/9_PurpleBird/BodyParts/Lid_Right_Closed.png using Guid(05c14c321e593a64c9cefc3d2161934f) Importer(815301076,1909f56bfc062723c751e8b465ee728b) (PreviewImporter) -> (artifact id: 'c1e0a3aef84912538fc241a42fd5e9a8') in 0.007478 seconds
Number of updated asset objects reloaded before import = 0Number of asset objects unloaded after import = 2

========================================================================
Received Import Request.
  Time since last request: 0.000021 seconds.
  path: Assets/content/4_Characters/1_Birds/9_PurpleBird/BodyParts/Headgear_WinterPaladin.png
  artifactKey: Guid(464a7412f43c2fb42aa6b79c2ab8ad00) Importer(815301076,1909f56bfc062723c751e8b465ee728b)
Start importing Assets/content/4_Characters/1_Birds/9_PurpleBird/BodyParts/Headgear_WinterPaladin.png using Guid(464a7412f43c2fb42aa6b79c2ab8ad00) Importer(815301076,1909f56bfc062723c751e8b465ee728b) (PreviewImporter) -> (artifact id: 'b882f4e3f5dc62357bb41eec2c6ae6af') in 0.0091284 seconds
Number of updated asset objects reloaded before import = 0Number of asset objects unloaded after import = 2

========================================================================
Received Import Request.
  Time since last request: 0.053601 seconds.
  path: Assets/content/4_Characters/1_Birds/9_PurpleBird/BodyParts/MainHand_Hammer_04.png
  artifactKey: Guid(d09153c51442c1049a655efafcdef6b0) Importer(815301076,1909f56bfc062723c751e8b465ee728b)
Start importing Assets/content/4_Characters/1_Birds/9_PurpleBird/BodyParts/MainHand_Hammer_04.png using Guid(d09153c51442c1049a655efafcdef6b0) Importer(815301076,1909f56bfc062723c751e8b465ee728b) (PreviewImporter) -> (artifact id: 'cda8b8d085af1fd24e3535eea2d9b5a9') in 0.0067239 seconds
Number of updated asset objects reloaded before import = 0Number of asset objects unloaded after import = 2

========================================================================
Received Import Request.
  Time since last request: 0.000017 seconds.
  path: Assets/content/4_Characters/1_Birds/9_PurpleBird/BodyParts/MainHand_Hammer_09.png
  artifactKey: Guid(84d6210a3a2c1974d9e86c87c7bb81f2) Importer(815301076,1909f56bfc062723c751e8b465ee728b)
Start importing Assets/content/4_Characters/1_Birds/9_PurpleBird/BodyParts/MainHand_Hammer_09.png using Guid(84d6210a3a2c1974d9e86c87c7bb81f2) Importer(815301076,1909f56bfc062723c751e8b465ee728b) (PreviewImporter) -> (artifact id: 'f6e2ac82d9fec0be014c76b3c080551d') in 0.0074469 seconds
Number of updated asset objects reloaded before import = 0Number of asset objects unloaded after import = 2

========================================================================
Received Import Request.
  Time since last request: 0.000026 seconds.
  path: Assets/content/4_Characters/1_Birds/9_PurpleBird/BodyParts/MainHand_Lance_02.png
  artifactKey: Guid(ffbb3633df9479b48a9f03c463882e39) Importer(815301076,1909f56bfc062723c751e8b465ee728b)
Start importing Assets/content/4_Characters/1_Birds/9_PurpleBird/BodyParts/MainHand_Lance_02.png using Guid(ffbb3633df9479b48a9f03c463882e39) Importer(815301076,1909f56bfc062723c751e8b465ee728b) (PreviewImporter) -> (artifact id: '1c3bc251c0a82217953d3951c282d7e9') in 0.0082941 seconds
Number of updated asset objects reloaded before import = 0Number of asset objects unloaded after import = 2

========================================================================
Received Import Request.
  Time since last request: 0.000018 seconds.
  path: Assets/content/4_Characters/1_Birds/9_PurpleBird/BodyParts/MainHand_Lance_05.png
  artifactKey: Guid(56747368e04bfd845ab76ec8f55cde21) Importer(815301076,1909f56bfc062723c751e8b465ee728b)
Start importing Assets/content/4_Characters/1_Birds/9_PurpleBird/BodyParts/MainHand_Lance_05.png using Guid(56747368e04bfd845ab76ec8f55cde21) Importer(815301076,1909f56bfc062723c751e8b465ee728b) (PreviewImporter) -> (artifact id: '995896ea90afd33093bd1528cbba1f6e') in 0.0083268 seconds
Number of updated asset objects reloaded before import = 0Number of asset objects unloaded after import = 2

========================================================================
Received Import Request.
  Time since last request: 0.000019 seconds.
  path: Assets/content/4_Characters/1_Birds/9_PurpleBird/BodyParts/MainHand_Lance_09.png
  artifactKey: Guid(d0e15cab6c2e0ad44acb4ab41050d607) Importer(815301076,1909f56bfc062723c751e8b465ee728b)
Start importing Assets/content/4_Characters/1_Birds/9_PurpleBird/BodyParts/MainHand_Lance_09.png using Guid(d0e15cab6c2e0ad44acb4ab41050d607) Importer(815301076,1909f56bfc062723c751e8b465ee728b) (PreviewImporter) -> (artifact id: 'adaf07b4064a6b2c4f2ecc0029b62b32') in 0.0074053 seconds
Number of updated asset objects reloaded before import = 0Number of asset objects unloaded after import = 2

========================================================================
Received Import Request.
  Time since last request: 0.000017 seconds.
  path: Assets/content/4_Characters/1_Birds/9_PurpleBird/BodyParts/MainHand_Hammer_06.png
  artifactKey: Guid(d09eb0ab4830ff34fba52dc32e2fc76e) Importer(815301076,1909f56bfc062723c751e8b465ee728b)
Start importing Assets/content/4_Characters/1_Birds/9_PurpleBird/BodyParts/MainHand_Hammer_06.png using Guid(d09eb0ab4830ff34fba52dc32e2fc76e) Importer(815301076,1909f56bfc062723c751e8b465ee728b) (PreviewImporter) -> (artifact id: '22d7cf342d071fb8f0df5b3ce7cca877') in 0.0073938 seconds
Number of updated asset objects reloaded before import = 0Number of asset objects unloaded after import = 2

========================================================================
Received Import Request.
  Time since last request: 0.000017 seconds.
  path: Assets/content/4_Characters/1_Birds/9_PurpleBird/BodyParts/MainHand_Sword_08.png
  artifactKey: Guid(9fffa821898202e4db9d1efb716ed209) Importer(815301076,1909f56bfc062723c751e8b465ee728b)
Start importing Assets/content/4_Characters/1_Birds/9_PurpleBird/BodyParts/MainHand_Sword_08.png using Guid(9fffa821898202e4db9d1efb716ed209) Importer(815301076,1909f56bfc062723c751e8b465ee728b) (PreviewImporter) -> (artifact id: '6d5558155cbb2ea1f4346004c33287bb') in 0.0079613 seconds
Number of updated asset objects reloaded before import = 0Number of asset objects unloaded after import = 2

========================================================================
Received Import Request.
  Time since last request: 0.000020 seconds.
  path: Assets/content/4_Characters/1_Birds/9_PurpleBird/BodyParts/MainHand_Sword_05.png
  artifactKey: Guid(1f3905bee8f7fc8468c643f56909093f) Importer(815301076,1909f56bfc062723c751e8b465ee728b)
Start importing Assets/content/4_Characters/1_Birds/9_PurpleBird/BodyParts/MainHand_Sword_05.png using Guid(1f3905bee8f7fc8468c643f56909093f) Importer(815301076,1909f56bfc062723c751e8b465ee728b) (PreviewImporter) -> (artifact id: '243741489402ad33c3b5e51d7ef6bbcd') in 0.0074254 seconds
Number of updated asset objects reloaded before import = 0Number of asset objects unloaded after import = 2

========================================================================
Received Import Request.
  Time since last request: 0.000030 seconds.
  path: Assets/content/4_Characters/1_Birds/9_PurpleBird/BodyParts/OffHand_Banner_01.png
  artifactKey: Guid(bd9e3e3f77cecba4b98036531664070d) Importer(815301076,1909f56bfc062723c751e8b465ee728b)
Start importing Assets/content/4_Characters/1_Birds/9_PurpleBird/BodyParts/OffHand_Banner_01.png using Guid(bd9e3e3f77cecba4b98036531664070d) Importer(815301076,1909f56bfc062723c751e8b465ee728b) (PreviewImporter) -> (artifact id: '15c10dbd88391c682c414f57408228be') in 0.008847 seconds
Number of updated asset objects reloaded before import = 0Number of asset objects unloaded after import = 2

========================================================================
Received Import Request.
  Time since last request: 0.000018 seconds.
  path: Assets/content/4_Characters/1_Birds/9_PurpleBird/BodyParts/MainHand_Sword_02.png
  artifactKey: Guid(64686415b93c15a409e505d585fbf54a) Importer(815301076,1909f56bfc062723c751e8b465ee728b)
Start importing Assets/content/4_Characters/1_Birds/9_PurpleBird/BodyParts/MainHand_Sword_02.png using Guid(64686415b93c15a409e505d585fbf54a) Importer(815301076,1909f56bfc062723c751e8b465ee728b) (PreviewImporter) -> (artifact id: '50c1a10243aee37a80f6853b04fb99d3') in 0.0073955 seconds
Number of updated asset objects reloaded before import = 0Number of asset objects unloaded after import = 2

========================================================================
Received Import Request.
  Time since last request: 0.000022 seconds.
  path: Assets/content/4_Characters/1_Birds/9_PurpleBird/BodyParts/MainHand_Sword_06.png
  artifactKey: Guid(29e3f282a07f95548884cf3def3c5b4b) Importer(815301076,1909f56bfc062723c751e8b465ee728b)
Start importing Assets/content/4_Characters/1_Birds/9_PurpleBird/BodyParts/MainHand_Sword_06.png using Guid(29e3f282a07f95548884cf3def3c5b4b) Importer(815301076,1909f56bfc062723c751e8b465ee728b) (PreviewImporter) -> (artifact id: '1fcf2e09008a27dfa1cf890b21349d0b') in 0.0074506 seconds
Number of updated asset objects reloaded before import = 0Number of asset objects unloaded after import = 2

========================================================================
Received Import Request.
  Time since last request: 0.000019 seconds.
  path: Assets/content/4_Characters/1_Birds/9_PurpleBird/BodyParts/MainHand_Sword_04.png
  artifactKey: Guid(bb29baaf0d928044889e51ab7531f92d) Importer(815301076,1909f56bfc062723c751e8b465ee728b)
Start importing Assets/content/4_Characters/1_Birds/9_PurpleBird/BodyParts/MainHand_Sword_04.png using Guid(bb29baaf0d928044889e51ab7531f92d) Importer(815301076,1909f56bfc062723c751e8b465ee728b) (PreviewImporter) -> (artifact id: '04cd9e1f379e68640d929507bd573474') in 0.0070519 seconds
Number of updated asset objects reloaded before import = 0Number of asset objects unloaded after import = 2

========================================================================
Received Import Request.
  Time since last request: 0.000020 seconds.
  path: Assets/content/4_Characters/1_Birds/9_PurpleBird/BodyParts/OffHand_Red_Set_02.png
  artifactKey: Guid(e9b10b85e3e774347a60f835b9c20a69) Importer(815301076,1909f56bfc062723c751e8b465ee728b)
Start importing Assets/content/4_Characters/1_Birds/9_PurpleBird/BodyParts/OffHand_Red_Set_02.png using Guid(e9b10b85e3e774347a60f835b9c20a69) Importer(815301076,1909f56bfc062723c751e8b465ee728b) (PreviewImporter) -> (artifact id: '8ff31c7d00116dc8f863fedc83458854') in 0.0079359 seconds
Number of updated asset objects reloaded before import = 0Number of asset objects unloaded after import = 2

========================================================================
Received Import Request.
  Time since last request: 0.000028 seconds.
  path: Assets/content/4_Characters/1_Birds/9_PurpleBird/BodyParts/OffHand_Banner_07.png
  artifactKey: Guid(9364a46e116be984f8eb650a491dab2a) Importer(815301076,1909f56bfc062723c751e8b465ee728b)
Start importing Assets/content/4_Characters/1_Birds/9_PurpleBird/BodyParts/OffHand_Banner_07.png using Guid(9364a46e116be984f8eb650a491dab2a) Importer(815301076,1909f56bfc062723c751e8b465ee728b) (PreviewImporter) -> (artifact id: '893725805b70bb3c733688073ef6b546') in 0.0109 seconds
Number of updated asset objects reloaded before import = 0Number of asset objects unloaded after import = 2

========================================================================
Received Import Request.
  Time since last request: 0.000022 seconds.
  path: Assets/content/4_Characters/1_Birds/9_PurpleBird/BodyParts/OffHand_Red_Set_03.png
  artifactKey: Guid(adf9528d1559e99469e32e1b23ba1e22) Importer(815301076,1909f56bfc062723c751e8b465ee728b)
Start importing Assets/content/4_Characters/1_Birds/9_PurpleBird/BodyParts/OffHand_Red_Set_03.png using Guid(adf9528d1559e99469e32e1b23ba1e22) Importer(815301076,1909f56bfc062723c751e8b465ee728b) (PreviewImporter) -> (artifact id: '04ccf98a6e87cfe76fc38c3ab4547cc5') in 0.0102334 seconds
Number of updated asset objects reloaded before import = 0Number of asset objects unloaded after import = 2

========================================================================
Received Import Request.
  Time since last request: 0.000023 seconds.
  path: Assets/content/4_Characters/1_Birds/9_PurpleBird/BodyParts/OffHand_Shield_03.png
  artifactKey: Guid(279a3fa888807b444a4915a8fda0dce3) Importer(815301076,1909f56bfc062723c751e8b465ee728b)
Start importing Assets/content/4_Characters/1_Birds/9_PurpleBird/BodyParts/OffHand_Shield_03.png using Guid(279a3fa888807b444a4915a8fda0dce3) Importer(815301076,1909f56bfc062723c751e8b465ee728b) (PreviewImporter) -> (artifact id: '4a33118104e6f15faeb4f861918f4c26') in 0.0075767 seconds
Number of updated asset objects reloaded before import = 0Number of asset objects unloaded after import = 2

========================================================================
Received Import Request.
  Time since last request: 0.000017 seconds.
  path: Assets/content/4_Characters/1_Birds/9_PurpleBird/BodyParts/MainHand_Red_Set_06.png
  artifactKey: Guid(18825817decf98a4a93be58b6cbacad5) Importer(815301076,1909f56bfc062723c751e8b465ee728b)
Start importing Assets/content/4_Characters/1_Birds/9_PurpleBird/BodyParts/MainHand_Red_Set_06.png using Guid(18825817decf98a4a93be58b6cbacad5) Importer(815301076,1909f56bfc062723c751e8b465ee728b) (PreviewImporter) -> (artifact id: 'd7eb994cd01343cd763b066814410e2b') in 0.0107857 seconds
Number of updated asset objects reloaded before import = 0Number of asset objects unloaded after import = 2

========================================================================
Received Import Request.
  Time since last request: 0.000027 seconds.
  path: Assets/content/4_Characters/1_Birds/9_PurpleBird/BodyParts/OffHand_Shield_04.png
  artifactKey: Guid(84d16956a9581a34e9c2679c39c35cd6) Importer(815301076,1909f56bfc062723c751e8b465ee728b)
Start importing Assets/content/4_Characters/1_Birds/9_PurpleBird/BodyParts/OffHand_Shield_04.png using Guid(84d16956a9581a34e9c2679c39c35cd6) Importer(815301076,1909f56bfc062723c751e8b465ee728b) (PreviewImporter) -> (artifact id: 'efb67d21d827b6df6a568eb967ef4a14') in 0.0076215 seconds
Number of updated asset objects reloaded before import = 0Number of asset objects unloaded after import = 2

========================================================================
Received Import Request.
  Time since last request: 0.000037 seconds.
  path: Assets/content/4_Characters/1_Birds/9_PurpleBird/BodyParts/OffHand_Red_Set_01.png
  artifactKey: Guid(754d12939cec2084998a3d05c18bc2c2) Importer(815301076,1909f56bfc062723c751e8b465ee728b)
Start importing Assets/content/4_Characters/1_Birds/9_PurpleBird/BodyParts/OffHand_Red_Set_01.png using Guid(754d12939cec2084998a3d05c18bc2c2) Importer(815301076,1909f56bfc062723c751e8b465ee728b) (PreviewImporter) -> (artifact id: '4f89d22b09d2e5bb1bb276034dc4990e') in 0.0221775 seconds
Number of updated asset objects reloaded before import = 0Number of asset objects unloaded after import = 2

========================================================================
Received Import Request.
  Time since last request: 0.000024 seconds.
  path: Assets/content/4_Characters/1_Birds/9_PurpleBird/BodyParts/MainHand_Lance_07.png
  artifactKey: Guid(78f1392c592451f408e7f5e3b03994da) Importer(815301076,1909f56bfc062723c751e8b465ee728b)
Start importing Assets/content/4_Characters/1_Birds/9_PurpleBird/BodyParts/MainHand_Lance_07.png using Guid(78f1392c592451f408e7f5e3b03994da) Importer(815301076,1909f56bfc062723c751e8b465ee728b) (PreviewImporter) -> (artifact id: '57e8cd87eba3a6f4e99f6731b2cc499d') in 0.0103742 seconds
Number of updated asset objects reloaded before import = 0Number of asset objects unloaded after import = 2

========================================================================
Received Import Request.
  Time since last request: 0.000019 seconds.
  path: Assets/content/4_Characters/1_Birds/9_PurpleBird/BodyParts/MainHand_Hammer_08.png
  artifactKey: Guid(f47fd280b0656cd478f35c236c0c3062) Importer(815301076,1909f56bfc062723c751e8b465ee728b)
Start importing Assets/content/4_Characters/1_Birds/9_PurpleBird/BodyParts/MainHand_Hammer_08.png using Guid(f47fd280b0656cd478f35c236c0c3062) Importer(815301076,1909f56bfc062723c751e8b465ee728b) (PreviewImporter) -> (artifact id: '1577f50408b92449d3393ab8347a269d') in 0.0070049 seconds
Number of updated asset objects reloaded before import = 0Number of asset objects unloaded after import = 2

========================================================================
Received Import Request.
  Time since last request: 0.000018 seconds.
  path: Assets/content/4_Characters/1_Birds/9_PurpleBird/BodyParts/MainHand_Lance_04.png
  artifactKey: Guid(0570c685851b32449a4fa6a567748639) Importer(815301076,1909f56bfc062723c751e8b465ee728b)
Start importing Assets/content/4_Characters/1_Birds/9_PurpleBird/BodyParts/MainHand_Lance_04.png using Guid(0570c685851b32449a4fa6a567748639) Importer(815301076,1909f56bfc062723c751e8b465ee728b) (PreviewImporter) -> (artifact id: '8aee42ef1997d6c6c0fbfa1c1a49e171') in 0.0105867 seconds
Number of updated asset objects reloaded before import = 0Number of asset objects unloaded after import = 2

========================================================================
Received Import Request.
  Time since last request: 0.000024 seconds.
  path: Assets/content/4_Characters/1_Birds/9_PurpleBird/BodyParts/MainHand_Red_Set_04.png
  artifactKey: Guid(5cd28a549652ed44a90541ec6810dc04) Importer(815301076,1909f56bfc062723c751e8b465ee728b)
Start importing Assets/content/4_Characters/1_Birds/9_PurpleBird/BodyParts/MainHand_Red_Set_04.png using Guid(5cd28a549652ed44a90541ec6810dc04) Importer(815301076,1909f56bfc062723c751e8b465ee728b) (PreviewImporter) -> (artifact id: '6f485fb2ed5eb0f4220bba6414c5e487') in 0.010483 seconds
Number of updated asset objects reloaded before import = 0Number of asset objects unloaded after import = 2

========================================================================
Received Import Request.
  Time since last request: 0.000021 seconds.
  path: Assets/content/4_Characters/1_Birds/9_PurpleBird/BodyParts/OffHand_Banner_02.png
  artifactKey: Guid(8e8bd6a2638724e4899a868ef5052741) Importer(815301076,1909f56bfc062723c751e8b465ee728b)
Start importing Assets/content/4_Characters/1_Birds/9_PurpleBird/BodyParts/OffHand_Banner_02.png using Guid(8e8bd6a2638724e4899a868ef5052741) Importer(815301076,1909f56bfc062723c751e8b465ee728b) (PreviewImporter) -> (artifact id: 'dd1adae7844b1b43cd4740b6b840a0d1') in 0.0093822 seconds
Number of updated asset objects reloaded before import = 0Number of asset objects unloaded after import = 2

========================================================================
Received Import Request.
  Time since last request: 0.000023 seconds.
  path: Assets/content/4_Characters/1_Birds/9_PurpleBird/BodyParts/OffHand_Banner_08.png
  artifactKey: Guid(701d2a9896edeb74d8713c703e359b7a) Importer(815301076,1909f56bfc062723c751e8b465ee728b)
Start importing Assets/content/4_Characters/1_Birds/9_PurpleBird/BodyParts/OffHand_Banner_08.png using Guid(701d2a9896edeb74d8713c703e359b7a) Importer(815301076,1909f56bfc062723c751e8b465ee728b) (PreviewImporter) -> (artifact id: 'c4ff2fa20071570fae0c125f89b670f9') in 0.0098421 seconds
Number of updated asset objects reloaded before import = 0Number of asset objects unloaded after import = 2

========================================================================
Received Import Request.
  Time since last request: 0.000042 seconds.
  path: Assets/content/4_Characters/1_Birds/9_PurpleBird/BodyParts/Tail.png
  artifactKey: Guid(d80a78c03c95b864296a3c31bd550845) Importer(815301076,1909f56bfc062723c751e8b465ee728b)
Start importing Assets/content/4_Characters/1_Birds/9_PurpleBird/BodyParts/Tail.png using Guid(d80a78c03c95b864296a3c31bd550845) Importer(815301076,1909f56bfc062723c751e8b465ee728b) (PreviewImporter) -> (artifact id: '031e793266b1e6b678d8b3eb4493c15b') in 0.0077164 seconds
Number of updated asset objects reloaded before import = 0Number of asset objects unloaded after import = 2

========================================================================
Received Import Request.
  Time since last request: 0.000036 seconds.
  path: Assets/content/4_Characters/1_Birds/9_PurpleBird/BodyParts/Pupil_Left.png
  artifactKey: Guid(4ac8fdbc90d2c2d468e84512249711ec) Importer(815301076,1909f56bfc062723c751e8b465ee728b)
Start importing Assets/content/4_Characters/1_Birds/9_PurpleBird/BodyParts/Pupil_Left.png using Guid(4ac8fdbc90d2c2d468e84512249711ec) Importer(815301076,1909f56bfc062723c751e8b465ee728b) (PreviewImporter) -> (artifact id: 'b308195e88e8a20bc71e730b4e3f1543') in 0.008336 seconds
Number of updated asset objects reloaded before import = 0Number of asset objects unloaded after import = 2

========================================================================
Received Import Request.
  Time since last request: 0.000023 seconds.
  path: Assets/content/4_Characters/1_Birds/9_PurpleBird/BodyParts/Tail_Spread.png
  artifactKey: Guid(480bbff29ca09fd42a6be9a492ed6796) Importer(815301076,1909f56bfc062723c751e8b465ee728b)
Start importing Assets/content/4_Characters/1_Birds/9_PurpleBird/BodyParts/Tail_Spread.png using Guid(480bbff29ca09fd42a6be9a492ed6796) Importer(815301076,1909f56bfc062723c751e8b465ee728b) (PreviewImporter) -> (artifact id: '802635d4900c354f28dff542477b7988') in 0.0090821 seconds
Number of updated asset objects reloaded before import = 0Number of asset objects unloaded after import = 2

========================================================================
Received Import Request.
  Time since last request: 0.000024 seconds.
  path: Assets/content/4_Characters/1_Birds/9_PurpleBird/BodyParts/OffHand_Shield_05.png
  artifactKey: Guid(cdeacd3b9a6d8364b99c3f902d4cecf4) Importer(815301076,1909f56bfc062723c751e8b465ee728b)
Start importing Assets/content/4_Characters/1_Birds/9_PurpleBird/BodyParts/OffHand_Shield_05.png using Guid(cdeacd3b9a6d8364b99c3f902d4cecf4) Importer(815301076,1909f56bfc062723c751e8b465ee728b) (PreviewImporter) -> (artifact id: '305f09dd35a9078a3966741187b90b18') in 0.010113 seconds
Number of updated asset objects reloaded before import = 0Number of asset objects unloaded after import = 2

========================================================================
Received Import Request.
  Time since last request: 0.000038 seconds.
  path: Assets/content/4_Characters/1_Birds/9_PurpleBird/BodyParts/OffHand_Shield_01.png
  artifactKey: Guid(0451d81ebb68fe043b9ec8d3b0828d58) Importer(815301076,1909f56bfc062723c751e8b465ee728b)
Start importing Assets/content/4_Characters/1_Birds/9_PurpleBird/BodyParts/OffHand_Shield_01.png using Guid(0451d81ebb68fe043b9ec8d3b0828d58) Importer(815301076,1909f56bfc062723c751e8b465ee728b) (PreviewImporter) -> (artifact id: 'b1da15520242c0de31397619353c1fba') in 0.0097856 seconds
Number of updated asset objects reloaded before import = 0Number of asset objects unloaded after import = 2

========================================================================
Received Import Request.
  Time since last request: 0.000021 seconds.
  path: Assets/content/4_Characters/1_Birds/9_PurpleBird/BodyParts/OffHand_Shield_08.png
  artifactKey: Guid(3f6bd486e7c758f478aacdddef80e386) Importer(815301076,1909f56bfc062723c751e8b465ee728b)
Start importing Assets/content/4_Characters/1_Birds/9_PurpleBird/BodyParts/OffHand_Shield_08.png using Guid(3f6bd486e7c758f478aacdddef80e386) Importer(815301076,1909f56bfc062723c751e8b465ee728b) (PreviewImporter) -> (artifact id: '804661fd5c0e9785ecc9eeb1e8572eb9') in 0.0094367 seconds
Number of updated asset objects reloaded before import = 0Number of asset objects unloaded after import = 2

========================================================================
Received Import Request.
  Time since last request: 0.000028 seconds.
  path: Assets/content/4_Characters/1_Birds/9_PurpleBird/BodyParts/OffHand_Shield_06.png
  artifactKey: Guid(3f8ebf54304b7854e8a938caf5c75fe5) Importer(815301076,1909f56bfc062723c751e8b465ee728b)
Start importing Assets/content/4_Characters/1_Birds/9_PurpleBird/BodyParts/OffHand_Shield_06.png using Guid(3f8ebf54304b7854e8a938caf5c75fe5) Importer(815301076,1909f56bfc062723c751e8b465ee728b) (PreviewImporter) -> (artifact id: '68d95f395c41342848a65a1f3326a9af') in 0.007526 seconds
Number of updated asset objects reloaded before import = 0Number of asset objects unloaded after import = 2

========================================================================
Received Import Request.
  Time since last request: 0.000020 seconds.
  path: Assets/content/4_Characters/1_Birds/9_PurpleBird/BodyParts/MainHand_Red_Set_03.png
  artifactKey: Guid(e6620b4fd54377942a6d73b463d759f3) Importer(815301076,1909f56bfc062723c751e8b465ee728b)
Start importing Assets/content/4_Characters/1_Birds/9_PurpleBird/BodyParts/MainHand_Red_Set_03.png using Guid(e6620b4fd54377942a6d73b463d759f3) Importer(815301076,1909f56bfc062723c751e8b465ee728b) (PreviewImporter) -> (artifact id: 'c125f94a7c91a68ca34b4f1e8fa651a7') in 0.0102999 seconds
Number of updated asset objects reloaded before import = 0Number of asset objects unloaded after import = 2

========================================================================
Received Import Request.
  Time since last request: 0.000028 seconds.
  path: Assets/content/4_Characters/1_Birds/9_PurpleBird/BodyParts/MainHand_Red_Set_05.png
  artifactKey: Guid(6d9d5fd4e36a33b419439c0dcb03d061) Importer(815301076,1909f56bfc062723c751e8b465ee728b)
Start importing Assets/content/4_Characters/1_Birds/9_PurpleBird/BodyParts/MainHand_Red_Set_05.png using Guid(6d9d5fd4e36a33b419439c0dcb03d061) Importer(815301076,1909f56bfc062723c751e8b465ee728b) (PreviewImporter) -> (artifact id: '1d63b233f04d215b05ba1ab35448c8dd') in 0.0088771 seconds
Number of updated asset objects reloaded before import = 0Number of asset objects unloaded after import = 2

========================================================================
Received Import Request.
  Time since last request: 0.000027 seconds.
  path: Assets/content/4_Characters/1_Birds/9_PurpleBird/BodyParts/MainHand_Red_Set_02.png
  artifactKey: Guid(40d2dac1bcf7031439e9d70d50dbd90c) Importer(815301076,1909f56bfc062723c751e8b465ee728b)
Start importing Assets/content/4_Characters/1_Birds/9_PurpleBird/BodyParts/MainHand_Red_Set_02.png using Guid(40d2dac1bcf7031439e9d70d50dbd90c) Importer(815301076,1909f56bfc062723c751e8b465ee728b) (PreviewImporter) -> (artifact id: 'e14e8c81f0c89401e175a867730270dd') in 0.0083555 seconds
Number of updated asset objects reloaded before import = 0Number of asset objects unloaded after import = 2

========================================================================
Received Import Request.
  Time since last request: 0.000047 seconds.
  path: Assets/content/4_Characters/1_Birds/9_PurpleBird/BodyParts/OffHand_GSSSSS_01.png
  artifactKey: Guid(05b59b00943dd74418e32ee8da8846c7) Importer(815301076,1909f56bfc062723c751e8b465ee728b)
Start importing Assets/content/4_Characters/1_Birds/9_PurpleBird/BodyParts/OffHand_GSSSSS_01.png using Guid(05b59b00943dd74418e32ee8da8846c7) Importer(815301076,1909f56bfc062723c751e8b465ee728b) (PreviewImporter) -> (artifact id: 'cf1f2641189ee99a88dc2bf398d0115e') in 0.0089116 seconds
Number of updated asset objects reloaded before import = 0Number of asset objects unloaded after import = 2

========================================================================
Received Import Request.
  Time since last request: 0.000018 seconds.
  path: Assets/content/4_Characters/1_Birds/9_PurpleBird/BodyParts/MainHand_Sword_09.png
  artifactKey: Guid(218d2e01b701f2644af28d68ddd569df) Importer(815301076,1909f56bfc062723c751e8b465ee728b)
Start importing Assets/content/4_Characters/1_Birds/9_PurpleBird/BodyParts/MainHand_Sword_09.png using Guid(218d2e01b701f2644af28d68ddd569df) Importer(815301076,1909f56bfc062723c751e8b465ee728b) (PreviewImporter) -> (artifact id: '463538698b89f099dbe47302e825ab0e') in 0.0073624 seconds
Number of updated asset objects reloaded before import = 0Number of asset objects unloaded after import = 2

========================================================================
Received Import Request.
  Time since last request: 0.000018 seconds.
  path: Assets/content/4_Characters/1_Birds/9_PurpleBird/BodyParts/MainHand_Sword_07.png
  artifactKey: Guid(410d576719efc6d43bc708fd957e4327) Importer(815301076,1909f56bfc062723c751e8b465ee728b)
Start importing Assets/content/4_Characters/1_Birds/9_PurpleBird/BodyParts/MainHand_Sword_07.png using Guid(410d576719efc6d43bc708fd957e4327) Importer(815301076,1909f56bfc062723c751e8b465ee728b) (PreviewImporter) -> (artifact id: '4c89c135aa3ba2dcfd51323ef1b1be29') in 0.0082774 seconds
Number of updated asset objects reloaded before import = 0Number of asset objects unloaded after import = 2

========================================================================
Received Import Request.
  Time since last request: 0.000024 seconds.
  path: Assets/content/4_Characters/1_Birds/9_PurpleBird/BodyParts/MainHand_Lance_08.png
  artifactKey: Guid(2908b2a307313ed468b709b42579a435) Importer(815301076,1909f56bfc062723c751e8b465ee728b)
Start importing Assets/content/4_Characters/1_Birds/9_PurpleBird/BodyParts/MainHand_Lance_08.png using Guid(2908b2a307313ed468b709b42579a435) Importer(815301076,1909f56bfc062723c751e8b465ee728b) (PreviewImporter) -> (artifact id: '734967af15c57ec5a77f2b1f6d1eaf19') in 0.0091912 seconds
Number of updated asset objects reloaded before import = 0Number of asset objects unloaded after import = 2

========================================================================
Received Import Request.
  Time since last request: 0.000019 seconds.
  path: Assets/content/4_Characters/1_Birds/9_PurpleBird/BodyParts/MainHand_Sword_01.png
  artifactKey: Guid(9f6ea111e92b72443a91944b5de4eb4c) Importer(815301076,1909f56bfc062723c751e8b465ee728b)
Start importing Assets/content/4_Characters/1_Birds/9_PurpleBird/BodyParts/MainHand_Sword_01.png using Guid(9f6ea111e92b72443a91944b5de4eb4c) Importer(815301076,1909f56bfc062723c751e8b465ee728b) (PreviewImporter) -> (artifact id: '7f9b72c3f1616e1db8629b521b64ef31') in 0.0187263 seconds
Number of updated asset objects reloaded before import = 0Number of asset objects unloaded after import = 2

========================================================================
Received Import Request.
  Time since last request: 0.000022 seconds.
  path: Assets/content/4_Characters/1_Birds/9_PurpleBird/BodyParts/MainHand_Lance_06.png
  artifactKey: Guid(9cb5bd92ad2441e41b3bc3ef26280792) Importer(815301076,1909f56bfc062723c751e8b465ee728b)
Start importing Assets/content/4_Characters/1_Birds/9_PurpleBird/BodyParts/MainHand_Lance_06.png using Guid(9cb5bd92ad2441e41b3bc3ef26280792) Importer(815301076,1909f56bfc062723c751e8b465ee728b) (PreviewImporter) -> (artifact id: '1413ef8df25bbaee4b2d0eb7d59b9453') in 0.0080807 seconds
Number of updated asset objects reloaded before import = 0Number of asset objects unloaded after import = 2

========================================================================
Received Import Request.
  Time since last request: 0.000025 seconds.
  path: Assets/content/4_Characters/1_Birds/9_PurpleBird/BodyParts/MainHand_Sword_03.png
  artifactKey: Guid(f708c918c3b6e644b87402c621b32a0d) Importer(815301076,1909f56bfc062723c751e8b465ee728b)
Start importing Assets/content/4_Characters/1_Birds/9_PurpleBird/BodyParts/MainHand_Sword_03.png using Guid(f708c918c3b6e644b87402c621b32a0d) Importer(815301076,1909f56bfc062723c751e8b465ee728b) (PreviewImporter) -> (artifact id: 'a475a4f7bc40a3dc09296ad3ad9efeb5') in 0.0096201 seconds
Number of updated asset objects reloaded before import = 0Number of asset objects unloaded after import = 2

========================================================================
Received Import Request.
  Time since last request: 0.000035 seconds.
  path: Assets/content/4_Characters/1_Birds/9_PurpleBird/BodyParts/MainHand_Hammer_05.png
  artifactKey: Guid(9e38af7ac3ef0824fadafa5778f72c26) Importer(815301076,1909f56bfc062723c751e8b465ee728b)
Start importing Assets/content/4_Characters/1_Birds/9_PurpleBird/BodyParts/MainHand_Hammer_05.png using Guid(9e38af7ac3ef0824fadafa5778f72c26) Importer(815301076,1909f56bfc062723c751e8b465ee728b) (PreviewImporter) -> (artifact id: 'ed3006d1c1cb748545e4d19f8ff5d84d') in 0.0098745 seconds
Number of updated asset objects reloaded before import = 0Number of asset objects unloaded after import = 2

========================================================================
Received Import Request.
  Time since last request: 0.000020 seconds.
  path: Assets/content/4_Characters/1_Birds/9_PurpleBird/BodyParts/MainHand_Lance_01.png
  artifactKey: Guid(6eadf2e0b510bf144b32657de3f25e92) Importer(815301076,1909f56bfc062723c751e8b465ee728b)
Start importing Assets/content/4_Characters/1_Birds/9_PurpleBird/BodyParts/MainHand_Lance_01.png using Guid(6eadf2e0b510bf144b32657de3f25e92) Importer(815301076,1909f56bfc062723c751e8b465ee728b) (PreviewImporter) -> (artifact id: '3dec8bc52edb3a9aa2a0495d8753d270') in 0.0090318 seconds
Number of updated asset objects reloaded before import = 0Number of asset objects unloaded after import = 2

========================================================================
Received Import Request.
  Time since last request: 0.000020 seconds.
  path: Assets/content/4_Characters/1_Birds/9_PurpleBird/BodyParts/OffHand_Banner_04.png
  artifactKey: Guid(ba94d3c4042374a4b947724fa6f3db85) Importer(815301076,1909f56bfc062723c751e8b465ee728b)
Start importing Assets/content/4_Characters/1_Birds/9_PurpleBird/BodyParts/OffHand_Banner_04.png using Guid(ba94d3c4042374a4b947724fa6f3db85) Importer(815301076,1909f56bfc062723c751e8b465ee728b) (PreviewImporter) -> (artifact id: '993693192a2419e16143dc1f9ea71b3b') in 0.0087613 seconds
Number of updated asset objects reloaded before import = 0Number of asset objects unloaded after import = 2

========================================================================
Received Import Request.
  Time since last request: 0.000018 seconds.
  path: Assets/content/4_Characters/1_Birds/9_PurpleBird/BodyParts/OffHand_Red_Set_05.png
  artifactKey: Guid(35fa4220c537f8442a8ced10c004b508) Importer(815301076,1909f56bfc062723c751e8b465ee728b)
Start importing Assets/content/4_Characters/1_Birds/9_PurpleBird/BodyParts/OffHand_Red_Set_05.png using Guid(35fa4220c537f8442a8ced10c004b508) Importer(815301076,1909f56bfc062723c751e8b465ee728b) (PreviewImporter) -> (artifact id: '63832107f766f09d275eae0f0b5b225e') in 0.009854 seconds
Number of updated asset objects reloaded before import = 0Number of asset objects unloaded after import = 2

========================================================================
Received Import Request.
  Time since last request: 0.000024 seconds.
  path: Assets/content/4_Characters/1_Birds/9_PurpleBird/BodyParts/OffHand_Red_Set_04.png
  artifactKey: Guid(df2a38272ff9ae74587cabb014dcec3b) Importer(815301076,1909f56bfc062723c751e8b465ee728b)
Start importing Assets/content/4_Characters/1_Birds/9_PurpleBird/BodyParts/OffHand_Red_Set_04.png using Guid(df2a38272ff9ae74587cabb014dcec3b) Importer(815301076,1909f56bfc062723c751e8b465ee728b) (PreviewImporter) -> (artifact id: '6d4a86e2d57d1537b6c5393c904f40ca') in 0.0082635 seconds
Number of updated asset objects reloaded before import = 0Number of asset objects unloaded after import = 2

========================================================================
Received Import Request.
  Time since last request: 0.000041 seconds.
  path: Assets/content/4_Characters/1_Birds/9_PurpleBird/BodyParts/OffHand_Shield_02.png
  artifactKey: Guid(f42dfafdbb055d54aa578d7bf26be55c) Importer(815301076,1909f56bfc062723c751e8b465ee728b)
Start importing Assets/content/4_Characters/1_Birds/9_PurpleBird/BodyParts/OffHand_Shield_02.png using Guid(f42dfafdbb055d54aa578d7bf26be55c) Importer(815301076,1909f56bfc062723c751e8b465ee728b) (PreviewImporter) -> (artifact id: '1a19a38fb1ae38f0706127fd030f3599') in 0.0110927 seconds
Number of updated asset objects reloaded before import = 0Number of asset objects unloaded after import = 2

========================================================================
Received Import Request.
  Time since last request: 0.000022 seconds.
  path: Assets/content/4_Characters/1_Birds/9_PurpleBird/BodyParts/OffHand_Banner_03.png
  artifactKey: Guid(ff162a5deadcc094d992a077cc51646d) Importer(815301076,1909f56bfc062723c751e8b465ee728b)
Start importing Assets/content/4_Characters/1_Birds/9_PurpleBird/BodyParts/OffHand_Banner_03.png using Guid(ff162a5deadcc094d992a077cc51646d) Importer(815301076,1909f56bfc062723c751e8b465ee728b) (PreviewImporter) -> (artifact id: '276f7d1da7bcaa92afdad640c25b4a72') in 0.0093523 seconds
Number of updated asset objects reloaded before import = 0Number of asset objects unloaded after import = 2

========================================================================
Received Import Request.
  Time since last request: 0.000029 seconds.
  path: Assets/content/4_Characters/1_Birds/9_PurpleBird/BodyParts/OffHand_Banner_06.png
  artifactKey: Guid(ed172b22aa963c941b3ab2fb0a69ebf8) Importer(815301076,1909f56bfc062723c751e8b465ee728b)
Start importing Assets/content/4_Characters/1_Birds/9_PurpleBird/BodyParts/OffHand_Banner_06.png using Guid(ed172b22aa963c941b3ab2fb0a69ebf8) Importer(815301076,1909f56bfc062723c751e8b465ee728b) (PreviewImporter) -> (artifact id: 'ad6ddeaf4cd643f2c0033762f9808041') in 0.0112773 seconds
Number of updated asset objects reloaded before import = 0Number of asset objects unloaded after import = 2

========================================================================
Received Import Request.
  Time since last request: 0.000037 seconds.
  path: Assets/content/4_Characters/1_Birds/9_PurpleBird/BodyParts/MainHand_Hammer_07.png
  artifactKey: Guid(166834f3f43578843990ad559a9741f1) Importer(815301076,1909f56bfc062723c751e8b465ee728b)
Start importing Assets/content/4_Characters/1_Birds/9_PurpleBird/BodyParts/MainHand_Hammer_07.png using Guid(166834f3f43578843990ad559a9741f1) Importer(815301076,1909f56bfc062723c751e8b465ee728b) (PreviewImporter) -> (artifact id: '2454ef81055bb1d4dbc89d48702af3e2') in 0.0082084 seconds
Number of updated asset objects reloaded before import = 0Number of asset objects unloaded after import = 2

========================================================================
Received Import Request.
  Time since last request: 0.000023 seconds.
  path: Assets/content/4_Characters/1_Birds/9_PurpleBird/BodyParts/OffHand_Shield_07.png
  artifactKey: Guid(be4abebf678252543bd66d725860ce79) Importer(815301076,1909f56bfc062723c751e8b465ee728b)
Start importing Assets/content/4_Characters/1_Birds/9_PurpleBird/BodyParts/OffHand_Shield_07.png using Guid(be4abebf678252543bd66d725860ce79) Importer(815301076,1909f56bfc062723c751e8b465ee728b) (PreviewImporter) -> (artifact id: 'ccb62776294cd55485705a33f2dccb4f') in 0.0100261 seconds
Number of updated asset objects reloaded before import = 0Number of asset objects unloaded after import = 2

========================================================================
Received Import Request.
  Time since last request: 0.000033 seconds.
  path: Assets/content/4_Characters/1_Birds/9_PurpleBird/BodyParts/Shadow.png
  artifactKey: Guid(08ea2c7332fe5de4a990d1ba8d733366) Importer(815301076,1909f56bfc062723c751e8b465ee728b)
Start importing Assets/content/4_Characters/1_Birds/9_PurpleBird/BodyParts/Shadow.png using Guid(08ea2c7332fe5de4a990d1ba8d733366) Importer(815301076,1909f56bfc062723c751e8b465ee728b) (PreviewImporter) -> (artifact id: '0aeb7a2b76fb709e850eebe5e254de64') in 0.0097218 seconds
Number of updated asset objects reloaded before import = 0Number of asset objects unloaded after import = 2

========================================================================
Received Import Request.
  Time since last request: 0.000036 seconds.
  path: Assets/content/4_Characters/1_Birds/9_PurpleBird/BodyParts/OffHand_Red_Set_06.png
  artifactKey: Guid(02e1c134fc12c6944a8998716bae22c0) Importer(815301076,1909f56bfc062723c751e8b465ee728b)
Start importing Assets/content/4_Characters/1_Birds/9_PurpleBird/BodyParts/OffHand_Red_Set_06.png using Guid(02e1c134fc12c6944a8998716bae22c0) Importer(815301076,1909f56bfc062723c751e8b465ee728b) (PreviewImporter) -> (artifact id: 'e7ad1e1b6e48ceb5286e718949f4b6ae') in 0.0099752 seconds
Number of updated asset objects reloaded before import = 0Number of asset objects unloaded after import = 2

========================================================================
Received Import Request.
  Time since last request: 0.000024 seconds.
  path: Assets/content/4_Characters/1_Birds/9_PurpleBird/BodyParts/MainHand_Red_Set_01.png
  artifactKey: Guid(6f2012abcaafa2748bb35415698868bf) Importer(815301076,1909f56bfc062723c751e8b465ee728b)
Start importing Assets/content/4_Characters/1_Birds/9_PurpleBird/BodyParts/MainHand_Red_Set_01.png using Guid(6f2012abcaafa2748bb35415698868bf) Importer(815301076,1909f56bfc062723c751e8b465ee728b) (PreviewImporter) -> (artifact id: 'ca8377ac7760c25600109577b515f8de') in 0.0088699 seconds
Number of updated asset objects reloaded before import = 0Number of asset objects unloaded after import = 2

========================================================================
Received Import Request.
  Time since last request: 0.000021 seconds.
  path: Assets/content/4_Characters/1_Birds/9_PurpleBird/BodyParts/Pupil_Right.png
  artifactKey: Guid(700bd64ab6ca2584b82db04c008f49fe) Importer(815301076,1909f56bfc062723c751e8b465ee728b)
Start importing Assets/content/4_Characters/1_Birds/9_PurpleBird/BodyParts/Pupil_Right.png using Guid(700bd64ab6ca2584b82db04c008f49fe) Importer(815301076,1909f56bfc062723c751e8b465ee728b) (PreviewImporter) -> (artifact id: '33231b1bab44727713c7b97cd2947217') in 0.0075095 seconds
Number of updated asset objects reloaded before import = 0Number of asset objects unloaded after import = 2

========================================================================
Received Import Request.
  Time since last request: 0.000037 seconds.
  path: Assets/content/4_Characters/1_Birds/9_PurpleBird/BodyParts/MainHand_Lance_03.png
  artifactKey: Guid(65082ac2fa1710c4194b6f9f4340f2fb) Importer(815301076,1909f56bfc062723c751e8b465ee728b)
Start importing Assets/content/4_Characters/1_Birds/9_PurpleBird/BodyParts/MainHand_Lance_03.png using Guid(65082ac2fa1710c4194b6f9f4340f2fb) Importer(815301076,1909f56bfc062723c751e8b465ee728b) (PreviewImporter) -> (artifact id: '5936a98bdb62c198643e58a0678418ec') in 0.0089499 seconds
Number of updated asset objects reloaded before import = 0Number of asset objects unloaded after import = 2

========================================================================
Received Import Request.
  Time since last request: 0.000026 seconds.
  path: Assets/content/4_Characters/1_Birds/9_PurpleBird/BodyParts/OffHand_Banner_05.png
  artifactKey: Guid(1d30c319c23fe164e9c72a552f9950f6) Importer(815301076,1909f56bfc062723c751e8b465ee728b)
Start importing Assets/content/4_Characters/1_Birds/9_PurpleBird/BodyParts/OffHand_Banner_05.png using Guid(1d30c319c23fe164e9c72a552f9950f6) Importer(815301076,1909f56bfc062723c751e8b465ee728b) (PreviewImporter) -> (artifact id: '020c507cd10535a1c5bc5585871c9e17') in 0.0106202 seconds
Number of updated asset objects reloaded before import = 0Number of asset objects unloaded after import = 2

========================================================================
Received Import Request.
  Time since last request: 10.598588 seconds.
  path: Assets/content/4_Characters/1_Birds/9_PurpleBird/BodyParts/gale20.png
  artifactKey: Guid(4f2242796eff3954eaf7937b77739a1b) Importer(2089858483,192608db42251d675da83286b1cce702)
Start importing Assets/content/4_Characters/1_Birds/9_PurpleBird/BodyParts/gale20.png using Guid(4f2242796eff3954eaf7937b77739a1b) Importer(2089858483,192608db42251d675da83286b1cce702) (ScriptedImporter) -> (artifact id: '12dd21d4ee754da1f0b8bf5705b517cd') in 0.0091682 seconds
Number of updated asset objects reloaded before import = 0Number of asset objects unloaded after import = 1

========================================================================
Received Import Request.
  Time since last request: 0.000112 seconds.
  path: Assets/content/4_Characters/1_Birds/9_PurpleBird/BodyParts/Headgear_GaleCrown.png
  artifactKey: Guid(a755f952452d5b349b6dc61e391982c9) Importer(2089858483,192608db42251d675da83286b1cce702)
Start importing Assets/content/4_Characters/1_Birds/9_PurpleBird/BodyParts/Headgear_GaleCrown.png using Guid(a755f952452d5b349b6dc61e391982c9) Importer(2089858483,192608db42251d675da83286b1cce702) (ScriptedImporter) -> (artifact id: 'a239a9cfe26f1ad8f14308c130a9d1a0') in 0.0130552 seconds
Number of updated asset objects reloaded before import = 0Number of asset objects unloaded after import = 1

========================================================================
Received Import Request.
  Time since last request: 0.000065 seconds.
  path: Assets/content/4_Characters/1_Birds/9_PurpleBird/BodyParts/gale12.png
  artifactKey: Guid(e0d70db18366736458398a3dd5c1392a) Importer(2089858483,192608db42251d675da83286b1cce702)
Start importing Assets/content/4_Characters/1_Birds/9_PurpleBird/BodyParts/gale12.png using Guid(e0d70db18366736458398a3dd5c1392a) Importer(2089858483,192608db42251d675da83286b1cce702) (ScriptedImporter) -> (artifact id: 'e0eae583a6d7f747be85b328b7ea4d0a') in 0.0229427 seconds
Number of updated asset objects reloaded before import = 0Number of asset objects unloaded after import = 1

========================================================================
Received Import Request.
  Time since last request: 0.000049 seconds.
  path: Assets/content/4_Characters/1_Birds/9_PurpleBird/BodyParts/gale28.png
  artifactKey: Guid(364babd43e4e0f04394a14179f465d7a) Importer(2089858483,192608db42251d675da83286b1cce702)
Start importing Assets/content/4_Characters/1_Birds/9_PurpleBird/BodyParts/gale28.png using Guid(364babd43e4e0f04394a14179f465d7a) Importer(2089858483,192608db42251d675da83286b1cce702) (ScriptedImporter) -> (artifact id: 'c7518b1b0b77989bcd15dd6711bd563e') in 0.0114294 seconds
Number of updated asset objects reloaded before import = 0Number of asset objects unloaded after import = 1

========================================================================
Received Import Request.
  Time since last request: 0.000077 seconds.
  path: Assets/content/4_Characters/1_Birds/9_PurpleBird/BodyParts/gale5.png
  artifactKey: Guid(1969ebc6e11ba094ba7600df9e6b02ce) Importer(2089858483,192608db42251d675da83286b1cce702)
Start importing Assets/content/4_Characters/1_Birds/9_PurpleBird/BodyParts/gale5.png using Guid(1969ebc6e11ba094ba7600df9e6b02ce) Importer(2089858483,192608db42251d675da83286b1cce702) (ScriptedImporter) -> (artifact id: 'a79bf604e5015ab286359519503ecadc') in 0.0128966 seconds
Number of updated asset objects reloaded before import = 0Number of asset objects unloaded after import = 1

========================================================================
Received Import Request.
  Time since last request: 0.000084 seconds.
  path: Assets/content/4_Characters/1_Birds/9_PurpleBird/BodyParts/gale13.png
  artifactKey: Guid(0cbd3a898bd51ab439c83c41a7e34670) Importer(2089858483,192608db42251d675da83286b1cce702)
Start importing Assets/content/4_Characters/1_Birds/9_PurpleBird/BodyParts/gale13.png using Guid(0cbd3a898bd51ab439c83c41a7e34670) Importer(2089858483,192608db42251d675da83286b1cce702) (ScriptedImporter) -> (artifact id: '239e870f025f87595c867bc0275d1604') in 0.0106329 seconds
Number of updated asset objects reloaded before import = 0Number of asset objects unloaded after import = 1

========================================================================
Received Import Request.
  Time since last request: 0.000122 seconds.
  path: Assets/content/4_Characters/1_Birds/9_PurpleBird/BodyParts/gale27.png
  artifactKey: Guid(88022e3ba80dbb34bb4c518ce51c7810) Importer(2089858483,192608db42251d675da83286b1cce702)
Start importing Assets/content/4_Characters/1_Birds/9_PurpleBird/BodyParts/gale27.png using Guid(88022e3ba80dbb34bb4c518ce51c7810) Importer(2089858483,192608db42251d675da83286b1cce702) (ScriptedImporter) -> (artifact id: 'c66431da7fc5c08d424d2769acde6a48') in 0.0115933 seconds
Number of updated asset objects reloaded before import = 0Number of asset objects unloaded after import = 1

========================================================================
Received Import Request.
  Time since last request: 0.000090 seconds.
  path: Assets/content/4_Characters/1_Birds/9_PurpleBird/BodyParts/gale17.png
  artifactKey: Guid(19687b6dd64766e43b5964b801570982) Importer(2089858483,192608db42251d675da83286b1cce702)
Start importing Assets/content/4_Characters/1_Birds/9_PurpleBird/BodyParts/gale17.png using Guid(19687b6dd64766e43b5964b801570982) Importer(2089858483,192608db42251d675da83286b1cce702) (ScriptedImporter) -> (artifact id: '3f8b03f5608e3132416f0c248e04dc12') in 0.0109966 seconds
Number of updated asset objects reloaded before import = 0Number of asset objects unloaded after import = 1

========================================================================
Received Import Request.
  Time since last request: 0.000094 seconds.
  path: Assets/content/4_Characters/1_Birds/9_PurpleBird/BodyParts/gale8.png
  artifactKey: Guid(fbef22dba2439c14fb0c4285fb3f5de8) Importer(2089858483,192608db42251d675da83286b1cce702)
Start importing Assets/content/4_Characters/1_Birds/9_PurpleBird/BodyParts/gale8.png using Guid(fbef22dba2439c14fb0c4285fb3f5de8) Importer(2089858483,192608db42251d675da83286b1cce702) (ScriptedImporter) -> (artifact id: '92ecba2df9a90d9da68bedd5b528ea82') in 0.0195333 seconds
Number of updated asset objects reloaded before import = 0Number of asset objects unloaded after import = 1

========================================================================
Received Import Request.
  Time since last request: 0.000087 seconds.
  path: Assets/content/4_Characters/1_Birds/9_PurpleBird/BodyParts/bodyy.png
  artifactKey: Guid(a630912d0ba715b4391204bda4e8fb93) Importer(2089858483,192608db42251d675da83286b1cce702)
Start importing Assets/content/4_Characters/1_Birds/9_PurpleBird/BodyParts/bodyy.png using Guid(a630912d0ba715b4391204bda4e8fb93) Importer(2089858483,192608db42251d675da83286b1cce702) (ScriptedImporter) -> (artifact id: '6b331856bcf922a1cf88fcf475f168c0') in 0.0127555 seconds
Number of updated asset objects reloaded before import = 0Number of asset objects unloaded after import = 1

========================================================================
Received Import Request.
  Time since last request: 0.000124 seconds.
  path: Assets/content/4_Characters/1_Birds/9_PurpleBird/BodyParts/gale24.png
  artifactKey: Guid(ec3f4642fa69d0e41b06eb1dddc0dc67) Importer(2089858483,192608db42251d675da83286b1cce702)
Start importing Assets/content/4_Characters/1_Birds/9_PurpleBird/BodyParts/gale24.png using Guid(ec3f4642fa69d0e41b06eb1dddc0dc67) Importer(2089858483,192608db42251d675da83286b1cce702) (ScriptedImporter) -> (artifact id: 'e6ca19fb23c32fc3696759b70c89d99a') in 0.0117531 seconds
Number of updated asset objects reloaded before import = 0Number of asset objects unloaded after import = 1

========================================================================
Received Import Request.
  Time since last request: 0.000203 seconds.
  path: Assets/content/4_Characters/1_Birds/9_PurpleBird/BodyParts/gale7.png
  artifactKey: Guid(737a89eb58d28f04c9fcda75566b13d4) Importer(2089858483,192608db42251d675da83286b1cce702)
Start importing Assets/content/4_Characters/1_Birds/9_PurpleBird/BodyParts/gale7.png using Guid(737a89eb58d28f04c9fcda75566b13d4) Importer(2089858483,192608db42251d675da83286b1cce702) (ScriptedImporter) -> (artifact id: 'efcad68641f3ae643ab54fe02abcc7dd') in 0.0122499 seconds
Number of updated asset objects reloaded before import = 0Number of asset objects unloaded after import = 1

========================================================================
Received Import Request.
  Time since last request: 0.000122 seconds.
  path: Assets/content/4_Characters/1_Birds/9_PurpleBird/BodyParts/gale1.png
  artifactKey: Guid(50a789ca7b77cc047a028dcb2c560bac) Importer(2089858483,192608db42251d675da83286b1cce702)
Start importing Assets/content/4_Characters/1_Birds/9_PurpleBird/BodyParts/gale1.png using Guid(50a789ca7b77cc047a028dcb2c560bac) Importer(2089858483,192608db42251d675da83286b1cce702) (ScriptedImporter) -> (artifact id: 'bd182299f4af093d8e125601ab0110d9') in 0.0112663 seconds
Number of updated asset objects reloaded before import = 0Number of asset objects unloaded after import = 1

========================================================================
Received Import Request.
  Time since last request: 0.000096 seconds.
  path: Assets/content/4_Characters/1_Birds/9_PurpleBird/BodyParts/gale32.png
  artifactKey: Guid(2925b7492587879478409e76572f4afb) Importer(2089858483,192608db42251d675da83286b1cce702)
Start importing Assets/content/4_Characters/1_Birds/9_PurpleBird/BodyParts/gale32.png using Guid(2925b7492587879478409e76572f4afb) Importer(2089858483,192608db42251d675da83286b1cce702) (ScriptedImporter) -> (artifact id: 'ad3677285801378845dadefcf4606108') in 0.0118019 seconds
Number of updated asset objects reloaded before import = 0Number of asset objects unloaded after import = 1

========================================================================
Received Import Request.
  Time since last request: 0.000093 seconds.
  path: Assets/content/4_Characters/1_Birds/9_PurpleBird/BodyParts/gale9.png
  artifactKey: Guid(170bbbf83601cfe489c5182f5e2f7874) Importer(2089858483,192608db42251d675da83286b1cce702)
Start importing Assets/content/4_Characters/1_Birds/9_PurpleBird/BodyParts/gale9.png using Guid(170bbbf83601cfe489c5182f5e2f7874) Importer(2089858483,192608db42251d675da83286b1cce702) (ScriptedImporter) -> (artifact id: '5cf2a77d184cdd26f8fdae2446367570') in 0.0110929 seconds
Number of updated asset objects reloaded before import = 0Number of asset objects unloaded after import = 1

========================================================================
Received Import Request.
  Time since last request: 0.000072 seconds.
  path: Assets/content/4_Characters/1_Birds/9_PurpleBird/BodyParts/gale19.png
  artifactKey: Guid(c77849e8f6f6d4b4c90e61cac874ae03) Importer(2089858483,192608db42251d675da83286b1cce702)
Start importing Assets/content/4_Characters/1_Birds/9_PurpleBird/BodyParts/gale19.png using Guid(c77849e8f6f6d4b4c90e61cac874ae03) Importer(2089858483,192608db42251d675da83286b1cce702) (ScriptedImporter) -> (artifact id: '62168ddc061125bb5612b9842bbb2177') in 0.0124145 seconds
Number of updated asset objects reloaded before import = 0Number of asset objects unloaded after import = 1

========================================================================
Received Import Request.
  Time since last request: 0.000076 seconds.
  path: Assets/content/4_Characters/1_Birds/9_PurpleBird/BodyParts/gale21.png
  artifactKey: Guid(f4b393db84cacce4da0dc5957f5ce211) Importer(2089858483,192608db42251d675da83286b1cce702)
Start importing Assets/content/4_Characters/1_Birds/9_PurpleBird/BodyParts/gale21.png using Guid(f4b393db84cacce4da0dc5957f5ce211) Importer(2089858483,192608db42251d675da83286b1cce702) (ScriptedImporter) -> (artifact id: '67156f64b47adb491d7b8e901926d0bb') in 0.0112671 seconds
Number of updated asset objects reloaded before import = 0Number of asset objects unloaded after import = 1

========================================================================
Received Import Request.
  Time since last request: 0.000122 seconds.
  path: Assets/content/4_Characters/1_Birds/9_PurpleBird/BodyParts/Headgear_GaleCrown_Back.png
  artifactKey: Guid(3fcfbaf21c22d1d4e9396f26ca2c7915) Importer(2089858483,192608db42251d675da83286b1cce702)
Start importing Assets/content/4_Characters/1_Birds/9_PurpleBird/BodyParts/Headgear_GaleCrown_Back.png using Guid(3fcfbaf21c22d1d4e9396f26ca2c7915) Importer(2089858483,192608db42251d675da83286b1cce702) (ScriptedImporter) -> (artifact id: '3981de9c6a928efe580a33d0900cc658') in 0.012274 seconds
Number of updated asset objects reloaded before import = 0Number of asset objects unloaded after import = 1

========================================================================
Received Import Request.
  Time since last request: 0.000091 seconds.
  path: Assets/content/4_Characters/1_Birds/9_PurpleBird/BodyParts/gale30.png
  artifactKey: Guid(c0025eb36e97d274b8f7abd08b2e0022) Importer(2089858483,192608db42251d675da83286b1cce702)
Start importing Assets/content/4_Characters/1_Birds/9_PurpleBird/BodyParts/gale30.png using Guid(c0025eb36e97d274b8f7abd08b2e0022) Importer(2089858483,192608db42251d675da83286b1cce702) (ScriptedImporter) -> (artifact id: '966ba9e41bd68cfb00666f963753fc1b') in 0.0111392 seconds
Number of updated asset objects reloaded before import = 0Number of asset objects unloaded after import = 1

========================================================================
Received Import Request.
  Time since last request: 0.000082 seconds.
  path: Assets/content/4_Characters/1_Birds/9_PurpleBird/BodyParts/gale23.png
  artifactKey: Guid(f7770830ac677b24692473b48f524c43) Importer(2089858483,192608db42251d675da83286b1cce702)
Start importing Assets/content/4_Characters/1_Birds/9_PurpleBird/BodyParts/gale23.png using Guid(f7770830ac677b24692473b48f524c43) Importer(2089858483,192608db42251d675da83286b1cce702) (ScriptedImporter) -> (artifact id: '7a08ec9d4e60e8203521972a167065ba') in 0.0278974 seconds
Number of updated asset objects reloaded before import = 0Number of asset objects unloaded after import = 1

========================================================================
Received Import Request.
  Time since last request: 0.000089 seconds.
  path: Assets/content/4_Characters/1_Birds/9_PurpleBird/BodyParts/gale15.png
  artifactKey: Guid(0ac21ab5b5c44824c95f588b50500c04) Importer(2089858483,192608db42251d675da83286b1cce702)
Start importing Assets/content/4_Characters/1_Birds/9_PurpleBird/BodyParts/gale15.png using Guid(0ac21ab5b5c44824c95f588b50500c04) Importer(2089858483,192608db42251d675da83286b1cce702) (ScriptedImporter) -> (artifact id: 'c2fc386a77cd284c43600f635c8c63bd') in 0.010118 seconds
Number of updated asset objects reloaded before import = 0Number of asset objects unloaded after import = 1

========================================================================
Received Import Request.
  Time since last request: 0.000095 seconds.
  path: Assets/content/4_Characters/1_Birds/9_PurpleBird/BodyParts/gale11.png
  artifactKey: Guid(1c34ef4d009883a44bc63b15350a05f7) Importer(2089858483,192608db42251d675da83286b1cce702)
Start importing Assets/content/4_Characters/1_Birds/9_PurpleBird/BodyParts/gale11.png using Guid(1c34ef4d009883a44bc63b15350a05f7) Importer(2089858483,192608db42251d675da83286b1cce702) (ScriptedImporter) -> (artifact id: '78a8957c90573b801881c1e224145aa4') in 0.0109535 seconds
Number of updated asset objects reloaded before import = 0Number of asset objects unloaded after import = 1

========================================================================
Received Import Request.
  Time since last request: 0.000109 seconds.
  path: Assets/content/4_Characters/1_Birds/9_PurpleBird/BodyParts/gale6.png
  artifactKey: Guid(744c9ad645b6c9840aab54115d4361b7) Importer(2089858483,192608db42251d675da83286b1cce702)
Start importing Assets/content/4_Characters/1_Birds/9_PurpleBird/BodyParts/gale6.png using Guid(744c9ad645b6c9840aab54115d4361b7) Importer(2089858483,192608db42251d675da83286b1cce702) (ScriptedImporter) -> (artifact id: '26927930275ba2d2e590bbd2e643ede6') in 0.0107704 seconds
Number of updated asset objects reloaded before import = 0Number of asset objects unloaded after import = 1

========================================================================
Received Import Request.
  Time since last request: 0.000064 seconds.
  path: Assets/content/4_Characters/1_Birds/9_PurpleBird/BodyParts/gale10.png
  artifactKey: Guid(e9605f649acc4764f9661d7335f22d67) Importer(2089858483,192608db42251d675da83286b1cce702)
Start importing Assets/content/4_Characters/1_Birds/9_PurpleBird/BodyParts/gale10.png using Guid(e9605f649acc4764f9661d7335f22d67) Importer(2089858483,192608db42251d675da83286b1cce702) (ScriptedImporter) -> (artifact id: '0bcb6327fc26db2913c408b41fc01b21') in 0.0102891 seconds
Number of updated asset objects reloaded before import = 0Number of asset objects unloaded after import = 1

========================================================================
Received Import Request.
  Time since last request: 0.000077 seconds.
  path: Assets/content/4_Characters/1_Birds/9_PurpleBird/BodyParts/gale18.png
  artifactKey: Guid(d90558176069bc64f8189ee037f54544) Importer(2089858483,192608db42251d675da83286b1cce702)
Start importing Assets/content/4_Characters/1_Birds/9_PurpleBird/BodyParts/gale18.png using Guid(d90558176069bc64f8189ee037f54544) Importer(2089858483,192608db42251d675da83286b1cce702) (ScriptedImporter) -> (artifact id: '468b5e0f701301103c09a0a5623141b1') in 0.0119388 seconds
Number of updated asset objects reloaded before import = 0Number of asset objects unloaded after import = 1

========================================================================
Received Import Request.
  Time since last request: 0.000077 seconds.
  path: Assets/content/4_Characters/1_Birds/9_PurpleBird/BodyParts/gale31.png
  artifactKey: Guid(4993c7cf69fde9840a721c20877f585f) Importer(2089858483,192608db42251d675da83286b1cce702)
Start importing Assets/content/4_Characters/1_Birds/9_PurpleBird/BodyParts/gale31.png using Guid(4993c7cf69fde9840a721c20877f585f) Importer(2089858483,192608db42251d675da83286b1cce702) (ScriptedImporter) -> (artifact id: 'bd41a615a270dae9eabe253c89779730') in 0.0100204 seconds
Number of updated asset objects reloaded before import = 0Number of asset objects unloaded after import = 1

========================================================================
Received Import Request.
  Time since last request: 0.000083 seconds.
  path: Assets/content/4_Characters/1_Birds/9_PurpleBird/BodyParts/gale3.png
  artifactKey: Guid(467777156f3993c43b255790e0d23b8e) Importer(2089858483,192608db42251d675da83286b1cce702)
Start importing Assets/content/4_Characters/1_Birds/9_PurpleBird/BodyParts/gale3.png using Guid(467777156f3993c43b255790e0d23b8e) Importer(2089858483,192608db42251d675da83286b1cce702) (ScriptedImporter) -> (artifact id: '97d61be64731fa9250dc1df99a2ec159') in 0.0103383 seconds
Number of updated asset objects reloaded before import = 0Number of asset objects unloaded after import = 1

========================================================================
Received Import Request.
  Time since last request: 0.000071 seconds.
  path: Assets/content/4_Characters/1_Birds/9_PurpleBird/BodyParts/gale16.png
  artifactKey: Guid(d5507eb422b49a44bbca4e0344a5ed5d) Importer(2089858483,192608db42251d675da83286b1cce702)
Start importing Assets/content/4_Characters/1_Birds/9_PurpleBird/BodyParts/gale16.png using Guid(d5507eb422b49a44bbca4e0344a5ed5d) Importer(2089858483,192608db42251d675da83286b1cce702) (ScriptedImporter) -> (artifact id: '531384c40506a0d47728436431d5e391') in 0.0130539 seconds
Number of updated asset objects reloaded before import = 0Number of asset objects unloaded after import = 1

========================================================================
Received Import Request.
  Time since last request: 0.000099 seconds.
  path: Assets/content/4_Characters/1_Birds/9_PurpleBird/BodyParts/gale4.png
  artifactKey: Guid(d64bb0c3558b6df43a643a619aa779cd) Importer(2089858483,192608db42251d675da83286b1cce702)
Start importing Assets/content/4_Characters/1_Birds/9_PurpleBird/BodyParts/gale4.png using Guid(d64bb0c3558b6df43a643a619aa779cd) Importer(2089858483,192608db42251d675da83286b1cce702) (ScriptedImporter) -> (artifact id: '9df62d4f9e03bf7e4ed0b9a213eb24f9') in 0.0107156 seconds
Number of updated asset objects reloaded before import = 0Number of asset objects unloaded after import = 1

========================================================================
Received Import Request.
  Time since last request: 0.000085 seconds.
  path: Assets/content/4_Characters/1_Birds/9_PurpleBird/BodyParts/gale2.png
  artifactKey: Guid(c216dc54c88c8524dbaa0c1cf2fd87fa) Importer(2089858483,192608db42251d675da83286b1cce702)
Start importing Assets/content/4_Characters/1_Birds/9_PurpleBird/BodyParts/gale2.png using Guid(c216dc54c88c8524dbaa0c1cf2fd87fa) Importer(2089858483,192608db42251d675da83286b1cce702) (ScriptedImporter) -> (artifact id: '103dcdcb8c1c8f8ccd46e49e756e5e94') in 0.0100986 seconds
Number of updated asset objects reloaded before import = 0Number of asset objects unloaded after import = 1

========================================================================
Received Import Request.
  Time since last request: 0.000080 seconds.
  path: Assets/content/4_Characters/1_Birds/9_PurpleBird/BodyParts/gale14.png
  artifactKey: Guid(c2c68cea557bba0409cb2c02f9bbabf1) Importer(2089858483,192608db42251d675da83286b1cce702)
Start importing Assets/content/4_Characters/1_Birds/9_PurpleBird/BodyParts/gale14.png using Guid(c2c68cea557bba0409cb2c02f9bbabf1) Importer(2089858483,192608db42251d675da83286b1cce702) (ScriptedImporter) -> (artifact id: '02583db73319b006536446843446ade9') in 0.011321 seconds
Number of updated asset objects reloaded before import = 0Number of asset objects unloaded after import = 1

========================================================================
Received Import Request.
  Time since last request: 0.000085 seconds.
  path: Assets/content/4_Characters/1_Birds/9_PurpleBird/BodyParts/gale29.png
  artifactKey: Guid(cd2f751bbac83884884013564157a43b) Importer(2089858483,192608db42251d675da83286b1cce702)
Start importing Assets/content/4_Characters/1_Birds/9_PurpleBird/BodyParts/gale29.png using Guid(cd2f751bbac83884884013564157a43b) Importer(2089858483,192608db42251d675da83286b1cce702) (ScriptedImporter) -> (artifact id: '33dd2dd339630150bb4271b6a98b2a22') in 0.0104807 seconds
Number of updated asset objects reloaded before import = 0Number of asset objects unloaded after import = 1

========================================================================
Received Import Request.
  Time since last request: 0.000067 seconds.
  path: Assets/content/4_Characters/1_Birds/9_PurpleBird/BodyParts/gale22.png
  artifactKey: Guid(cd90885bd8671dd4d861f3d2455b7894) Importer(2089858483,192608db42251d675da83286b1cce702)
Start importing Assets/content/4_Characters/1_Birds/9_PurpleBird/BodyParts/gale22.png using Guid(cd90885bd8671dd4d861f3d2455b7894) Importer(2089858483,192608db42251d675da83286b1cce702) (ScriptedImporter) -> (artifact id: '4cdc163be43ac0db09aed8332d36b901') in 0.0106811 seconds
Number of updated asset objects reloaded before import = 0Number of asset objects unloaded after import = 1

========================================================================
Received Import Request.
  Time since last request: 0.000075 seconds.
  path: Assets/content/4_Characters/1_Birds/9_PurpleBird/BodyParts/gale25.png
  artifactKey: Guid(c964aee8c8f5e3c40a6d237dff3bd51d) Importer(2089858483,192608db42251d675da83286b1cce702)
Start importing Assets/content/4_Characters/1_Birds/9_PurpleBird/BodyParts/gale25.png using Guid(c964aee8c8f5e3c40a6d237dff3bd51d) Importer(2089858483,192608db42251d675da83286b1cce702) (ScriptedImporter) -> (artifact id: '6afc24ad77ae9274834cd741338e9844') in 0.0116467 seconds
Number of updated asset objects reloaded before import = 0Number of asset objects unloaded after import = 1

========================================================================
Received Import Request.
  Time since last request: 0.000092 seconds.
  path: Assets/content/4_Characters/1_Birds/9_PurpleBird/BodyParts/gale26.png
  artifactKey: Guid(65d0e5831a44cc944b77cbab705d1b3c) Importer(2089858483,192608db42251d675da83286b1cce702)
Start importing Assets/content/4_Characters/1_Birds/9_PurpleBird/BodyParts/gale26.png using Guid(65d0e5831a44cc944b77cbab705d1b3c) Importer(2089858483,192608db42251d675da83286b1cce702) (ScriptedImporter) -> (artifact id: '4287dcef32aedf0c36b7c82d9ca4c111') in 0.0103317 seconds
Number of updated asset objects reloaded before import = 0Number of asset objects unloaded after import = 1

========================================================================
Received Import Request.
  Time since last request: 1.105176 seconds.
  path: Assets/content/4_Characters/1_Birds/9_PurpleBird/BodyParts/gale32.png
  artifactKey: Guid(2925b7492587879478409e76572f4afb) Importer(815301076,1909f56bfc062723c751e8b465ee728b)
Start importing Assets/content/4_Characters/1_Birds/9_PurpleBird/BodyParts/gale32.png using Guid(2925b7492587879478409e76572f4afb) Importer(815301076,1909f56bfc062723c751e8b465ee728b) (PreviewImporter) -> (artifact id: 'e4043731352d4e831b3645d0529cecc2') in 0.0065131 seconds
Number of updated asset objects reloaded before import = 0Number of asset objects unloaded after import = 2

========================================================================
Received Import Request.
  Time since last request: 0.000016 seconds.
  path: Assets/content/4_Characters/1_Birds/9_PurpleBird/BodyParts/Headgear_GaleCrown_Back.png
  artifactKey: Guid(3fcfbaf21c22d1d4e9396f26ca2c7915) Importer(815301076,1909f56bfc062723c751e8b465ee728b)
Start importing Assets/content/4_Characters/1_Birds/9_PurpleBird/BodyParts/Headgear_GaleCrown_Back.png using Guid(3fcfbaf21c22d1d4e9396f26ca2c7915) Importer(815301076,1909f56bfc062723c751e8b465ee728b) (PreviewImporter) -> (artifact id: '5c2b434e07235c9f5e48cf4ce99e5855') in 0.0061504 seconds
Number of updated asset objects reloaded before import = 0Number of asset objects unloaded after import = 2

========================================================================
Received Import Request.
  Time since last request: 0.000021 seconds.
  path: Assets/content/4_Characters/1_Birds/9_PurpleBird/BodyParts/Headgear_GaleCrown.png
  artifactKey: Guid(a755f952452d5b349b6dc61e391982c9) Importer(815301076,1909f56bfc062723c751e8b465ee728b)
Start importing Assets/content/4_Characters/1_Birds/9_PurpleBird/BodyParts/Headgear_GaleCrown.png using Guid(a755f952452d5b349b6dc61e391982c9) Importer(815301076,1909f56bfc062723c751e8b465ee728b) (PreviewImporter) -> (artifact id: '6e64a841a746d08ec4c1f173860b8cc5') in 0.00885 seconds
Number of updated asset objects reloaded before import = 0Number of asset objects unloaded after import = 2

========================================================================
Received Import Request.
  Time since last request: 0.324653 seconds.
  path: Assets/content/4_Characters/1_Birds/9_PurpleBird/BodyParts/gale15.png
  artifactKey: Guid(0ac21ab5b5c44824c95f588b50500c04) Importer(815301076,1909f56bfc062723c751e8b465ee728b)
Start importing Assets/content/4_Characters/1_Birds/9_PurpleBird/BodyParts/gale15.png using Guid(0ac21ab5b5c44824c95f588b50500c04) Importer(815301076,1909f56bfc062723c751e8b465ee728b) (PreviewImporter) -> (artifact id: '0267adeb0fc3b2c289465330c06dffd6') in 0.0067264 seconds
Number of updated asset objects reloaded before import = 0Number of asset objects unloaded after import = 2

========================================================================
Received Import Request.
  Time since last request: 0.000017 seconds.
  path: Assets/content/4_Characters/1_Birds/9_PurpleBird/BodyParts/gale20.png
  artifactKey: Guid(4f2242796eff3954eaf7937b77739a1b) Importer(815301076,1909f56bfc062723c751e8b465ee728b)
Start importing Assets/content/4_Characters/1_Birds/9_PurpleBird/BodyParts/gale20.png using Guid(4f2242796eff3954eaf7937b77739a1b) Importer(815301076,1909f56bfc062723c751e8b465ee728b) (PreviewImporter) -> (artifact id: '2c454e5898c654df79c859f04fab3529') in 0.0057508 seconds
Number of updated asset objects reloaded before import = 0Number of asset objects unloaded after import = 2

========================================================================
Received Import Request.
  Time since last request: 0.000021 seconds.
  path: Assets/content/4_Characters/1_Birds/9_PurpleBird/BodyParts/gale28.png
  artifactKey: Guid(364babd43e4e0f04394a14179f465d7a) Importer(815301076,1909f56bfc062723c751e8b465ee728b)
Start importing Assets/content/4_Characters/1_Birds/9_PurpleBird/BodyParts/gale28.png using Guid(364babd43e4e0f04394a14179f465d7a) Importer(815301076,1909f56bfc062723c751e8b465ee728b) (PreviewImporter) -> (artifact id: '15d95b96888859ff0c7ac1ad8cabf957') in 0.0065077 seconds
Number of updated asset objects reloaded before import = 0Number of asset objects unloaded after import = 2

========================================================================
Received Import Request.
  Time since last request: 0.000017 seconds.
  path: Assets/content/4_Characters/1_Birds/9_PurpleBird/BodyParts/gale27.png
  artifactKey: Guid(88022e3ba80dbb34bb4c518ce51c7810) Importer(815301076,1909f56bfc062723c751e8b465ee728b)
Start importing Assets/content/4_Characters/1_Birds/9_PurpleBird/BodyParts/gale27.png using Guid(88022e3ba80dbb34bb4c518ce51c7810) Importer(815301076,1909f56bfc062723c751e8b465ee728b) (PreviewImporter) -> (artifact id: '971f17b4c3c5971c8b48fbec23b271f0') in 0.0061062 seconds
Number of updated asset objects reloaded before import = 0Number of asset objects unloaded after import = 2

========================================================================
Received Import Request.
  Time since last request: 0.000018 seconds.
  path: Assets/content/4_Characters/1_Birds/9_PurpleBird/BodyParts/gale16.png
  artifactKey: Guid(d5507eb422b49a44bbca4e0344a5ed5d) Importer(815301076,1909f56bfc062723c751e8b465ee728b)
Start importing Assets/content/4_Characters/1_Birds/9_PurpleBird/BodyParts/gale16.png using Guid(d5507eb422b49a44bbca4e0344a5ed5d) Importer(815301076,1909f56bfc062723c751e8b465ee728b) (PreviewImporter) -> (artifact id: '268faaa0051a3a78a4063ad3be80e143') in 0.0083651 seconds
Number of updated asset objects reloaded before import = 0Number of asset objects unloaded after import = 2

========================================================================
Received Import Request.
  Time since last request: 0.000017 seconds.
  path: Assets/content/4_Characters/1_Birds/9_PurpleBird/BodyParts/gale21.png
  artifactKey: Guid(f4b393db84cacce4da0dc5957f5ce211) Importer(815301076,1909f56bfc062723c751e8b465ee728b)
Start importing Assets/content/4_Characters/1_Birds/9_PurpleBird/BodyParts/gale21.png using Guid(f4b393db84cacce4da0dc5957f5ce211) Importer(815301076,1909f56bfc062723c751e8b465ee728b) (PreviewImporter) -> (artifact id: '1f5eeed224471f8560f9f427dbf46a54') in 0.0066816 seconds
Number of updated asset objects reloaded before import = 0Number of asset objects unloaded after import = 2

========================================================================
Received Import Request.
  Time since last request: 0.000025 seconds.
  path: Assets/content/4_Characters/1_Birds/9_PurpleBird/BodyParts/gale23.png
  artifactKey: Guid(f7770830ac677b24692473b48f524c43) Importer(815301076,1909f56bfc062723c751e8b465ee728b)
Start importing Assets/content/4_Characters/1_Birds/9_PurpleBird/BodyParts/gale23.png using Guid(f7770830ac677b24692473b48f524c43) Importer(815301076,1909f56bfc062723c751e8b465ee728b) (PreviewImporter) -> (artifact id: '0f3b3ae02577bdc49da0ba8615964062') in 0.0078133 seconds
Number of updated asset objects reloaded before import = 0Number of asset objects unloaded after import = 2

========================================================================
Received Import Request.
  Time since last request: 0.000021 seconds.
  path: Assets/content/4_Characters/1_Birds/9_PurpleBird/BodyParts/gale7.png
  artifactKey: Guid(737a89eb58d28f04c9fcda75566b13d4) Importer(815301076,1909f56bfc062723c751e8b465ee728b)
Start importing Assets/content/4_Characters/1_Birds/9_PurpleBird/BodyParts/gale7.png using Guid(737a89eb58d28f04c9fcda75566b13d4) Importer(815301076,1909f56bfc062723c751e8b465ee728b) (PreviewImporter) -> (artifact id: '95b444df8bd138485e71f8fc3cd931e0') in 0.0063067 seconds
Number of updated asset objects reloaded before import = 0Number of asset objects unloaded after import = 2

========================================================================
Received Import Request.
  Time since last request: 0.000018 seconds.
  path: Assets/content/4_Characters/1_Birds/9_PurpleBird/BodyParts/gale9.png
  artifactKey: Guid(170bbbf83601cfe489c5182f5e2f7874) Importer(815301076,1909f56bfc062723c751e8b465ee728b)
Start importing Assets/content/4_Characters/1_Birds/9_PurpleBird/BodyParts/gale9.png using Guid(170bbbf83601cfe489c5182f5e2f7874) Importer(815301076,1909f56bfc062723c751e8b465ee728b) (PreviewImporter) -> (artifact id: 'f7188f5bffee20d76ab8a58da8205c43') in 0.0197876 seconds
Number of updated asset objects reloaded before import = 0Number of asset objects unloaded after import = 2

========================================================================
Received Import Request.
  Time since last request: 0.000021 seconds.
  path: Assets/content/4_Characters/1_Birds/9_PurpleBird/BodyParts/bodyy.png
  artifactKey: Guid(a630912d0ba715b4391204bda4e8fb93) Importer(815301076,1909f56bfc062723c751e8b465ee728b)
Start importing Assets/content/4_Characters/1_Birds/9_PurpleBird/BodyParts/bodyy.png using Guid(a630912d0ba715b4391204bda4e8fb93) Importer(815301076,1909f56bfc062723c751e8b465ee728b) (PreviewImporter) -> (artifact id: '1eab63e92be55e9e4e70f498b80d969e') in 0.0081237 seconds
Number of updated asset objects reloaded before import = 0Number of asset objects unloaded after import = 2

========================================================================
Received Import Request.
  Time since last request: 0.000018 seconds.
  path: Assets/content/4_Characters/1_Birds/9_PurpleBird/BodyParts/gale5.png
  artifactKey: Guid(1969ebc6e11ba094ba7600df9e6b02ce) Importer(815301076,1909f56bfc062723c751e8b465ee728b)
Start importing Assets/content/4_Characters/1_Birds/9_PurpleBird/BodyParts/gale5.png using Guid(1969ebc6e11ba094ba7600df9e6b02ce) Importer(815301076,1909f56bfc062723c751e8b465ee728b) (PreviewImporter) -> (artifact id: '64d5a70e221a5c6bc6e202f3aace07f6') in 0.0066621 seconds
Number of updated asset objects reloaded before import = 0Number of asset objects unloaded after import = 2

========================================================================
Received Import Request.
  Time since last request: 0.000019 seconds.
  path: Assets/content/4_Characters/1_Birds/9_PurpleBird/BodyParts/gale6.png
  artifactKey: Guid(744c9ad645b6c9840aab54115d4361b7) Importer(815301076,1909f56bfc062723c751e8b465ee728b)
Start importing Assets/content/4_Characters/1_Birds/9_PurpleBird/BodyParts/gale6.png using Guid(744c9ad645b6c9840aab54115d4361b7) Importer(815301076,1909f56bfc062723c751e8b465ee728b) (PreviewImporter) -> (artifact id: '92bc9ed7fd3c8473d24cdf22bec0f0f2') in 0.0075617 seconds
Number of updated asset objects reloaded before import = 0Number of asset objects unloaded after import = 2

========================================================================
Received Import Request.
  Time since last request: 0.000018 seconds.
  path: Assets/content/4_Characters/1_Birds/9_PurpleBird/BodyParts/gale4.png
  artifactKey: Guid(d64bb0c3558b6df43a643a619aa779cd) Importer(815301076,1909f56bfc062723c751e8b465ee728b)
Start importing Assets/content/4_Characters/1_Birds/9_PurpleBird/BodyParts/gale4.png using Guid(d64bb0c3558b6df43a643a619aa779cd) Importer(815301076,1909f56bfc062723c751e8b465ee728b) (PreviewImporter) -> (artifact id: '7b0c3b041b270861f53ef3b36cf8ae5a') in 0.0085032 seconds
Number of updated asset objects reloaded before import = 0Number of asset objects unloaded after import = 2

========================================================================
Received Import Request.
  Time since last request: 0.000019 seconds.
  path: Assets/content/4_Characters/1_Birds/9_PurpleBird/BodyParts/gale11.png
  artifactKey: Guid(1c34ef4d009883a44bc63b15350a05f7) Importer(815301076,1909f56bfc062723c751e8b465ee728b)
Start importing Assets/content/4_Characters/1_Birds/9_PurpleBird/BodyParts/gale11.png using Guid(1c34ef4d009883a44bc63b15350a05f7) Importer(815301076,1909f56bfc062723c751e8b465ee728b) (PreviewImporter) -> (artifact id: '1b36655f08fe0a6e70abb5583261303a') in 0.0068778 seconds
Number of updated asset objects reloaded before import = 0Number of asset objects unloaded after import = 2

========================================================================
Received Import Request.
  Time since last request: 0.000017 seconds.
  path: Assets/content/4_Characters/1_Birds/9_PurpleBird/BodyParts/gale13.png
  artifactKey: Guid(0cbd3a898bd51ab439c83c41a7e34670) Importer(815301076,1909f56bfc062723c751e8b465ee728b)
Start importing Assets/content/4_Characters/1_Birds/9_PurpleBird/BodyParts/gale13.png using Guid(0cbd3a898bd51ab439c83c41a7e34670) Importer(815301076,1909f56bfc062723c751e8b465ee728b) (PreviewImporter) -> (artifact id: 'dd5d9d4e898a9f111c08b1e3b8603913') in 0.0082943 seconds
Number of updated asset objects reloaded before import = 0Number of asset objects unloaded after import = 2

========================================================================
Received Import Request.
  Time since last request: 0.000019 seconds.
  path: Assets/content/4_Characters/1_Birds/9_PurpleBird/BodyParts/gale2.png
  artifactKey: Guid(c216dc54c88c8524dbaa0c1cf2fd87fa) Importer(815301076,1909f56bfc062723c751e8b465ee728b)
Start importing Assets/content/4_Characters/1_Birds/9_PurpleBird/BodyParts/gale2.png using Guid(c216dc54c88c8524dbaa0c1cf2fd87fa) Importer(815301076,1909f56bfc062723c751e8b465ee728b) (PreviewImporter) -> (artifact id: '294af80bc64a5a07b93f1e36bbf207a4') in 0.0081661 seconds
Number of updated asset objects reloaded before import = 0Number of asset objects unloaded after import = 2

========================================================================
Received Import Request.
  Time since last request: 0.000019 seconds.
  path: Assets/content/4_Characters/1_Birds/9_PurpleBird/BodyParts/gale10.png
  artifactKey: Guid(e9605f649acc4764f9661d7335f22d67) Importer(815301076,1909f56bfc062723c751e8b465ee728b)
Start importing Assets/content/4_Characters/1_Birds/9_PurpleBird/BodyParts/gale10.png using Guid(e9605f649acc4764f9661d7335f22d67) Importer(815301076,1909f56bfc062723c751e8b465ee728b) (PreviewImporter) -> (artifact id: '611a85f1dc18278e4a9adfa73d145889') in 0.0076936 seconds
Number of updated asset objects reloaded before import = 0Number of asset objects unloaded after import = 2

========================================================================
Received Import Request.
  Time since last request: 0.000019 seconds.
  path: Assets/content/4_Characters/1_Birds/9_PurpleBird/BodyParts/gale14.png
  artifactKey: Guid(c2c68cea557bba0409cb2c02f9bbabf1) Importer(815301076,1909f56bfc062723c751e8b465ee728b)
Start importing Assets/content/4_Characters/1_Birds/9_PurpleBird/BodyParts/gale14.png using Guid(c2c68cea557bba0409cb2c02f9bbabf1) Importer(815301076,1909f56bfc062723c751e8b465ee728b) (PreviewImporter) -> (artifact id: '3dc2ed0a492e8b34428dd84abac20338') in 0.0065285 seconds
Number of updated asset objects reloaded before import = 0Number of asset objects unloaded after import = 2

========================================================================
Received Import Request.
  Time since last request: 0.000022 seconds.
  path: Assets/content/4_Characters/1_Birds/9_PurpleBird/BodyParts/gale30.png
  artifactKey: Guid(c0025eb36e97d274b8f7abd08b2e0022) Importer(815301076,1909f56bfc062723c751e8b465ee728b)
Start importing Assets/content/4_Characters/1_Birds/9_PurpleBird/BodyParts/gale30.png using Guid(c0025eb36e97d274b8f7abd08b2e0022) Importer(815301076,1909f56bfc062723c751e8b465ee728b) (PreviewImporter) -> (artifact id: '955912d0771f9ab2653986a032a79507') in 0.0073674 seconds
Number of updated asset objects reloaded before import = 0Number of asset objects unloaded after import = 2

========================================================================
Received Import Request.
  Time since last request: 0.000055 seconds.
  path: Assets/content/4_Characters/1_Birds/9_PurpleBird/BodyParts/gale1.png
  artifactKey: Guid(50a789ca7b77cc047a028dcb2c560bac) Importer(815301076,1909f56bfc062723c751e8b465ee728b)
Start importing Assets/content/4_Characters/1_Birds/9_PurpleBird/BodyParts/gale1.png using Guid(50a789ca7b77cc047a028dcb2c560bac) Importer(815301076,1909f56bfc062723c751e8b465ee728b) (PreviewImporter) -> (artifact id: 'dcec5bc3ae16e3364d8a9f4fa7cefb2d') in 0.007915 seconds
Number of updated asset objects reloaded before import = 0Number of asset objects unloaded after import = 2

========================================================================
Received Import Request.
  Time since last request: 0.000032 seconds.
  path: Assets/content/4_Characters/1_Birds/9_PurpleBird/BodyParts/gale29.png
  artifactKey: Guid(cd2f751bbac83884884013564157a43b) Importer(815301076,1909f56bfc062723c751e8b465ee728b)
Start importing Assets/content/4_Characters/1_Birds/9_PurpleBird/BodyParts/gale29.png using Guid(cd2f751bbac83884884013564157a43b) Importer(815301076,1909f56bfc062723c751e8b465ee728b) (PreviewImporter) -> (artifact id: '4c2bd7f61c75836bcca5d38bb7becc6d') in 0.0069247 seconds
Number of updated asset objects reloaded before import = 0Number of asset objects unloaded after import = 2

========================================================================
Received Import Request.
  Time since last request: 0.000022 seconds.
  path: Assets/content/4_Characters/1_Birds/9_PurpleBird/BodyParts/gale25.png
  artifactKey: Guid(c964aee8c8f5e3c40a6d237dff3bd51d) Importer(815301076,1909f56bfc062723c751e8b465ee728b)
Start importing Assets/content/4_Characters/1_Birds/9_PurpleBird/BodyParts/gale25.png using Guid(c964aee8c8f5e3c40a6d237dff3bd51d) Importer(815301076,1909f56bfc062723c751e8b465ee728b) (PreviewImporter) -> (artifact id: '77abdec5da497676959a42ad627b3fb3') in 0.0088379 seconds
Number of updated asset objects reloaded before import = 0Number of asset objects unloaded after import = 2

========================================================================
Received Import Request.
  Time since last request: 0.000024 seconds.
  path: Assets/content/4_Characters/1_Birds/9_PurpleBird/BodyParts/gale24.png
  artifactKey: Guid(ec3f4642fa69d0e41b06eb1dddc0dc67) Importer(815301076,1909f56bfc062723c751e8b465ee728b)
Start importing Assets/content/4_Characters/1_Birds/9_PurpleBird/BodyParts/gale24.png using Guid(ec3f4642fa69d0e41b06eb1dddc0dc67) Importer(815301076,1909f56bfc062723c751e8b465ee728b) (PreviewImporter) -> (artifact id: '66e49377927e0343c59f267929c775cf') in 0.0081654 seconds
Number of updated asset objects reloaded before import = 0Number of asset objects unloaded after import = 2

========================================================================
Received Import Request.
  Time since last request: 0.000018 seconds.
  path: Assets/content/4_Characters/1_Birds/9_PurpleBird/BodyParts/gale19.png
  artifactKey: Guid(c77849e8f6f6d4b4c90e61cac874ae03) Importer(815301076,1909f56bfc062723c751e8b465ee728b)
Start importing Assets/content/4_Characters/1_Birds/9_PurpleBird/BodyParts/gale19.png using Guid(c77849e8f6f6d4b4c90e61cac874ae03) Importer(815301076,1909f56bfc062723c751e8b465ee728b) (PreviewImporter) -> (artifact id: '9c3416d449656ecb39da580bb1291dab') in 0.0064243 seconds
Number of updated asset objects reloaded before import = 0Number of asset objects unloaded after import = 2

========================================================================
Received Import Request.
  Time since last request: 0.000016 seconds.
  path: Assets/content/4_Characters/1_Birds/9_PurpleBird/BodyParts/gale22.png
  artifactKey: Guid(cd90885bd8671dd4d861f3d2455b7894) Importer(815301076,1909f56bfc062723c751e8b465ee728b)
Start importing Assets/content/4_Characters/1_Birds/9_PurpleBird/BodyParts/gale22.png using Guid(cd90885bd8671dd4d861f3d2455b7894) Importer(815301076,1909f56bfc062723c751e8b465ee728b) (PreviewImporter) -> (artifact id: 'd8357619381cd5ac020ffc578d5fee7e') in 0.0073502 seconds
Number of updated asset objects reloaded before import = 0Number of asset objects unloaded after import = 2

========================================================================
Received Import Request.
  Time since last request: 0.000017 seconds.
  path: Assets/content/4_Characters/1_Birds/9_PurpleBird/BodyParts/gale31.png
  artifactKey: Guid(4993c7cf69fde9840a721c20877f585f) Importer(815301076,1909f56bfc062723c751e8b465ee728b)
Start importing Assets/content/4_Characters/1_Birds/9_PurpleBird/BodyParts/gale31.png using Guid(4993c7cf69fde9840a721c20877f585f) Importer(815301076,1909f56bfc062723c751e8b465ee728b) (PreviewImporter) -> (artifact id: '68c525ac2a4cd003c70cbb153685dae9') in 0.0075832 seconds
Number of updated asset objects reloaded before import = 0Number of asset objects unloaded after import = 2

========================================================================
Received Import Request.
  Time since last request: 0.000019 seconds.
  path: Assets/content/4_Characters/1_Birds/9_PurpleBird/BodyParts/gale18.png
  artifactKey: Guid(d90558176069bc64f8189ee037f54544) Importer(815301076,1909f56bfc062723c751e8b465ee728b)
Start importing Assets/content/4_Characters/1_Birds/9_PurpleBird/BodyParts/gale18.png using Guid(d90558176069bc64f8189ee037f54544) Importer(815301076,1909f56bfc062723c751e8b465ee728b) (PreviewImporter) -> (artifact id: 'c2a61ddbe6deb873244245da4a4f8be6') in 0.0083631 seconds
Number of updated asset objects reloaded before import = 0Number of asset objects unloaded after import = 2

========================================================================
Received Import Request.
  Time since last request: 0.000019 seconds.
  path: Assets/content/4_Characters/1_Birds/9_PurpleBird/BodyParts/gale26.png
  artifactKey: Guid(65d0e5831a44cc944b77cbab705d1b3c) Importer(815301076,1909f56bfc062723c751e8b465ee728b)
Start importing Assets/content/4_Characters/1_Birds/9_PurpleBird/BodyParts/gale26.png using Guid(65d0e5831a44cc944b77cbab705d1b3c) Importer(815301076,1909f56bfc062723c751e8b465ee728b) (PreviewImporter) -> (artifact id: '7d1108469901111e46223184ddc5817a') in 0.0081451 seconds
Number of updated asset objects reloaded before import = 0Number of asset objects unloaded after import = 2

========================================================================
Received Import Request.
  Time since last request: 0.000038 seconds.
  path: Assets/content/4_Characters/1_Birds/9_PurpleBird/BodyParts/gale17.png
  artifactKey: Guid(19687b6dd64766e43b5964b801570982) Importer(815301076,1909f56bfc062723c751e8b465ee728b)
Start importing Assets/content/4_Characters/1_Birds/9_PurpleBird/BodyParts/gale17.png using Guid(19687b6dd64766e43b5964b801570982) Importer(815301076,1909f56bfc062723c751e8b465ee728b) (PreviewImporter) -> (artifact id: '5eda8564b69587af7d8072e062114516') in 0.0062391 seconds
Number of updated asset objects reloaded before import = 0Number of asset objects unloaded after import = 2

========================================================================
Received Import Request.
  Time since last request: 0.000017 seconds.
  path: Assets/content/4_Characters/1_Birds/9_PurpleBird/BodyParts/gale8.png
  artifactKey: Guid(fbef22dba2439c14fb0c4285fb3f5de8) Importer(815301076,1909f56bfc062723c751e8b465ee728b)
Start importing Assets/content/4_Characters/1_Birds/9_PurpleBird/BodyParts/gale8.png using Guid(fbef22dba2439c14fb0c4285fb3f5de8) Importer(815301076,1909f56bfc062723c751e8b465ee728b) (PreviewImporter) -> (artifact id: '3f602882f63fc56e955c9a181b8fa64f') in 0.0066791 seconds
Number of updated asset objects reloaded before import = 0Number of asset objects unloaded after import = 2

========================================================================
Received Import Request.
  Time since last request: 0.000019 seconds.
  path: Assets/content/4_Characters/1_Birds/9_PurpleBird/BodyParts/gale3.png
  artifactKey: Guid(467777156f3993c43b255790e0d23b8e) Importer(815301076,1909f56bfc062723c751e8b465ee728b)
Start importing Assets/content/4_Characters/1_Birds/9_PurpleBird/BodyParts/gale3.png using Guid(467777156f3993c43b255790e0d23b8e) Importer(815301076,1909f56bfc062723c751e8b465ee728b) (PreviewImporter) -> (artifact id: 'e45f4b6827f36acfb8248ee2360020fe') in 0.0070939 seconds
Number of updated asset objects reloaded before import = 0Number of asset objects unloaded after import = 2

========================================================================
Received Import Request.
  Time since last request: 0.000017 seconds.
  path: Assets/content/4_Characters/1_Birds/9_PurpleBird/BodyParts/gale12.png
  artifactKey: Guid(e0d70db18366736458398a3dd5c1392a) Importer(815301076,1909f56bfc062723c751e8b465ee728b)
Start importing Assets/content/4_Characters/1_Birds/9_PurpleBird/BodyParts/gale12.png using Guid(e0d70db18366736458398a3dd5c1392a) Importer(815301076,1909f56bfc062723c751e8b465ee728b) (PreviewImporter) -> (artifact id: 'f9539fc851c842c4bcdc23dae4c0da75') in 0.0089641 seconds
Number of updated asset objects reloaded before import = 0Number of asset objects unloaded after import = 2

========================================================================
Received Import Request.
  Time since last request: 8.145743 seconds.
  path: Assets/content/4_Characters/1_Birds/9_PurpleBird/BodyParts/bodyy.png
  artifactKey: Guid(a630912d0ba715b4391204bda4e8fb93) Importer(815301076,1909f56bfc062723c751e8b465ee728b)
Start importing Assets/content/4_Characters/1_Birds/9_PurpleBird/BodyParts/bodyy.png using Guid(a630912d0ba715b4391204bda4e8fb93) Importer(815301076,1909f56bfc062723c751e8b465ee728b) (PreviewImporter) -> (artifact id: '08e9d5ff7c6f71ba0375e8a746b51a4f') in 0.0079642 seconds
Number of updated asset objects reloaded before import = 0Number of asset objects unloaded after import = 2

========================================================================
Received Import Request.
  Time since last request: 12.441382 seconds.
  path: Assets/content/4_Characters/1_Birds/9_PurpleBird/BodyParts/gale1.png
  artifactKey: Guid(50a789ca7b77cc047a028dcb2c560bac) Importer(815301076,1909f56bfc062723c751e8b465ee728b)
Start importing Assets/content/4_Characters/1_Birds/9_PurpleBird/BodyParts/gale1.png using Guid(50a789ca7b77cc047a028dcb2c560bac) Importer(815301076,1909f56bfc062723c751e8b465ee728b) (PreviewImporter) -> (artifact id: '5f70623b00cf48fa5aa44c8538de2aaa') in 0.0060771 seconds
Number of updated asset objects reloaded before import = 0Number of asset objects unloaded after import = 2

========================================================================
Received Import Request.
  Time since last request: 3.819601 seconds.
  path: Assets/content/4_Characters/1_Birds/9_PurpleBird/BodyParts/gale2.png
  artifactKey: Guid(c216dc54c88c8524dbaa0c1cf2fd87fa) Importer(815301076,1909f56bfc062723c751e8b465ee728b)
Start importing Assets/content/4_Characters/1_Birds/9_PurpleBird/BodyParts/gale2.png using Guid(c216dc54c88c8524dbaa0c1cf2fd87fa) Importer(815301076,1909f56bfc062723c751e8b465ee728b) (PreviewImporter) -> (artifact id: '73381b09d70277e0a7d3f0864fdaef8f') in 0.0085178 seconds
Number of updated asset objects reloaded before import = 0Number of asset objects unloaded after import = 2

========================================================================
Received Import Request.
  Time since last request: 5.558967 seconds.
  path: Assets/content/4_Characters/1_Birds/9_PurpleBird/BodyParts/gale3.png
  artifactKey: Guid(467777156f3993c43b255790e0d23b8e) Importer(815301076,1909f56bfc062723c751e8b465ee728b)
Start importing Assets/content/4_Characters/1_Birds/9_PurpleBird/BodyParts/gale3.png using Guid(467777156f3993c43b255790e0d23b8e) Importer(815301076,1909f56bfc062723c751e8b465ee728b) (PreviewImporter) -> (artifact id: 'f2d2fadf4175d043fbc4a6863f87690e') in 0.0074074 seconds
Number of updated asset objects reloaded before import = 0Number of asset objects unloaded after import = 2

========================================================================
Received Import Request.
  Time since last request: 11.131558 seconds.
  path: Assets/content/4_Characters/1_Birds/9_PurpleBird/BodyParts/gale4.png
  artifactKey: Guid(d64bb0c3558b6df43a643a619aa779cd) Importer(815301076,1909f56bfc062723c751e8b465ee728b)
Start importing Assets/content/4_Characters/1_Birds/9_PurpleBird/BodyParts/gale4.png using Guid(d64bb0c3558b6df43a643a619aa779cd) Importer(815301076,1909f56bfc062723c751e8b465ee728b) (PreviewImporter) -> (artifact id: '2fe8252cc907de4b18e504806b1faf4a') in 0.0070462 seconds
Number of updated asset objects reloaded before import = 0Number of asset objects unloaded after import = 2

========================================================================
Received Import Request.
  Time since last request: 4.484296 seconds.
  path: Assets/content/4_Characters/1_Birds/9_PurpleBird/BodyParts/gale5.png
  artifactKey: Guid(1969ebc6e11ba094ba7600df9e6b02ce) Importer(815301076,1909f56bfc062723c751e8b465ee728b)
Start importing Assets/content/4_Characters/1_Birds/9_PurpleBird/BodyParts/gale5.png using Guid(1969ebc6e11ba094ba7600df9e6b02ce) Importer(815301076,1909f56bfc062723c751e8b465ee728b) (PreviewImporter) -> (artifact id: '1f8db804a01b2cc4ab1b27000b8a3406') in 0.0060364 seconds
Number of updated asset objects reloaded before import = 0Number of asset objects unloaded after import = 2

========================================================================
Received Import Request.
  Time since last request: 4.633888 seconds.
  path: Assets/content/4_Characters/1_Birds/9_PurpleBird/BodyParts/gale6.png
  artifactKey: Guid(744c9ad645b6c9840aab54115d4361b7) Importer(815301076,1909f56bfc062723c751e8b465ee728b)
Start importing Assets/content/4_Characters/1_Birds/9_PurpleBird/BodyParts/gale6.png using Guid(744c9ad645b6c9840aab54115d4361b7) Importer(815301076,1909f56bfc062723c751e8b465ee728b) (PreviewImporter) -> (artifact id: '3cc98046f16cf0769486b8171e236186') in 0.0063551 seconds
Number of updated asset objects reloaded before import = 0Number of asset objects unloaded after import = 2

========================================================================
Received Import Request.
  Time since last request: 4.418193 seconds.
  path: Assets/content/4_Characters/1_Birds/9_PurpleBird/BodyParts/gale7.png
  artifactKey: Guid(737a89eb58d28f04c9fcda75566b13d4) Importer(815301076,1909f56bfc062723c751e8b465ee728b)
Start importing Assets/content/4_Characters/1_Birds/9_PurpleBird/BodyParts/gale7.png using Guid(737a89eb58d28f04c9fcda75566b13d4) Importer(815301076,1909f56bfc062723c751e8b465ee728b) (PreviewImporter) -> (artifact id: '38bb6fbb32d903514bc77660590998c5') in 0.0083338 seconds
Number of updated asset objects reloaded before import = 0Number of asset objects unloaded after import = 2

========================================================================
Received Import Request.
  Time since last request: 4.214523 seconds.
  path: Assets/content/4_Characters/1_Birds/9_PurpleBird/BodyParts/gale8.png
  artifactKey: Guid(fbef22dba2439c14fb0c4285fb3f5de8) Importer(815301076,1909f56bfc062723c751e8b465ee728b)
Start importing Assets/content/4_Characters/1_Birds/9_PurpleBird/BodyParts/gale8.png using Guid(fbef22dba2439c14fb0c4285fb3f5de8) Importer(815301076,1909f56bfc062723c751e8b465ee728b) (PreviewImporter) -> (artifact id: 'c6c228cf9080e7b85cd540d7aefa9cf7') in 0.006441 seconds
Number of updated asset objects reloaded before import = 0Number of asset objects unloaded after import = 2

========================================================================
Received Import Request.
  Time since last request: 4.723891 seconds.
  path: Assets/content/4_Characters/1_Birds/9_PurpleBird/BodyParts/gale9.png
  artifactKey: Guid(170bbbf83601cfe489c5182f5e2f7874) Importer(815301076,1909f56bfc062723c751e8b465ee728b)
Start importing Assets/content/4_Characters/1_Birds/9_PurpleBird/BodyParts/gale9.png using Guid(170bbbf83601cfe489c5182f5e2f7874) Importer(815301076,1909f56bfc062723c751e8b465ee728b) (PreviewImporter) -> (artifact id: '1685dac8c91448d14b8082b32f0e6235') in 0.0061212 seconds
Number of updated asset objects reloaded before import = 0Number of asset objects unloaded after import = 2

========================================================================
Received Import Request.
  Time since last request: 5.283383 seconds.
  path: Assets/content/4_Characters/1_Birds/9_PurpleBird/BodyParts/gale10.png
  artifactKey: Guid(e9605f649acc4764f9661d7335f22d67) Importer(815301076,1909f56bfc062723c751e8b465ee728b)
Start importing Assets/content/4_Characters/1_Birds/9_PurpleBird/BodyParts/gale10.png using Guid(e9605f649acc4764f9661d7335f22d67) Importer(815301076,1909f56bfc062723c751e8b465ee728b) (PreviewImporter) -> (artifact id: '44711f8350e2e9e9758ea650a56a18c1') in 0.0059394 seconds
Number of updated asset objects reloaded before import = 0Number of asset objects unloaded after import = 2

========================================================================
Received Import Request.
  Time since last request: 5.572934 seconds.
  path: Assets/content/4_Characters/1_Birds/9_PurpleBird/BodyParts/gale11.png
  artifactKey: Guid(1c34ef4d009883a44bc63b15350a05f7) Importer(815301076,1909f56bfc062723c751e8b465ee728b)
Start importing Assets/content/4_Characters/1_Birds/9_PurpleBird/BodyParts/gale11.png using Guid(1c34ef4d009883a44bc63b15350a05f7) Importer(815301076,1909f56bfc062723c751e8b465ee728b) (PreviewImporter) -> (artifact id: '7cc0eb41b59d1e51cf56575f0d6103db') in 0.0068391 seconds
Number of updated asset objects reloaded before import = 0Number of asset objects unloaded after import = 2

========================================================================
Received Import Request.
  Time since last request: 15.395027 seconds.
  path: Assets/content/4_Characters/1_Birds/9_PurpleBird/BodyParts/gale12.png
  artifactKey: Guid(e0d70db18366736458398a3dd5c1392a) Importer(815301076,1909f56bfc062723c751e8b465ee728b)
Start importing Assets/content/4_Characters/1_Birds/9_PurpleBird/BodyParts/gale12.png using Guid(e0d70db18366736458398a3dd5c1392a) Importer(815301076,1909f56bfc062723c751e8b465ee728b) (PreviewImporter) -> (artifact id: 'e2f807f06ec9fd80b7271ba7ff69225d') in 0.0064893 seconds
Number of updated asset objects reloaded before import = 0Number of asset objects unloaded after import = 2

========================================================================
Received Import Request.
  Time since last request: 5.829039 seconds.
  path: Assets/content/4_Characters/1_Birds/9_PurpleBird/BodyParts/gale13.png
  artifactKey: Guid(0cbd3a898bd51ab439c83c41a7e34670) Importer(815301076,1909f56bfc062723c751e8b465ee728b)
Start importing Assets/content/4_Characters/1_Birds/9_PurpleBird/BodyParts/gale13.png using Guid(0cbd3a898bd51ab439c83c41a7e34670) Importer(815301076,1909f56bfc062723c751e8b465ee728b) (PreviewImporter) -> (artifact id: '44e309173a0a0e1817ff18ffa45e94de') in 0.0060366 seconds
Number of updated asset objects reloaded before import = 0Number of asset objects unloaded after import = 2

========================================================================
Received Import Request.
  Time since last request: 6.407142 seconds.
  path: Assets/content/4_Characters/1_Birds/9_PurpleBird/BodyParts/gale14.png
  artifactKey: Guid(c2c68cea557bba0409cb2c02f9bbabf1) Importer(815301076,1909f56bfc062723c751e8b465ee728b)
Start importing Assets/content/4_Characters/1_Birds/9_PurpleBird/BodyParts/gale14.png using Guid(c2c68cea557bba0409cb2c02f9bbabf1) Importer(815301076,1909f56bfc062723c751e8b465ee728b) (PreviewImporter) -> (artifact id: '07c5d80745c11151b4ab6c5da19eee71') in 0.0065734 seconds
Number of updated asset objects reloaded before import = 0Number of asset objects unloaded after import = 2

========================================================================
Received Import Request.
  Time since last request: 5.450301 seconds.
  path: Assets/content/4_Characters/1_Birds/9_PurpleBird/BodyParts/gale15.png
  artifactKey: Guid(0ac21ab5b5c44824c95f588b50500c04) Importer(815301076,1909f56bfc062723c751e8b465ee728b)
Start importing Assets/content/4_Characters/1_Birds/9_PurpleBird/BodyParts/gale15.png using Guid(0ac21ab5b5c44824c95f588b50500c04) Importer(815301076,1909f56bfc062723c751e8b465ee728b) (PreviewImporter) -> (artifact id: '9737ed679a9efcbc7c34f8f0dcada660') in 0.00647 seconds
Number of updated asset objects reloaded before import = 0Number of asset objects unloaded after import = 2

========================================================================
Received Import Request.
  Time since last request: 4.297368 seconds.
  path: Assets/content/4_Characters/1_Birds/9_PurpleBird/BodyParts/gale16.png
  artifactKey: Guid(d5507eb422b49a44bbca4e0344a5ed5d) Importer(815301076,1909f56bfc062723c751e8b465ee728b)
Start importing Assets/content/4_Characters/1_Birds/9_PurpleBird/BodyParts/gale16.png using Guid(d5507eb422b49a44bbca4e0344a5ed5d) Importer(815301076,1909f56bfc062723c751e8b465ee728b) (PreviewImporter) -> (artifact id: '15c2c0cf20c19cded594d1c4db62a427') in 0.0062347 seconds
Number of updated asset objects reloaded before import = 0Number of asset objects unloaded after import = 2

========================================================================
Received Import Request.
  Time since last request: 3.891724 seconds.
  path: Assets/content/4_Characters/1_Birds/9_PurpleBird/BodyParts/gale17.png
  artifactKey: Guid(19687b6dd64766e43b5964b801570982) Importer(815301076,1909f56bfc062723c751e8b465ee728b)
Start importing Assets/content/4_Characters/1_Birds/9_PurpleBird/BodyParts/gale17.png using Guid(19687b6dd64766e43b5964b801570982) Importer(815301076,1909f56bfc062723c751e8b465ee728b) (PreviewImporter) -> (artifact id: 'c87bef2fb7dcf0937e8714db68b0524b') in 0.0077938 seconds
Number of updated asset objects reloaded before import = 0Number of asset objects unloaded after import = 2

========================================================================
Received Import Request.
  Time since last request: 32.655650 seconds.
  path: Assets/content/4_Characters/1_Birds/9_PurpleBird/BodyParts/gale18.png
  artifactKey: Guid(d90558176069bc64f8189ee037f54544) Importer(815301076,1909f56bfc062723c751e8b465ee728b)
Start importing Assets/content/4_Characters/1_Birds/9_PurpleBird/BodyParts/gale18.png using Guid(d90558176069bc64f8189ee037f54544) Importer(815301076,1909f56bfc062723c751e8b465ee728b) (PreviewImporter) -> (artifact id: '0b2bb3e2b34563fab03997927a7acd00') in 0.0058608 seconds
Number of updated asset objects reloaded before import = 0Number of asset objects unloaded after import = 2

========================================================================
Received Import Request.
  Time since last request: 5.440240 seconds.
  path: Assets/content/4_Characters/1_Birds/9_PurpleBird/BodyParts/gale19.png
  artifactKey: Guid(c77849e8f6f6d4b4c90e61cac874ae03) Importer(815301076,1909f56bfc062723c751e8b465ee728b)
Start importing Assets/content/4_Characters/1_Birds/9_PurpleBird/BodyParts/gale19.png using Guid(c77849e8f6f6d4b4c90e61cac874ae03) Importer(815301076,1909f56bfc062723c751e8b465ee728b) (PreviewImporter) -> (artifact id: 'fc9776b2ce61d46cf8dc9b2dc75df8e2') in 0.0060862 seconds
Number of updated asset objects reloaded before import = 0Number of asset objects unloaded after import = 2

========================================================================
Received Import Request.
  Time since last request: 7.088080 seconds.
  path: Assets/content/4_Characters/1_Birds/9_PurpleBird/BodyParts/gale20.png
  artifactKey: Guid(4f2242796eff3954eaf7937b77739a1b) Importer(815301076,1909f56bfc062723c751e8b465ee728b)
Start importing Assets/content/4_Characters/1_Birds/9_PurpleBird/BodyParts/gale20.png using Guid(4f2242796eff3954eaf7937b77739a1b) Importer(815301076,1909f56bfc062723c751e8b465ee728b) (PreviewImporter) -> (artifact id: 'cbfb53edc32a8a99fdf5b68bbcfe20d1') in 0.0064784 seconds
Number of updated asset objects reloaded before import = 0Number of asset objects unloaded after import = 2

========================================================================
Received Import Request.
  Time since last request: 4.552673 seconds.
  path: Assets/content/4_Characters/1_Birds/9_PurpleBird/BodyParts/gale21.png
  artifactKey: Guid(f4b393db84cacce4da0dc5957f5ce211) Importer(815301076,1909f56bfc062723c751e8b465ee728b)
Start importing Assets/content/4_Characters/1_Birds/9_PurpleBird/BodyParts/gale21.png using Guid(f4b393db84cacce4da0dc5957f5ce211) Importer(815301076,1909f56bfc062723c751e8b465ee728b) (PreviewImporter) -> (artifact id: '9d31042908e6ffa9c5b84c4cb1cea581') in 0.007443 seconds
Number of updated asset objects reloaded before import = 0Number of asset objects unloaded after import = 2

========================================================================
Received Import Request.
  Time since last request: 6.832335 seconds.
  path: Assets/content/4_Characters/1_Birds/9_PurpleBird/BodyParts/gale22.png
  artifactKey: Guid(cd90885bd8671dd4d861f3d2455b7894) Importer(815301076,1909f56bfc062723c751e8b465ee728b)
Start importing Assets/content/4_Characters/1_Birds/9_PurpleBird/BodyParts/gale22.png using Guid(cd90885bd8671dd4d861f3d2455b7894) Importer(815301076,1909f56bfc062723c751e8b465ee728b) (PreviewImporter) -> (artifact id: '62081b5c9ad1463cd8a9f67acfe17972') in 0.0066309 seconds
Number of updated asset objects reloaded before import = 0Number of asset objects unloaded after import = 2

========================================================================
Received Import Request.
  Time since last request: 6.495539 seconds.
  path: Assets/content/4_Characters/1_Birds/9_PurpleBird/BodyParts/gale23.png
  artifactKey: Guid(f7770830ac677b24692473b48f524c43) Importer(815301076,1909f56bfc062723c751e8b465ee728b)
Start importing Assets/content/4_Characters/1_Birds/9_PurpleBird/BodyParts/gale23.png using Guid(f7770830ac677b24692473b48f524c43) Importer(815301076,1909f56bfc062723c751e8b465ee728b) (PreviewImporter) -> (artifact id: 'a37cdcbd1c857d8ece7f5f34a9db0b6f') in 0.0136825 seconds
Number of updated asset objects reloaded before import = 0Number of asset objects unloaded after import = 2

========================================================================
Received Import Request.
  Time since last request: 7.029177 seconds.
  path: Assets/content/4_Characters/1_Birds/9_PurpleBird/BodyParts/gale24.png
  artifactKey: Guid(ec3f4642fa69d0e41b06eb1dddc0dc67) Importer(815301076,1909f56bfc062723c751e8b465ee728b)
Start importing Assets/content/4_Characters/1_Birds/9_PurpleBird/BodyParts/gale24.png using Guid(ec3f4642fa69d0e41b06eb1dddc0dc67) Importer(815301076,1909f56bfc062723c751e8b465ee728b) (PreviewImporter) -> (artifact id: '45f925d3a2b196297d67afccc5f55a2e') in 0.0067342 seconds
Number of updated asset objects reloaded before import = 0Number of asset objects unloaded after import = 2

========================================================================
Received Import Request.
  Time since last request: 7.536487 seconds.
  path: Assets/content/4_Characters/1_Birds/9_PurpleBird/BodyParts/gale25.png
  artifactKey: Guid(c964aee8c8f5e3c40a6d237dff3bd51d) Importer(815301076,1909f56bfc062723c751e8b465ee728b)
Start importing Assets/content/4_Characters/1_Birds/9_PurpleBird/BodyParts/gale25.png using Guid(c964aee8c8f5e3c40a6d237dff3bd51d) Importer(815301076,1909f56bfc062723c751e8b465ee728b) (PreviewImporter) -> (artifact id: 'c8a1648309e01bcc6732caa8e8d0e0ff') in 0.006463 seconds
Number of updated asset objects reloaded before import = 0Number of asset objects unloaded after import = 2

========================================================================
Received Import Request.
  Time since last request: 5.437744 seconds.
  path: Assets/content/4_Characters/1_Birds/9_PurpleBird/BodyParts/gale26.png
  artifactKey: Guid(65d0e5831a44cc944b77cbab705d1b3c) Importer(815301076,1909f56bfc062723c751e8b465ee728b)
Start importing Assets/content/4_Characters/1_Birds/9_PurpleBird/BodyParts/gale26.png using Guid(65d0e5831a44cc944b77cbab705d1b3c) Importer(815301076,1909f56bfc062723c751e8b465ee728b) (PreviewImporter) -> (artifact id: 'dafb080eafdc1fd5a54a08cb152bfe34') in 0.0052942 seconds
Number of updated asset objects reloaded before import = 0Number of asset objects unloaded after import = 2

========================================================================
Received Import Request.
  Time since last request: 4.798362 seconds.
  path: Assets/content/4_Characters/1_Birds/9_PurpleBird/BodyParts/gale27.png
  artifactKey: Guid(88022e3ba80dbb34bb4c518ce51c7810) Importer(815301076,1909f56bfc062723c751e8b465ee728b)
Start importing Assets/content/4_Characters/1_Birds/9_PurpleBird/BodyParts/gale27.png using Guid(88022e3ba80dbb34bb4c518ce51c7810) Importer(815301076,1909f56bfc062723c751e8b465ee728b) (PreviewImporter) -> (artifact id: '32f74d211f03ec705d601a5ae3c078d4') in 0.006771 seconds
Number of updated asset objects reloaded before import = 0Number of asset objects unloaded after import = 2

========================================================================
Received Import Request.
  Time since last request: 5.244133 seconds.
  path: Assets/content/4_Characters/1_Birds/9_PurpleBird/BodyParts/gale28.png
  artifactKey: Guid(364babd43e4e0f04394a14179f465d7a) Importer(815301076,1909f56bfc062723c751e8b465ee728b)
Start importing Assets/content/4_Characters/1_Birds/9_PurpleBird/BodyParts/gale28.png using Guid(364babd43e4e0f04394a14179f465d7a) Importer(815301076,1909f56bfc062723c751e8b465ee728b) (PreviewImporter) -> (artifact id: '01cc4a1a70d74eda77697001827c6c07') in 0.0061283 seconds
Number of updated asset objects reloaded before import = 0Number of asset objects unloaded after import = 2

========================================================================
Received Import Request.
  Time since last request: 4.217149 seconds.
  path: Assets/content/4_Characters/1_Birds/9_PurpleBird/BodyParts/gale29.png
  artifactKey: Guid(cd2f751bbac83884884013564157a43b) Importer(815301076,1909f56bfc062723c751e8b465ee728b)
Start importing Assets/content/4_Characters/1_Birds/9_PurpleBird/BodyParts/gale29.png using Guid(cd2f751bbac83884884013564157a43b) Importer(815301076,1909f56bfc062723c751e8b465ee728b) (PreviewImporter) -> (artifact id: '7d01988180e2ddfc174db895d8210d3b') in 0.0059453 seconds
Number of updated asset objects reloaded before import = 0Number of asset objects unloaded after import = 2

========================================================================
Received Import Request.
  Time since last request: 6.756683 seconds.
  path: Assets/content/4_Characters/1_Birds/9_PurpleBird/BodyParts/gale30.png
  artifactKey: Guid(c0025eb36e97d274b8f7abd08b2e0022) Importer(815301076,1909f56bfc062723c751e8b465ee728b)
Start importing Assets/content/4_Characters/1_Birds/9_PurpleBird/BodyParts/gale30.png using Guid(c0025eb36e97d274b8f7abd08b2e0022) Importer(815301076,1909f56bfc062723c751e8b465ee728b) (PreviewImporter) -> (artifact id: 'be681a37be4f3674e4037f222242e4b9') in 0.0057875 seconds
Number of updated asset objects reloaded before import = 0Number of asset objects unloaded after import = 2

========================================================================
Received Import Request.
  Time since last request: 7.886588 seconds.
  path: Assets/content/4_Characters/1_Birds/9_PurpleBird/BodyParts/gale31.png
  artifactKey: Guid(4993c7cf69fde9840a721c20877f585f) Importer(815301076,1909f56bfc062723c751e8b465ee728b)
Start importing Assets/content/4_Characters/1_Birds/9_PurpleBird/BodyParts/gale31.png using Guid(4993c7cf69fde9840a721c20877f585f) Importer(815301076,1909f56bfc062723c751e8b465ee728b) (PreviewImporter) -> (artifact id: '5b620df93fdb02ff62ba20c73e35dc1e') in 0.0067059 seconds
Number of updated asset objects reloaded before import = 0Number of asset objects unloaded after import = 2

========================================================================
Received Import Request.
  Time since last request: 6.724432 seconds.
  path: Assets/content/4_Characters/1_Birds/9_PurpleBird/BodyParts/gale32.png
  artifactKey: Guid(2925b7492587879478409e76572f4afb) Importer(815301076,1909f56bfc062723c751e8b465ee728b)
Start importing Assets/content/4_Characters/1_Birds/9_PurpleBird/BodyParts/gale32.png using Guid(2925b7492587879478409e76572f4afb) Importer(815301076,1909f56bfc062723c751e8b465ee728b) (PreviewImporter) -> (artifact id: 'aead67cdd0a91b8a48c52fd5883ae5b3') in 0.0070747 seconds
Number of updated asset objects reloaded before import = 0Number of asset objects unloaded after import = 2

========================================================================
Received Import Request.
  Time since last request: 6.013428 seconds.
  path: Assets/content/4_Characters/1_Birds/9_PurpleBird/BodyParts/Headgear_GaleCrown.png
  artifactKey: Guid(a755f952452d5b349b6dc61e391982c9) Importer(815301076,1909f56bfc062723c751e8b465ee728b)
Start importing Assets/content/4_Characters/1_Birds/9_PurpleBird/BodyParts/Headgear_GaleCrown.png using Guid(a755f952452d5b349b6dc61e391982c9) Importer(815301076,1909f56bfc062723c751e8b465ee728b) (PreviewImporter) -> (artifact id: 'e56872a6a30c4c3f86a2b4fadb290b65') in 0.0070493 seconds
Number of updated asset objects reloaded before import = 0Number of asset objects unloaded after import = 2

========================================================================
Received Import Request.
  Time since last request: 3.442910 seconds.
  path: Assets/content/4_Characters/1_Birds/9_PurpleBird/BodyParts/Headgear_GaleCrown_Back.png
  artifactKey: Guid(3fcfbaf21c22d1d4e9396f26ca2c7915) Importer(815301076,1909f56bfc062723c751e8b465ee728b)
Start importing Assets/content/4_Characters/1_Birds/9_PurpleBird/BodyParts/Headgear_GaleCrown_Back.png using Guid(3fcfbaf21c22d1d4e9396f26ca2c7915) Importer(815301076,1909f56bfc062723c751e8b465ee728b) (PreviewImporter) -> (artifact id: 'bbcf74ef910df2c0d1da889cb1e6a5ac') in 0.0076016 seconds
Number of updated asset objects reloaded before import = 0Number of asset objects unloaded after import = 2

========================================================================
Received Import Request.
  Time since last request: 77.569219 seconds.
  path: Assets/content/4_Characters/2_Pigs/21_ZetaPig 1
  artifactKey: Guid(5328d0e5365e8a943bc0fd601db40c3e) Importer(2089858483,192608db42251d675da83286b1cce702)
Start importing Assets/content/4_Characters/2_Pigs/21_ZetaPig 1 using Guid(5328d0e5365e8a943bc0fd601db40c3e) Importer(2089858483,192608db42251d675da83286b1cce702) (ScriptedImporter) -> (artifact id: '0f19f8dd2bb008b111a385a05cf2db14') in 0.0052798 seconds
Number of updated asset objects reloaded before import = 0Number of asset objects unloaded after import = 1

========================================================================
Received Import Request.
  Time since last request: 0.000073 seconds.
  path: Assets/content/4_Characters/2_Pigs/21_ZetaPig 1/BodyParts/brow_left_top.png
  artifactKey: Guid(d88c6b21964977648814f5fdd6761c13) Importer(2089858483,192608db42251d675da83286b1cce702)
Start importing Assets/content/4_Characters/2_Pigs/21_ZetaPig 1/BodyParts/brow_left_top.png using Guid(d88c6b21964977648814f5fdd6761c13) Importer(2089858483,192608db42251d675da83286b1cce702) (ScriptedImporter) -> (artifact id: '8915ef68b0dcce3b3291c0516034000b') in 0.012625 seconds
Number of updated asset objects reloaded before import = 0Number of asset objects unloaded after import = 1

========================================================================
Received Import Request.
  Time since last request: 0.000094 seconds.
  path: Assets/content/4_Characters/2_Pigs/21_ZetaPig 1/BodyParts/MainHand_Wand.png
  artifactKey: Guid(b6af42632f5b78f4aa2679b084384f66) Importer(2089858483,192608db42251d675da83286b1cce702)
Start importing Assets/content/4_Characters/2_Pigs/21_ZetaPig 1/BodyParts/MainHand_Wand.png using Guid(b6af42632f5b78f4aa2679b084384f66) Importer(2089858483,192608db42251d675da83286b1cce702) (ScriptedImporter) -> (artifact id: 'a61431839158508b3a88a19c6d5393fa') in 0.0145374 seconds
Number of updated asset objects reloaded before import = 0Number of asset objects unloaded after import = 1

========================================================================
Received Import Request.
  Time since last request: 0.000091 seconds.
  path: Assets/content/4_Characters/2_Pigs/21_ZetaPig 1/BodyParts/Headgear_Ringmaster.png
  artifactKey: Guid(912b9ff7964b95d489aea43034b6f426) Importer(2089858483,192608db42251d675da83286b1cce702)
Start importing Assets/content/4_Characters/2_Pigs/21_ZetaPig 1/BodyParts/Headgear_Ringmaster.png using Guid(912b9ff7964b95d489aea43034b6f426) Importer(2089858483,192608db42251d675da83286b1cce702) (ScriptedImporter) -> (artifact id: 'dbc3ad6036129b9b8f3963e37899ec61') in 0.0158912 seconds
Number of updated asset objects reloaded before import = 0Number of asset objects unloaded after import = 1

========================================================================
Received Import Request.
  Time since last request: 0.000096 seconds.
  path: Assets/content/4_Characters/2_Pigs/21_ZetaPig 1/BodyParts/ahoge.png
  artifactKey: Guid(cc6d2dfa148b38346b96d63e989c49f8) Importer(2089858483,192608db42251d675da83286b1cce702)
Start importing Assets/content/4_Characters/2_Pigs/21_ZetaPig 1/BodyParts/ahoge.png using Guid(cc6d2dfa148b38346b96d63e989c49f8) Importer(2089858483,192608db42251d675da83286b1cce702) (ScriptedImporter) -> (artifact id: '648a9ac4cb25ab94c8e1e81e28dba893') in 0.0115531 seconds
Number of updated asset objects reloaded before import = 0Number of asset objects unloaded after import = 1

========================================================================
Received Import Request.
  Time since last request: 0.000085 seconds.
  path: Assets/content/4_Characters/2_Pigs/21_ZetaPig 1/BodyParts/brow_left_low.png
  artifactKey: Guid(c68de3c5be1101a4e88f932a5df2b5e3) Importer(2089858483,192608db42251d675da83286b1cce702)
Start importing Assets/content/4_Characters/2_Pigs/21_ZetaPig 1/BodyParts/brow_left_low.png using Guid(c68de3c5be1101a4e88f932a5df2b5e3) Importer(2089858483,192608db42251d675da83286b1cce702) (ScriptedImporter) -> (artifact id: 'c99032698ffb1d1d0a4c2ffa0a0d8514') in 0.0139764 seconds
Number of updated asset objects reloaded before import = 0Number of asset objects unloaded after import = 1

========================================================================
Received Import Request.
  Time since last request: 0.000077 seconds.
  path: Assets/content/4_Characters/2_Pigs/21_ZetaPig 1/BodyParts/Lid_Left_Closed.png
  artifactKey: Guid(5dcd9483b5eff8f4a8b953149b5993ff) Importer(2089858483,192608db42251d675da83286b1cce702)
Start importing Assets/content/4_Characters/2_Pigs/21_ZetaPig 1/BodyParts/Lid_Left_Closed.png using Guid(5dcd9483b5eff8f4a8b953149b5993ff) Importer(2089858483,192608db42251d675da83286b1cce702) (ScriptedImporter) -> (artifact id: '443173f74fa15e1f9be7b9d893b73bb6') in 0.0298454 seconds
Number of updated asset objects reloaded before import = 0Number of asset objects unloaded after import = 1

========================================================================
Received Import Request.
  Time since last request: 0.000069 seconds.
  path: Assets/content/4_Characters/2_Pigs/21_ZetaPig 1/BodyParts/lid_right_low.png
  artifactKey: Guid(b991cdf5ca4751a4792084ba469233ab) Importer(2089858483,192608db42251d675da83286b1cce702)
Start importing Assets/content/4_Characters/2_Pigs/21_ZetaPig 1/BodyParts/lid_right_low.png using Guid(b991cdf5ca4751a4792084ba469233ab) Importer(2089858483,192608db42251d675da83286b1cce702) (ScriptedImporter) -> (artifact id: '947663cec14a44192af67eca7997d96d') in 0.0137857 seconds
Number of updated asset objects reloaded before import = 0Number of asset objects unloaded after import = 1

========================================================================
Received Import Request.
  Time since last request: 0.000077 seconds.
  path: Assets/content/4_Characters/2_Pigs/21_ZetaPig 1/BodyParts/taill.png
  artifactKey: Guid(b8346340c5085f64986944ac0ee6c361) Importer(2089858483,192608db42251d675da83286b1cce702)
Start importing Assets/content/4_Characters/2_Pigs/21_ZetaPig 1/BodyParts/taill.png using Guid(b8346340c5085f64986944ac0ee6c361) Importer(2089858483,192608db42251d675da83286b1cce702) (ScriptedImporter) -> (artifact id: '710635c28eddde046fe3212d161cd4bb') in 0.0142675 seconds
Number of updated asset objects reloaded before import = 0Number of asset objects unloaded after import = 1

========================================================================
Received Import Request.
  Time since last request: 0.000081 seconds.
  path: Assets/content/4_Characters/2_Pigs/21_ZetaPig 1/BodyParts/Lid_Left_Blink_Full.png
  artifactKey: Guid(b8cb09a5a77d1984c9247cc3a9ead32a) Importer(2089858483,192608db42251d675da83286b1cce702)
Start importing Assets/content/4_Characters/2_Pigs/21_ZetaPig 1/BodyParts/Lid_Left_Blink_Full.png using Guid(b8cb09a5a77d1984c9247cc3a9ead32a) Importer(2089858483,192608db42251d675da83286b1cce702) (ScriptedImporter) -> (artifact id: 'aa0cc92d4cbc23b8d469f0a6c615611b') in 0.0134576 seconds
Number of updated asset objects reloaded before import = 0Number of asset objects unloaded after import = 1

========================================================================
Received Import Request.
  Time since last request: 0.000073 seconds.
  path: Assets/content/4_Characters/2_Pigs/21_ZetaPig 1/BodyParts/Shadow.png
  artifactKey: Guid(51b5d87cbbddf644eb67dc5933701a4c) Importer(2089858483,192608db42251d675da83286b1cce702)
Start importing Assets/content/4_Characters/2_Pigs/21_ZetaPig 1/BodyParts/Shadow.png using Guid(51b5d87cbbddf644eb67dc5933701a4c) Importer(2089858483,192608db42251d675da83286b1cce702) (ScriptedImporter) -> (artifact id: 'fe1454687b215192b9bd22903206c70b') in 0.0143344 seconds
Number of updated asset objects reloaded before import = 0Number of asset objects unloaded after import = 1

========================================================================
Received Import Request.
  Time since last request: 0.000089 seconds.
  path: Assets/content/4_Characters/2_Pigs/21_ZetaPig 1/BodyParts/brow_right_low.png
  artifactKey: Guid(0de775c3d47dfc74e8443c378862b4b5) Importer(2089858483,192608db42251d675da83286b1cce702)
Start importing Assets/content/4_Characters/2_Pigs/21_ZetaPig 1/BodyParts/brow_right_low.png using Guid(0de775c3d47dfc74e8443c378862b4b5) Importer(2089858483,192608db42251d675da83286b1cce702) (ScriptedImporter) -> (artifact id: '27531c390f56c1027d6248057b48f031') in 0.0153712 seconds
Number of updated asset objects reloaded before import = 0Number of asset objects unloaded after import = 1

========================================================================
Received Import Request.
  Time since last request: 0.000064 seconds.
  path: Assets/content/4_Characters/2_Pigs/21_ZetaPig 1/BodyParts/Eye_Right_Blue.png
  artifactKey: Guid(aa6b3c51f8a12694a9fae02de054d45c) Importer(2089858483,192608db42251d675da83286b1cce702)
Start importing Assets/content/4_Characters/2_Pigs/21_ZetaPig 1/BodyParts/Eye_Right_Blue.png using Guid(aa6b3c51f8a12694a9fae02de054d45c) Importer(2089858483,192608db42251d675da83286b1cce702) (ScriptedImporter) -> (artifact id: '30d9837b2c8bd75e60a14f2569a7a299') in 0.0127916 seconds
Number of updated asset objects reloaded before import = 0Number of asset objects unloaded after import = 1

========================================================================
Received Import Request.
  Time since last request: 0.000075 seconds.
  path: Assets/content/4_Characters/2_Pigs/21_ZetaPig 1/BodyParts/Moustache_Left.png
  artifactKey: Guid(06de634b9c8eddd4aba215b617be956b) Importer(2089858483,192608db42251d675da83286b1cce702)
Start importing Assets/content/4_Characters/2_Pigs/21_ZetaPig 1/BodyParts/Moustache_Left.png using Guid(06de634b9c8eddd4aba215b617be956b) Importer(2089858483,192608db42251d675da83286b1cce702) (ScriptedImporter) -> (artifact id: '17961cf3d85d6a9e006c5997a85b6ebd') in 0.0160084 seconds
Number of updated asset objects reloaded before import = 0Number of asset objects unloaded after import = 1

========================================================================
Received Import Request.
  Time since last request: 0.000058 seconds.
  path: Assets/content/4_Characters/2_Pigs/21_ZetaPig 1/BodyParts/beak_pissed.png
  artifactKey: Guid(fd50cc4a8c5a43643a550d0971feb2a6) Importer(2089858483,192608db42251d675da83286b1cce702)
Start importing Assets/content/4_Characters/2_Pigs/21_ZetaPig 1/BodyParts/beak_pissed.png using Guid(fd50cc4a8c5a43643a550d0971feb2a6) Importer(2089858483,192608db42251d675da83286b1cce702) (ScriptedImporter) -> (artifact id: 'dd1f1cfb6151cb41da7e20471029ba41') in 0.0164824 seconds
Number of updated asset objects reloaded before import = 0Number of asset objects unloaded after import = 1

========================================================================
Received Import Request.
  Time since last request: 0.000074 seconds.
  path: Assets/content/4_Characters/2_Pigs/21_ZetaPig 1/BodyParts/brow_left_high.png
  artifactKey: Guid(5678b2ea4fabbbc4db85f88306c4ae9a) Importer(2089858483,192608db42251d675da83286b1cce702)
Start importing Assets/content/4_Characters/2_Pigs/21_ZetaPig 1/BodyParts/brow_left_high.png using Guid(5678b2ea4fabbbc4db85f88306c4ae9a) Importer(2089858483,192608db42251d675da83286b1cce702) (ScriptedImporter) -> (artifact id: 'f27d825e1a3f864469b1d6ab8a8b6740') in 0.0156099 seconds
Number of updated asset objects reloaded before import = 0Number of asset objects unloaded after import = 1

========================================================================
Received Import Request.
  Time since last request: 0.000062 seconds.
  path: Assets/content/4_Characters/2_Pigs/21_ZetaPig 1/BodyParts/brow_high.png
  artifactKey: Guid(eeb104a456f10354a9dc8f98783987db) Importer(2089858483,192608db42251d675da83286b1cce702)
Start importing Assets/content/4_Characters/2_Pigs/21_ZetaPig 1/BodyParts/brow_high.png using Guid(eeb104a456f10354a9dc8f98783987db) Importer(2089858483,192608db42251d675da83286b1cce702) (ScriptedImporter) -> (artifact id: 'd482a33055b1d40761655cc56f70776b') in 0.0150398 seconds
Number of updated asset objects reloaded before import = 0Number of asset objects unloaded after import = 1

========================================================================
Received Import Request.
  Time since last request: 0.000089 seconds.
  path: Assets/content/4_Characters/2_Pigs/21_ZetaPig 1/BodyParts/Tounge_Hit.png
  artifactKey: Guid(45a8968939cd34d46a79f2358b64f05b) Importer(2089858483,192608db42251d675da83286b1cce702)
Start importing Assets/content/4_Characters/2_Pigs/21_ZetaPig 1/BodyParts/Tounge_Hit.png using Guid(45a8968939cd34d46a79f2358b64f05b) Importer(2089858483,192608db42251d675da83286b1cce702) (ScriptedImporter) -> (artifact id: 'a3bab2058bfe6665c9e439437668f7c2') in 0.0154032 seconds
Number of updated asset objects reloaded before import = 0Number of asset objects unloaded after import = 1

========================================================================
Received Import Request.
  Time since last request: 0.000027 seconds.
  path: Assets/content/4_Characters/2_Pigs/21_ZetaPig 1/BodyParts/Tounge_Attack.png
  artifactKey: Guid(e9ca8335b52e31d44bc73d7070182524) Importer(2089858483,192608db42251d675da83286b1cce702)
Start importing Assets/content/4_Characters/2_Pigs/21_ZetaPig 1/BodyParts/Tounge_Attack.png using Guid(e9ca8335b52e31d44bc73d7070182524) Importer(2089858483,192608db42251d675da83286b1cce702) (ScriptedImporter) -> (artifact id: 'b2d1683324a797c2541e79c9a7770fe5') in 0.0141412 seconds
Number of updated asset objects reloaded before import = 0Number of asset objects unloaded after import = 1

========================================================================
Received Import Request.
  Time since last request: 0.000111 seconds.
  path: Assets/content/4_Characters/2_Pigs/21_ZetaPig 1/BodyParts/Eye_Right_Red.png
  artifactKey: Guid(7572bb4628a1b7346ad51ba17e058c18) Importer(2089858483,192608db42251d675da83286b1cce702)
Start importing Assets/content/4_Characters/2_Pigs/21_ZetaPig 1/BodyParts/Eye_Right_Red.png using Guid(7572bb4628a1b7346ad51ba17e058c18) Importer(2089858483,192608db42251d675da83286b1cce702) (ScriptedImporter) -> (artifact id: '905bc127476117821a99bd2fc76528e5') in 0.013347 seconds
Number of updated asset objects reloaded before import = 0Number of asset objects unloaded after import = 1

========================================================================
Received Import Request.
  Time since last request: 0.000087 seconds.
  path: Assets/content/4_Characters/2_Pigs/21_ZetaPig 1/BodyParts/Mouth_Defeat.png
  artifactKey: Guid(9ef5dbac8ebf72a4fa00ced9fc66e358) Importer(2089858483,192608db42251d675da83286b1cce702)
Start importing Assets/content/4_Characters/2_Pigs/21_ZetaPig 1/BodyParts/Mouth_Defeat.png using Guid(9ef5dbac8ebf72a4fa00ced9fc66e358) Importer(2089858483,192608db42251d675da83286b1cce702) (ScriptedImporter) -> (artifact id: 'e32d55e981ad5f0143995549b1216116') in 0.025788 seconds
Number of updated asset objects reloaded before import = 0Number of asset objects unloaded after import = 1

========================================================================
Received Import Request.
  Time since last request: 0.000058 seconds.
  path: Assets/content/4_Characters/2_Pigs/21_ZetaPig 1/BodyParts/lid_left_low.png
  artifactKey: Guid(11bc9776f58a921428ac5aae4b1df446) Importer(2089858483,192608db42251d675da83286b1cce702)
Start importing Assets/content/4_Characters/2_Pigs/21_ZetaPig 1/BodyParts/lid_left_low.png using Guid(11bc9776f58a921428ac5aae4b1df446) Importer(2089858483,192608db42251d675da83286b1cce702) (ScriptedImporter) -> (artifact id: 'fc609d7f28b6e572f02433d895878359') in 0.0155262 seconds
Number of updated asset objects reloaded before import = 0Number of asset objects unloaded after import = 1

========================================================================
Received Import Request.
  Time since last request: 0.000089 seconds.
  path: Assets/content/4_Characters/2_Pigs/21_ZetaPig 1/BodyParts/MainHand_Ringmaster.png
  artifactKey: Guid(000e18895e76f294ebe0f14375d1dbaf) Importer(2089858483,192608db42251d675da83286b1cce702)
Start importing Assets/content/4_Characters/2_Pigs/21_ZetaPig 1/BodyParts/MainHand_Ringmaster.png using Guid(000e18895e76f294ebe0f14375d1dbaf) Importer(2089858483,192608db42251d675da83286b1cce702) (ScriptedImporter) -> (artifact id: '2bd56bbec2c3e5b58cceb2e255f21e8a') in 0.0157376 seconds
Number of updated asset objects reloaded before import = 0Number of asset objects unloaded after import = 1

========================================================================
Received Import Request.
  Time since last request: 0.000060 seconds.
  path: Assets/content/4_Characters/2_Pigs/21_ZetaPig 1/BodyParts/beak_grinding.png
  artifactKey: Guid(1821e9057b8166846a3cfc7f069eed86) Importer(2089858483,192608db42251d675da83286b1cce702)
Start importing Assets/content/4_Characters/2_Pigs/21_ZetaPig 1/BodyParts/beak_grinding.png using Guid(1821e9057b8166846a3cfc7f069eed86) Importer(2089858483,192608db42251d675da83286b1cce702) (ScriptedImporter) -> (artifact id: '4c17191d6ee531ee3c671764cf249439') in 0.0142822 seconds
Number of updated asset objects reloaded before import = 0Number of asset objects unloaded after import = 1

========================================================================
Received Import Request.
  Time since last request: 0.000078 seconds.
  path: Assets/content/4_Characters/2_Pigs/21_ZetaPig 1/BodyParts/left_bang_dmg.png
  artifactKey: Guid(2cb399c1fca33ad47acd6c4b452b9ca6) Importer(2089858483,192608db42251d675da83286b1cce702)
Start importing Assets/content/4_Characters/2_Pigs/21_ZetaPig 1/BodyParts/left_bang_dmg.png using Guid(2cb399c1fca33ad47acd6c4b452b9ca6) Importer(2089858483,192608db42251d675da83286b1cce702) (ScriptedImporter) -> (artifact id: '08c3c6b597f7c33c7ebd8edceb5439ac') in 0.0144838 seconds
Number of updated asset objects reloaded before import = 0Number of asset objects unloaded after import = 1

========================================================================
Received Import Request.
  Time since last request: 0.000080 seconds.
  path: Assets/content/4_Characters/2_Pigs/21_ZetaPig 1/BodyParts/Lid_Right.png
  artifactKey: Guid(ebcf80e6d351c3c4bb07ee18ae4bb9e5) Importer(2089858483,192608db42251d675da83286b1cce702)
Start importing Assets/content/4_Characters/2_Pigs/21_ZetaPig 1/BodyParts/Lid_Right.png using Guid(ebcf80e6d351c3c4bb07ee18ae4bb9e5) Importer(2089858483,192608db42251d675da83286b1cce702) (ScriptedImporter) -> (artifact id: '9dcaf609d8368f0dd041945cc6aed51d') in 0.0140544 seconds
Number of updated asset objects reloaded before import = 0Number of asset objects unloaded after import = 1

========================================================================
Received Import Request.
  Time since last request: 0.000076 seconds.
  path: Assets/content/4_Characters/2_Pigs/21_ZetaPig 1/BodyParts/Brow_Right.png
  artifactKey: Guid(5c6f6988c3bdd064d84ddca9fbf1eacd) Importer(2089858483,192608db42251d675da83286b1cce702)
Start importing Assets/content/4_Characters/2_Pigs/21_ZetaPig 1/BodyParts/Brow_Right.png using Guid(5c6f6988c3bdd064d84ddca9fbf1eacd) Importer(2089858483,192608db42251d675da83286b1cce702) (ScriptedImporter) -> (artifact id: 'd193c0b7557fa0e3f29f749221c82fa6') in 0.0143773 seconds
Number of updated asset objects reloaded before import = 0Number of asset objects unloaded after import = 1

========================================================================
Received Import Request.
  Time since last request: 0.000073 seconds.
  path: Assets/content/4_Characters/2_Pigs/21_ZetaPig 1/BodyParts/Eyebrow_Left_Flip.png
  artifactKey: Guid(de93dd161adf6fd478c1163e20326c70) Importer(2089858483,192608db42251d675da83286b1cce702)
Start importing Assets/content/4_Characters/2_Pigs/21_ZetaPig 1/BodyParts/Eyebrow_Left_Flip.png using Guid(de93dd161adf6fd478c1163e20326c70) Importer(2089858483,192608db42251d675da83286b1cce702) (ScriptedImporter) -> (artifact id: '91eea90ed7d899f310406e2cec5d51a1') in 0.0114359 seconds
Number of updated asset objects reloaded before import = 0Number of asset objects unloaded after import = 1

========================================================================
Received Import Request.
  Time since last request: 0.000053 seconds.
  path: Assets/content/4_Characters/2_Pigs/21_ZetaPig 1/BodyParts/lash_right.png
  artifactKey: Guid(17b72b344911e8147841461c7d848602) Importer(2089858483,192608db42251d675da83286b1cce702)
Start importing Assets/content/4_Characters/2_Pigs/21_ZetaPig 1/BodyParts/lash_right.png using Guid(17b72b344911e8147841461c7d848602) Importer(2089858483,192608db42251d675da83286b1cce702) (ScriptedImporter) -> (artifact id: 'b3499533a0365bb5e34234fec9a73ee6') in 0.0144597 seconds
Number of updated asset objects reloaded before import = 0Number of asset objects unloaded after import = 1

========================================================================
Received Import Request.
  Time since last request: 0.000088 seconds.
  path: Assets/content/4_Characters/2_Pigs/21_ZetaPig 1/BodyParts/Eyebrow_Right.png
  artifactKey: Guid(779d755bb5512f544a61d8f21611d1cc) Importer(2089858483,192608db42251d675da83286b1cce702)
Start importing Assets/content/4_Characters/2_Pigs/21_ZetaPig 1/BodyParts/Eyebrow_Right.png using Guid(779d755bb5512f544a61d8f21611d1cc) Importer(2089858483,192608db42251d675da83286b1cce702) (ScriptedImporter) -> (artifact id: '3b69e82d3ec5254331e370a4d4be7ccc') in 0.0120152 seconds
Number of updated asset objects reloaded before import = 0Number of asset objects unloaded after import = 1

========================================================================
Received Import Request.
  Time since last request: 0.000065 seconds.
  path: Assets/content/4_Characters/2_Pigs/21_ZetaPig 1/BodyParts/Lid_Left_Attack.png
  artifactKey: Guid(6bbb3ed0618bea64390f6aaed3cc95ae) Importer(2089858483,192608db42251d675da83286b1cce702)
Start importing Assets/content/4_Characters/2_Pigs/21_ZetaPig 1/BodyParts/Lid_Left_Attack.png using Guid(6bbb3ed0618bea64390f6aaed3cc95ae) Importer(2089858483,192608db42251d675da83286b1cce702) (ScriptedImporter) -> (artifact id: '4e04c095d23d427981f93acbaa2d1294') in 0.014924 seconds
Number of updated asset objects reloaded before import = 0Number of asset objects unloaded after import = 1

========================================================================
Received Import Request.
  Time since last request: 0.000064 seconds.
  path: Assets/content/4_Characters/2_Pigs/21_ZetaPig 1/BodyParts_Demon/Lid_Right_Blink_Full.png
  artifactKey: Guid(9f8fa6c81dd5a6148880016f1fe9ac4a) Importer(2089858483,192608db42251d675da83286b1cce702)
Start importing Assets/content/4_Characters/2_Pigs/21_ZetaPig 1/BodyParts_Demon/Lid_Right_Blink_Full.png using Guid(9f8fa6c81dd5a6148880016f1fe9ac4a) Importer(2089858483,192608db42251d675da83286b1cce702) (ScriptedImporter) -> (artifact id: 'f90cd93afdbc47b41bdd2772afa1f3ae') in 0.0128404 seconds
Number of updated asset objects reloaded before import = 0Number of asset objects unloaded after import = 1

========================================================================
Received Import Request.
  Time since last request: 0.000081 seconds.
  path: Assets/content/4_Characters/2_Pigs/21_ZetaPig 1/BodyParts_Demon/Eyebrow_Right.png
  artifactKey: Guid(f71c52d2dcb540f4eac3d36a8860fc2c) Importer(2089858483,192608db42251d675da83286b1cce702)
Start importing Assets/content/4_Characters/2_Pigs/21_ZetaPig 1/BodyParts_Demon/Eyebrow_Right.png using Guid(f71c52d2dcb540f4eac3d36a8860fc2c) Importer(2089858483,192608db42251d675da83286b1cce702) (ScriptedImporter) -> (artifact id: '401a7a9496ccdc98a5d74f0bc0117cda') in 0.013671 seconds
Number of updated asset objects reloaded before import = 0Number of asset objects unloaded after import = 1

========================================================================
Received Import Request.
  Time since last request: 0.000055 seconds.
  path: Assets/content/4_Characters/2_Pigs/21_ZetaPig 1/BodyParts_Demon/Eyebrow_Left_Flip.png
  artifactKey: Guid(c0b4eeba751dcd0419ed03ec68233510) Importer(2089858483,192608db42251d675da83286b1cce702)
Start importing Assets/content/4_Characters/2_Pigs/21_ZetaPig 1/BodyParts_Demon/Eyebrow_Left_Flip.png using Guid(c0b4eeba751dcd0419ed03ec68233510) Importer(2089858483,192608db42251d675da83286b1cce702) (ScriptedImporter) -> (artifact id: '81c1d5a12eb7f8b869bf0c76c5e547c1') in 0.013213 seconds
Number of updated asset objects reloaded before import = 0Number of asset objects unloaded after import = 1

========================================================================
Received Import Request.
  Time since last request: 0.000083 seconds.
  path: Assets/content/4_Characters/2_Pigs/21_ZetaPig 1/BodyParts_Demon/Lid_Left_Attack.png
  artifactKey: Guid(093bc47b60c1d1842853644423aa50c2) Importer(2089858483,192608db42251d675da83286b1cce702)
Start importing Assets/content/4_Characters/2_Pigs/21_ZetaPig 1/BodyParts_Demon/Lid_Left_Attack.png using Guid(093bc47b60c1d1842853644423aa50c2) Importer(2089858483,192608db42251d675da83286b1cce702) (ScriptedImporter) -> (artifact id: '800ca7b2116a0e2b1b2688a7c0386fc7') in 0.0132158 seconds
Number of updated asset objects reloaded before import = 0Number of asset objects unloaded after import = 1

========================================================================
Received Import Request.
  Time since last request: 0.000067 seconds.
  path: Assets/content/4_Characters/2_Pigs/21_ZetaPig 1/BodyParts_Demon/Eye_Right.png
  artifactKey: Guid(bbebac4e5a5ea4f46a47b77ad007df70) Importer(2089858483,192608db42251d675da83286b1cce702)
Start importing Assets/content/4_Characters/2_Pigs/21_ZetaPig 1/BodyParts_Demon/Eye_Right.png using Guid(bbebac4e5a5ea4f46a47b77ad007df70) Importer(2089858483,192608db42251d675da83286b1cce702) (ScriptedImporter) -> (artifact id: '12dc3b87d59e3c460e11b8a3c2887ea5') in 0.025147 seconds
Number of updated asset objects reloaded before import = 0Number of asset objects unloaded after import = 1

========================================================================
Received Import Request.
  Time since last request: 0.000088 seconds.
  path: Assets/content/4_Characters/2_Pigs/21_ZetaPig 1/BodyParts_Demon/Lid_Left_Blink_Half.png
  artifactKey: Guid(c7887da266a26c44a9b4a1f74829943a) Importer(2089858483,192608db42251d675da83286b1cce702)
Start importing Assets/content/4_Characters/2_Pigs/21_ZetaPig 1/BodyParts_Demon/Lid_Left_Blink_Half.png using Guid(c7887da266a26c44a9b4a1f74829943a) Importer(2089858483,192608db42251d675da83286b1cce702) (ScriptedImporter) -> (artifact id: '1893973bd5daa7af99de4903569eb6cb') in 0.0189243 seconds
Number of updated asset objects reloaded before import = 0Number of asset objects unloaded after import = 1

========================================================================
Received Import Request.
  Time since last request: 0.000131 seconds.
  path: Assets/content/4_Characters/2_Pigs/21_ZetaPig 1/BodyParts_Demon/Headgear_Back.png
  artifactKey: Guid(2f756fd35e9857345a409c8b43b4fa9b) Importer(2089858483,192608db42251d675da83286b1cce702)
Start importing Assets/content/4_Characters/2_Pigs/21_ZetaPig 1/BodyParts_Demon/Headgear_Back.png using Guid(2f756fd35e9857345a409c8b43b4fa9b) Importer(2089858483,192608db42251d675da83286b1cce702) (ScriptedImporter) -> (artifact id: '46d382338ae3d528a6e67b52d4f02582') in 0.0164253 seconds
Number of updated asset objects reloaded before import = 0Number of asset objects unloaded after import = 1

========================================================================
Received Import Request.
  Time since last request: 0.000085 seconds.
  path: Assets/content/4_Characters/2_Pigs/21_ZetaPig 1/BodyParts_Demon/Lid_Right_Blue.png
  artifactKey: Guid(a0693322b39b3e6419abe624eb150e01) Importer(2089858483,192608db42251d675da83286b1cce702)
Start importing Assets/content/4_Characters/2_Pigs/21_ZetaPig 1/BodyParts_Demon/Lid_Right_Blue.png using Guid(a0693322b39b3e6419abe624eb150e01) Importer(2089858483,192608db42251d675da83286b1cce702) (ScriptedImporter) -> (artifact id: 'd804ac9f204c52cbf27bc6b72bfdb182') in 0.0125826 seconds
Number of updated asset objects reloaded before import = 0Number of asset objects unloaded after import = 1

========================================================================
Received Import Request.
  Time since last request: 0.000085 seconds.
  path: Assets/content/4_Characters/2_Pigs/21_ZetaPig 1/BodyParts/beak_mad.png
  artifactKey: Guid(ed0830659713ad74aa6043f024a61350) Importer(2089858483,192608db42251d675da83286b1cce702)
Start importing Assets/content/4_Characters/2_Pigs/21_ZetaPig 1/BodyParts/beak_mad.png using Guid(ed0830659713ad74aa6043f024a61350) Importer(2089858483,192608db42251d675da83286b1cce702) (ScriptedImporter) -> (artifact id: '2c9060b5a3d746f7005c091188513ac2') in 0.0127142 seconds
Number of updated asset objects reloaded before import = 0Number of asset objects unloaded after import = 1

========================================================================
Received Import Request.
  Time since last request: 0.000081 seconds.
  path: Assets/content/4_Characters/2_Pigs/21_ZetaPig 1/BodyParts/Body-2.png
  artifactKey: Guid(2622fb63dfca87444936ff1c8fe0f117) Importer(2089858483,192608db42251d675da83286b1cce702)
Start importing Assets/content/4_Characters/2_Pigs/21_ZetaPig 1/BodyParts/Body-2.png using Guid(2622fb63dfca87444936ff1c8fe0f117) Importer(2089858483,192608db42251d675da83286b1cce702) (ScriptedImporter) -> (artifact id: 'ed0cfd454aec04ab146f589af45f0f4b') in 0.0161696 seconds
Number of updated asset objects reloaded before import = 0Number of asset objects unloaded after import = 1

========================================================================
Received Import Request.
  Time since last request: 0.000058 seconds.
  path: Assets/content/4_Characters/2_Pigs/21_ZetaPig 1/BodyParts/Lid_Left_Taunt.png
  artifactKey: Guid(a6a12a1fcb90c3a4a87fa9e3d2c990be) Importer(2089858483,192608db42251d675da83286b1cce702)
Start importing Assets/content/4_Characters/2_Pigs/21_ZetaPig 1/BodyParts/Lid_Left_Taunt.png using Guid(a6a12a1fcb90c3a4a87fa9e3d2c990be) Importer(2089858483,192608db42251d675da83286b1cce702) (ScriptedImporter) -> (artifact id: '45d05862ddaf0c1bfe542ef224df64cc') in 0.0144484 seconds
Number of updated asset objects reloaded before import = 0Number of asset objects unloaded after import = 1

========================================================================
Received Import Request.
  Time since last request: 0.000077 seconds.
  path: Assets/content/4_Characters/2_Pigs/21_ZetaPig 1/BodyParts/Tounge_Defeat.png
  artifactKey: Guid(73de5e0b7a1825748bdb7805cd089854) Importer(2089858483,192608db42251d675da83286b1cce702)
Start importing Assets/content/4_Characters/2_Pigs/21_ZetaPig 1/BodyParts/Tounge_Defeat.png using Guid(73de5e0b7a1825748bdb7805cd089854) Importer(2089858483,192608db42251d675da83286b1cce702) (ScriptedImporter) -> (artifact id: 'cc0ac8799ece4200e9b3452897849092') in 0.0143469 seconds
Number of updated asset objects reloaded before import = 0Number of asset objects unloaded after import = 1

========================================================================
Received Import Request.
  Time since last request: 0.000081 seconds.
  path: Assets/content/4_Characters/2_Pigs/21_ZetaPig 1/BodyParts_Demon/Eyebrow_Right_Flip.png
  artifactKey: Guid(62d880dbc704d694d8b3a4ee4e649d7d) Importer(2089858483,192608db42251d675da83286b1cce702)
Start importing Assets/content/4_Characters/2_Pigs/21_ZetaPig 1/BodyParts_Demon/Eyebrow_Right_Flip.png using Guid(62d880dbc704d694d8b3a4ee4e649d7d) Importer(2089858483,192608db42251d675da83286b1cce702) (ScriptedImporter) -> (artifact id: 'b0a79cc47294a24cb8d0596a50979130') in 0.0143102 seconds
Number of updated asset objects reloaded before import = 0Number of asset objects unloaded after import = 1

========================================================================
Received Import Request.
  Time since last request: 0.000041 seconds.
  path: Assets/content/4_Characters/2_Pigs/21_ZetaPig 1/BodyParts_Demon/Lid_Right_Taunt.png
  artifactKey: Guid(2f3fb35a7eff2c947bef24f251acabe0) Importer(2089858483,192608db42251d675da83286b1cce702)
Start importing Assets/content/4_Characters/2_Pigs/21_ZetaPig 1/BodyParts_Demon/Lid_Right_Taunt.png using Guid(2f3fb35a7eff2c947bef24f251acabe0) Importer(2089858483,192608db42251d675da83286b1cce702) (ScriptedImporter) -> (artifact id: '6c9a31affe7f0a0e73f8a130b260e233') in 0.0129543 seconds
Number of updated asset objects reloaded before import = 0Number of asset objects unloaded after import = 1

========================================================================
Received Import Request.
  Time since last request: 0.000121 seconds.
  path: Assets/content/4_Characters/2_Pigs/21_ZetaPig 1/BodyParts_Demon/Eye_Right_Red.png
  artifactKey: Guid(8b538e86c9c45a340a3e0a074d57e2c4) Importer(2089858483,192608db42251d675da83286b1cce702)
Start importing Assets/content/4_Characters/2_Pigs/21_ZetaPig 1/BodyParts_Demon/Eye_Right_Red.png using Guid(8b538e86c9c45a340a3e0a074d57e2c4) Importer(2089858483,192608db42251d675da83286b1cce702) (ScriptedImporter) -> (artifact id: '1ebcca71cdc00be3ab662de8d1437ac2') in 0.0179 seconds
Number of updated asset objects reloaded before import = 0Number of asset objects unloaded after import = 1

========================================================================
Received Import Request.
  Time since last request: 0.000069 seconds.
  path: Assets/content/4_Characters/2_Pigs/21_ZetaPig 1/BodyParts/Mouth_Hit.png
  artifactKey: Guid(b538c85e18986874b9a0ea8567d6cdc0) Importer(2089858483,192608db42251d675da83286b1cce702)
Start importing Assets/content/4_Characters/2_Pigs/21_ZetaPig 1/BodyParts/Mouth_Hit.png using Guid(b538c85e18986874b9a0ea8567d6cdc0) Importer(2089858483,192608db42251d675da83286b1cce702) (ScriptedImporter) -> (artifact id: '55d3e5d25b5b792b274184cc5c2d57e2') in 0.015222 seconds
Number of updated asset objects reloaded before import = 0Number of asset objects unloaded after import = 1

========================================================================
Received Import Request.
  Time since last request: 0.000076 seconds.
  path: Assets/content/4_Characters/2_Pigs/21_ZetaPig 1/BodyParts/Tail_Hit.png
  artifactKey: Guid(7e4cc36c2e990584db0a8e2dd8cf7a44) Importer(2089858483,192608db42251d675da83286b1cce702)
Start importing Assets/content/4_Characters/2_Pigs/21_ZetaPig 1/BodyParts/Tail_Hit.png using Guid(7e4cc36c2e990584db0a8e2dd8cf7a44) Importer(2089858483,192608db42251d675da83286b1cce702) (ScriptedImporter) -> (artifact id: 'db58c881f854714b7b89f3e41784a2fb') in 0.0138183 seconds
Number of updated asset objects reloaded before import = 0Number of asset objects unloaded after import = 1

========================================================================
Received Import Request.
  Time since last request: 0.000090 seconds.
  path: Assets/content/4_Characters/2_Pigs/21_ZetaPig 1/BodyParts/beak_dead.png
  artifactKey: Guid(2db71f34fc3155042aaf8515a7edc2b6) Importer(2089858483,192608db42251d675da83286b1cce702)
Start importing Assets/content/4_Characters/2_Pigs/21_ZetaPig 1/BodyParts/beak_dead.png using Guid(2db71f34fc3155042aaf8515a7edc2b6) Importer(2089858483,192608db42251d675da83286b1cce702) (ScriptedImporter) -> (artifact id: 'eba64bbe5183a1403ad92a91566d94f1') in 0.0171048 seconds
Number of updated asset objects reloaded before import = 0Number of asset objects unloaded after import = 1

========================================================================
Received Import Request.
  Time since last request: 0.000113 seconds.
  path: Assets/content/4_Characters/2_Pigs/21_ZetaPig 1/BodyParts/lid_left_half.png
  artifactKey: Guid(65b24f49c3556bb4586c85d372fcb94d) Importer(2089858483,192608db42251d675da83286b1cce702)
Start importing Assets/content/4_Characters/2_Pigs/21_ZetaPig 1/BodyParts/lid_left_half.png using Guid(65b24f49c3556bb4586c85d372fcb94d) Importer(2089858483,192608db42251d675da83286b1cce702) (ScriptedImporter) -> (artifact id: '640d875c3ed55cd74a60c6a2139d251e') in 0.0272844 seconds
Number of updated asset objects reloaded before import = 0Number of asset objects unloaded after import = 1

========================================================================
Received Import Request.
  Time since last request: 0.000050 seconds.
  path: Assets/content/4_Characters/2_Pigs/21_ZetaPig 1/BodyParts/Eye_Right.png
  artifactKey: Guid(d8fc704fd787364408d1141cb3c453a0) Importer(2089858483,192608db42251d675da83286b1cce702)
Start importing Assets/content/4_Characters/2_Pigs/21_ZetaPig 1/BodyParts/Eye_Right.png using Guid(d8fc704fd787364408d1141cb3c453a0) Importer(2089858483,192608db42251d675da83286b1cce702) (ScriptedImporter) -> (artifact id: 'c5bbbc7de7e87640587aa5e9499f8bbf') in 0.0147027 seconds
Number of updated asset objects reloaded before import = 0Number of asset objects unloaded after import = 1

========================================================================
Received Import Request.
  Time since last request: 0.000089 seconds.
  path: Assets/content/4_Characters/2_Pigs/21_ZetaPig 1/BodyParts_Demon/Eye_Left.png
  artifactKey: Guid(8817c10a5a6ca3c44a49c5397d75d8a7) Importer(2089858483,192608db42251d675da83286b1cce702)
Start importing Assets/content/4_Characters/2_Pigs/21_ZetaPig 1/BodyParts_Demon/Eye_Left.png using Guid(8817c10a5a6ca3c44a49c5397d75d8a7) Importer(2089858483,192608db42251d675da83286b1cce702) (ScriptedImporter) -> (artifact id: 'b5bb579a0f9429a7609331307af854b4') in 0.0129055 seconds
Number of updated asset objects reloaded before import = 0Number of asset objects unloaded after import = 1

========================================================================
Received Import Request.
  Time since last request: 0.000076 seconds.
  path: Assets/content/4_Characters/2_Pigs/21_ZetaPig 1/BodyParts_Demon/Lid_Right_Attack.png
  artifactKey: Guid(432a7ce6299809249a0bf5966196dc77) Importer(2089858483,192608db42251d675da83286b1cce702)
Start importing Assets/content/4_Characters/2_Pigs/21_ZetaPig 1/BodyParts_Demon/Lid_Right_Attack.png using Guid(432a7ce6299809249a0bf5966196dc77) Importer(2089858483,192608db42251d675da83286b1cce702) (ScriptedImporter) -> (artifact id: 'f5bf0156f12cf70e892f3bf2ebb59fc8') in 0.0169518 seconds
Number of updated asset objects reloaded before import = 0Number of asset objects unloaded after import = 1

========================================================================
Received Import Request.
  Time since last request: 0.000079 seconds.
  path: Assets/content/4_Characters/2_Pigs/21_ZetaPig 1/BodyParts_Demon/Lid_Right_Blink_Half.png
  artifactKey: Guid(de67d6ddc4ac7ac42a76b6eff1ebdc50) Importer(2089858483,192608db42251d675da83286b1cce702)
Start importing Assets/content/4_Characters/2_Pigs/21_ZetaPig 1/BodyParts_Demon/Lid_Right_Blink_Half.png using Guid(de67d6ddc4ac7ac42a76b6eff1ebdc50) Importer(2089858483,192608db42251d675da83286b1cce702) (ScriptedImporter) -> (artifact id: '9d748125f3411e06d016685669ede016') in 0.0136926 seconds
Number of updated asset objects reloaded before import = 0Number of asset objects unloaded after import = 1

========================================================================
Received Import Request.
  Time since last request: 0.000077 seconds.
  path: Assets/content/4_Characters/2_Pigs/21_ZetaPig 1/BodyParts_Demon/Moustache_Left_Hanging.png
  artifactKey: Guid(57fc316523346e746b918d6d1959d54e) Importer(2089858483,192608db42251d675da83286b1cce702)
Start importing Assets/content/4_Characters/2_Pigs/21_ZetaPig 1/BodyParts_Demon/Moustache_Left_Hanging.png using Guid(57fc316523346e746b918d6d1959d54e) Importer(2089858483,192608db42251d675da83286b1cce702) (ScriptedImporter) -> (artifact id: 'b3fdf287184e2e671a4bdc26f1113948') in 0.0138566 seconds
Number of updated asset objects reloaded before import = 0Number of asset objects unloaded after import = 1

========================================================================
Received Import Request.
  Time since last request: 0.000070 seconds.
  path: Assets/content/4_Characters/2_Pigs/21_ZetaPig 1/BodyParts/brow_right_top.png
  artifactKey: Guid(66a0aa3a11eecf04ba97c8eeff95959e) Importer(2089858483,192608db42251d675da83286b1cce702)
Start importing Assets/content/4_Characters/2_Pigs/21_ZetaPig 1/BodyParts/brow_right_top.png using Guid(66a0aa3a11eecf04ba97c8eeff95959e) Importer(2089858483,192608db42251d675da83286b1cce702) (ScriptedImporter) -> (artifact id: '7c147a9569865427aa7d089da85d02f3') in 0.0171034 seconds
Number of updated asset objects reloaded before import = 0Number of asset objects unloaded after import = 1

========================================================================
Received Import Request.
  Time since last request: 0.000094 seconds.
  path: Assets/content/4_Characters/2_Pigs/21_ZetaPig 1/BodyParts/lash_left.png
  artifactKey: Guid(9203c5b5fac0fb44ca21712bb1959e6d) Importer(2089858483,192608db42251d675da83286b1cce702)
Start importing Assets/content/4_Characters/2_Pigs/21_ZetaPig 1/BodyParts/lash_left.png using Guid(9203c5b5fac0fb44ca21712bb1959e6d) Importer(2089858483,192608db42251d675da83286b1cce702) (ScriptedImporter) -> (artifact id: '76baf37d362cdef2264ed0ebafde7285') in 0.013438 seconds
Number of updated asset objects reloaded before import = 0Number of asset objects unloaded after import = 1

========================================================================
Received Import Request.
  Time since last request: 0.000056 seconds.
  path: Assets/content/4_Characters/2_Pigs/21_ZetaPig 1/BodyParts_Demon/Moustache_Left.png
  artifactKey: Guid(91580e7071992ed4b8f101e3cc3598d2) Importer(2089858483,192608db42251d675da83286b1cce702)
Start importing Assets/content/4_Characters/2_Pigs/21_ZetaPig 1/BodyParts_Demon/Moustache_Left.png using Guid(91580e7071992ed4b8f101e3cc3598d2) Importer(2089858483,192608db42251d675da83286b1cce702) (ScriptedImporter) -> (artifact id: '1ab10fd10b1365374ad3381ccffc67da') in 0.0136297 seconds
Number of updated asset objects reloaded before import = 0Number of asset objects unloaded after import = 1

========================================================================
Received Import Request.
  Time since last request: 0.000079 seconds.
  path: Assets/content/4_Characters/2_Pigs/21_ZetaPig 1/BodyParts/Patches.png
  artifactKey: Guid(7209cce76a4fd7a49b4ca7f2d89b6513) Importer(2089858483,192608db42251d675da83286b1cce702)
Start importing Assets/content/4_Characters/2_Pigs/21_ZetaPig 1/BodyParts/Patches.png using Guid(7209cce76a4fd7a49b4ca7f2d89b6513) Importer(2089858483,192608db42251d675da83286b1cce702) (ScriptedImporter) -> (artifact id: 'b4383e2ff5faef71d681a01671b43ae8') in 0.0130477 seconds
Number of updated asset objects reloaded before import = 0Number of asset objects unloaded after import = 1

========================================================================
Received Import Request.
  Time since last request: 0.000042 seconds.
  path: Assets/content/4_Characters/2_Pigs/21_ZetaPig 1/BodyParts_Demon/Tail.png
  artifactKey: Guid(71362ef7c032f0f4cadd509d039182ae) Importer(2089858483,192608db42251d675da83286b1cce702)
Start importing Assets/content/4_Characters/2_Pigs/21_ZetaPig 1/BodyParts_Demon/Tail.png using Guid(71362ef7c032f0f4cadd509d039182ae) Importer(2089858483,192608db42251d675da83286b1cce702) (ScriptedImporter) -> (artifact id: '444cbf6384e4c03ca4880691d9c45b0b') in 0.0167276 seconds
Number of updated asset objects reloaded before import = 0Number of asset objects unloaded after import = 1

========================================================================
Received Import Request.
  Time since last request: 0.000072 seconds.
  path: Assets/content/4_Characters/2_Pigs/21_ZetaPig 1/BodyParts_Demon/Pupil_Small.png
  artifactKey: Guid(542a810d9c2c6a649ab97b95a4db7503) Importer(2089858483,192608db42251d675da83286b1cce702)
Start importing Assets/content/4_Characters/2_Pigs/21_ZetaPig 1/BodyParts_Demon/Pupil_Small.png using Guid(542a810d9c2c6a649ab97b95a4db7503) Importer(2089858483,192608db42251d675da83286b1cce702) (ScriptedImporter) -> (artifact id: '74b407ff0b37a93e59f306a53a827ac5') in 0.0129879 seconds
Number of updated asset objects reloaded before import = 0Number of asset objects unloaded after import = 1

========================================================================
Received Import Request.
  Time since last request: 0.000093 seconds.
  path: Assets/content/4_Characters/2_Pigs/21_ZetaPig 1/BodyParts_Demon/Wrinkles_Idle.png
  artifactKey: Guid(23208a519e78f634e9ac1a4561799aaa) Importer(2089858483,192608db42251d675da83286b1cce702)
Start importing Assets/content/4_Characters/2_Pigs/21_ZetaPig 1/BodyParts_Demon/Wrinkles_Idle.png using Guid(23208a519e78f634e9ac1a4561799aaa) Importer(2089858483,192608db42251d675da83286b1cce702) (ScriptedImporter) -> (artifact id: 'dff2efdcc93c666dd4ecc3561b66d118') in 0.0125141 seconds
Number of updated asset objects reloaded before import = 0Number of asset objects unloaded after import = 1

========================================================================
Received Import Request.
  Time since last request: 0.000070 seconds.
  path: Assets/content/4_Characters/2_Pigs/21_ZetaPig 1/BodyParts/Eye_Left.png
  artifactKey: Guid(a8c5e7ce9a2df3b47a491662235f2c4e) Importer(2089858483,192608db42251d675da83286b1cce702)
Start importing Assets/content/4_Characters/2_Pigs/21_ZetaPig 1/BodyParts/Eye_Left.png using Guid(a8c5e7ce9a2df3b47a491662235f2c4e) Importer(2089858483,192608db42251d675da83286b1cce702) (ScriptedImporter) -> (artifact id: '64af52506f51f5a86f839e06be63c789') in 0.0155622 seconds
Number of updated asset objects reloaded before import = 0Number of asset objects unloaded after import = 1

========================================================================
Received Import Request.
  Time since last request: 0.000087 seconds.
  path: Assets/content/4_Characters/2_Pigs/21_ZetaPig 1/BodyParts/Eyebrow_Left.png
  artifactKey: Guid(4eaa46ce7d7f15e42a951e65d604128e) Importer(2089858483,192608db42251d675da83286b1cce702)
Start importing Assets/content/4_Characters/2_Pigs/21_ZetaPig 1/BodyParts/Eyebrow_Left.png using Guid(4eaa46ce7d7f15e42a951e65d604128e) Importer(2089858483,192608db42251d675da83286b1cce702) (ScriptedImporter) -> (artifact id: '03a87ce5cb57004ebf888fd2bdaa9c49') in 0.0226295 seconds
Number of updated asset objects reloaded before import = 0Number of asset objects unloaded after import = 1

========================================================================
Received Import Request.
  Time since last request: 0.000098 seconds.
  path: Assets/content/4_Characters/2_Pigs/21_ZetaPig 1/BodyParts/Eyebrow_Right_Flip.png
  artifactKey: Guid(3c73cb387f240b34eabf13a52ea11b9a) Importer(2089858483,192608db42251d675da83286b1cce702)
Start importing Assets/content/4_Characters/2_Pigs/21_ZetaPig 1/BodyParts/Eyebrow_Right_Flip.png using Guid(3c73cb387f240b34eabf13a52ea11b9a) Importer(2089858483,192608db42251d675da83286b1cce702) (ScriptedImporter) -> (artifact id: 'b27a466d542d26451d59e85df145973d') in 0.0135378 seconds
Number of updated asset objects reloaded before import = 0Number of asset objects unloaded after import = 1

========================================================================
Received Import Request.
  Time since last request: 0.000082 seconds.
  path: Assets/content/4_Characters/2_Pigs/21_ZetaPig 1/BodyParts_Demon/Empty.png
  artifactKey: Guid(3c7e3121bea211a488dd83f400b5e15d) Importer(2089858483,192608db42251d675da83286b1cce702)
Start importing Assets/content/4_Characters/2_Pigs/21_ZetaPig 1/BodyParts_Demon/Empty.png using Guid(3c7e3121bea211a488dd83f400b5e15d) Importer(2089858483,192608db42251d675da83286b1cce702) (ScriptedImporter) -> (artifact id: '4a0f861a4c0c846f1d644cfcbc594cd9') in 0.0136754 seconds
Number of updated asset objects reloaded before import = 0Number of asset objects unloaded after import = 1

========================================================================
Received Import Request.
  Time since last request: 0.000093 seconds.
  path: Assets/content/4_Characters/2_Pigs/21_ZetaPig 1/BodyParts_Demon/Headgear.png
  artifactKey: Guid(a590d7ab5211a98478a14df7fc741132) Importer(2089858483,192608db42251d675da83286b1cce702)
Start importing Assets/content/4_Characters/2_Pigs/21_ZetaPig 1/BodyParts_Demon/Headgear.png using Guid(a590d7ab5211a98478a14df7fc741132) Importer(2089858483,192608db42251d675da83286b1cce702) (ScriptedImporter) -> (artifact id: 'af9b25834047fa7f1c9b0794b9df3a16') in 0.0166735 seconds
Number of updated asset objects reloaded before import = 0Number of asset objects unloaded after import = 1

========================================================================
Received Import Request.
  Time since last request: 0.000056 seconds.
  path: Assets/content/4_Characters/2_Pigs/21_ZetaPig 1/BodyParts_Demon/Wrinkles_Hit.png
  artifactKey: Guid(20ec610461ba489458d98eb5796d5826) Importer(2089858483,192608db42251d675da83286b1cce702)
Start importing Assets/content/4_Characters/2_Pigs/21_ZetaPig 1/BodyParts_Demon/Wrinkles_Hit.png using Guid(20ec610461ba489458d98eb5796d5826) Importer(2089858483,192608db42251d675da83286b1cce702) (ScriptedImporter) -> (artifact id: '3563cd3ef192c56b046f6fd347526d2f') in 0.0135451 seconds
Number of updated asset objects reloaded before import = 0Number of asset objects unloaded after import = 1

========================================================================
Received Import Request.
  Time since last request: 0.000112 seconds.
  path: Assets/content/4_Characters/2_Pigs/21_ZetaPig 1/BodyParts/Moustache_Right.png
  artifactKey: Guid(c98a5744b556a874890f9e2457048449) Importer(2089858483,192608db42251d675da83286b1cce702)
Start importing Assets/content/4_Characters/2_Pigs/21_ZetaPig 1/BodyParts/Moustache_Right.png using Guid(c98a5744b556a874890f9e2457048449) Importer(2089858483,192608db42251d675da83286b1cce702) (ScriptedImporter) -> (artifact id: '20e14599bed43876c4a9cc9a161b67bc') in 0.0134896 seconds
Number of updated asset objects reloaded before import = 0Number of asset objects unloaded after import = 1

========================================================================
Received Import Request.
  Time since last request: 0.000074 seconds.
  path: Assets/content/4_Characters/2_Pigs/21_ZetaPig 1/BodyParts/Mouth.png
  artifactKey: Guid(ebec502a5819f0546918118e56d662b0) Importer(2089858483,192608db42251d675da83286b1cce702)
Start importing Assets/content/4_Characters/2_Pigs/21_ZetaPig 1/BodyParts/Mouth.png using Guid(ebec502a5819f0546918118e56d662b0) Importer(2089858483,192608db42251d675da83286b1cce702) (ScriptedImporter) -> (artifact id: 'a362256b465cc2c458ee9339bc9834fa') in 0.0153426 seconds
Number of updated asset objects reloaded before import = 0Number of asset objects unloaded after import = 1

========================================================================
Received Import Request.
  Time since last request: 0.000089 seconds.
  path: Assets/content/4_Characters/2_Pigs/21_ZetaPig 1/BodyParts/beak_cheer.png
  artifactKey: Guid(1a1f4d1e5392fd943a9772afb3289551) Importer(2089858483,192608db42251d675da83286b1cce702)
Start importing Assets/content/4_Characters/2_Pigs/21_ZetaPig 1/BodyParts/beak_cheer.png using Guid(1a1f4d1e5392fd943a9772afb3289551) Importer(2089858483,192608db42251d675da83286b1cce702) (ScriptedImporter) -> (artifact id: '637e1b61aeabf2d4b1b01c7b98ab9e8b') in 0.0149858 seconds
Number of updated asset objects reloaded before import = 0Number of asset objects unloaded after import = 1

========================================================================
Received Import Request.
  Time since last request: 0.000081 seconds.
  path: Assets/content/4_Characters/2_Pigs/21_ZetaPig 1/BodyParts/MainHand_EasterWizPig.png
  artifactKey: Guid(75bbd02f680443b429058b503d3f01bb) Importer(2089858483,192608db42251d675da83286b1cce702)
Start importing Assets/content/4_Characters/2_Pigs/21_ZetaPig 1/BodyParts/MainHand_EasterWizPig.png using Guid(75bbd02f680443b429058b503d3f01bb) Importer(2089858483,192608db42251d675da83286b1cce702) (ScriptedImporter) -> (artifact id: 'eae9f03db38c1d6f58b54a48ef244f00') in 0.012519 seconds
Number of updated asset objects reloaded before import = 0Number of asset objects unloaded after import = 1

========================================================================
Received Import Request.
  Time since last request: 0.000081 seconds.
  path: Assets/content/4_Characters/2_Pigs/21_ZetaPig 1/BodyParts/Body.png
  artifactKey: Guid(9dd87b256c211ab4dbed3cdcac73c419) Importer(2089858483,192608db42251d675da83286b1cce702)
Start importing Assets/content/4_Characters/2_Pigs/21_ZetaPig 1/BodyParts/Body.png using Guid(9dd87b256c211ab4dbed3cdcac73c419) Importer(2089858483,192608db42251d675da83286b1cce702) (ScriptedImporter) -> (artifact id: 'd8ecfa51ec048a43ec7007a2fffd161e') in 0.0126542 seconds
Number of updated asset objects reloaded before import = 0Number of asset objects unloaded after import = 1

========================================================================
Received Import Request.
  Time since last request: 0.000108 seconds.
  path: Assets/content/4_Characters/2_Pigs/21_ZetaPig 1/BodyParts/Wrinkles_Idle.png
  artifactKey: Guid(22e865b333f2025428c0e15499a9c951) Importer(2089858483,192608db42251d675da83286b1cce702)
Start importing Assets/content/4_Characters/2_Pigs/21_ZetaPig 1/BodyParts/Wrinkles_Idle.png using Guid(22e865b333f2025428c0e15499a9c951) Importer(2089858483,192608db42251d675da83286b1cce702) (ScriptedImporter) -> (artifact id: '40cf20235d298cb12861a5c9c368190b') in 0.0163622 seconds
Number of updated asset objects reloaded before import = 0Number of asset objects unloaded after import = 1

========================================================================
Received Import Request.
  Time since last request: 0.000078 seconds.
  path: Assets/content/4_Characters/2_Pigs/21_ZetaPig 1/BodyParts/lid_right_high.png
  artifactKey: Guid(0e8c2352bbf67b84c8a3738b1fd4a6bb) Importer(2089858483,192608db42251d675da83286b1cce702)
Start importing Assets/content/4_Characters/2_Pigs/21_ZetaPig 1/BodyParts/lid_right_high.png using Guid(0e8c2352bbf67b84c8a3738b1fd4a6bb) Importer(2089858483,192608db42251d675da83286b1cce702) (ScriptedImporter) -> (artifact id: 'cebd407a82543bc12d0ce73b82703a39') in 0.0127283 seconds
Number of updated asset objects reloaded before import = 0Number of asset objects unloaded after import = 1

========================================================================
Received Import Request.
  Time since last request: 0.000189 seconds.
  path: Assets/content/4_Characters/2_Pigs/21_ZetaPig 1/BodyParts/Lid_Right_Blue.png
  artifactKey: Guid(15571a9d3060d1343a14d4163fb91908) Importer(2089858483,192608db42251d675da83286b1cce702)
Start importing Assets/content/4_Characters/2_Pigs/21_ZetaPig 1/BodyParts/Lid_Right_Blue.png using Guid(15571a9d3060d1343a14d4163fb91908) Importer(2089858483,192608db42251d675da83286b1cce702) (ScriptedImporter) -> (artifact id: 'ddcd96e383e5d4cdaa9dd0409b3c8ae5') in 0.016548 seconds
Number of updated asset objects reloaded before import = 0Number of asset objects unloaded after import = 1

========================================================================
Received Import Request.
  Time since last request: 0.000081 seconds.
  path: Assets/content/4_Characters/2_Pigs/21_ZetaPig 1/BodyParts/Pupil.png
  artifactKey: Guid(a662901612377a24f98288a3d94f00eb) Importer(2089858483,192608db42251d675da83286b1cce702)
Start importing Assets/content/4_Characters/2_Pigs/21_ZetaPig 1/BodyParts/Pupil.png using Guid(a662901612377a24f98288a3d94f00eb) Importer(2089858483,192608db42251d675da83286b1cce702) (ScriptedImporter) -> (artifact id: '86e197394e4434f0ed181ea1717babee') in 0.0173421 seconds
Number of updated asset objects reloaded before import = 0Number of asset objects unloaded after import = 1

========================================================================
Received Import Request.
  Time since last request: 0.000127 seconds.
  path: Assets/content/4_Characters/2_Pigs/21_ZetaPig 1/BodyParts/Wrinkles_Eye.png
  artifactKey: Guid(977ea7e48c598da4dab33ff766606dd8) Importer(2089858483,192608db42251d675da83286b1cce702)
Start importing Assets/content/4_Characters/2_Pigs/21_ZetaPig 1/BodyParts/Wrinkles_Eye.png using Guid(977ea7e48c598da4dab33ff766606dd8) Importer(2089858483,192608db42251d675da83286b1cce702) (ScriptedImporter) -> (artifact id: '8bcaff19e24b5ee88904dffd7abf458f') in 0.03856 seconds
Number of updated asset objects reloaded before import = 0Number of asset objects unloaded after import = 1

========================================================================
Received Import Request.
  Time since last request: 0.000049 seconds.
  path: Assets/content/4_Characters/2_Pigs/21_ZetaPig 1/BodyParts_Demon/Mouth_Ooh.png
  artifactKey: Guid(491cf210624829a4f9dee1ee1a5382b7) Importer(2089858483,192608db42251d675da83286b1cce702)
Start importing Assets/content/4_Characters/2_Pigs/21_ZetaPig 1/BodyParts_Demon/Mouth_Ooh.png using Guid(491cf210624829a4f9dee1ee1a5382b7) Importer(2089858483,192608db42251d675da83286b1cce702) (ScriptedImporter) -> (artifact id: '44d9b19d8e65c1a19633c5a43ddd867d') in 0.0144688 seconds
Number of updated asset objects reloaded before import = 0Number of asset objects unloaded after import = 1

========================================================================
Received Import Request.
  Time since last request: 0.000062 seconds.
  path: Assets/content/4_Characters/2_Pigs/21_ZetaPig 1/BodyParts_Demon/Wrinkles_Oooh.png
  artifactKey: Guid(f7f2b45efa733a04983788e9530855b8) Importer(2089858483,192608db42251d675da83286b1cce702)
Start importing Assets/content/4_Characters/2_Pigs/21_ZetaPig 1/BodyParts_Demon/Wrinkles_Oooh.png using Guid(f7f2b45efa733a04983788e9530855b8) Importer(2089858483,192608db42251d675da83286b1cce702) (ScriptedImporter) -> (artifact id: 'ac34815a30d6d9e6db37a8839e36484d') in 0.0137289 seconds
Number of updated asset objects reloaded before import = 0Number of asset objects unloaded after import = 1

========================================================================
Received Import Request.
  Time since last request: 0.000094 seconds.
  path: Assets/content/4_Characters/2_Pigs/21_ZetaPig 1/BodyParts/Body-.png
  artifactKey: Guid(f8c8d11a1a9dcca4ab1ae8f28e85ddda) Importer(2089858483,192608db42251d675da83286b1cce702)
Start importing Assets/content/4_Characters/2_Pigs/21_ZetaPig 1/BodyParts/Body-.png using Guid(f8c8d11a1a9dcca4ab1ae8f28e85ddda) Importer(2089858483,192608db42251d675da83286b1cce702) (ScriptedImporter) -> (artifact id: '79ec00e4b76794457fd929363f11750f') in 0.0188825 seconds
Number of updated asset objects reloaded before import = 0Number of asset objects unloaded after import = 1

========================================================================
Received Import Request.
  Time since last request: 0.000096 seconds.
  path: Assets/content/4_Characters/2_Pigs/21_ZetaPig 1/BodyParts/beak_cheese.png
  artifactKey: Guid(a60dea672010d7947b787fc926db79e4) Importer(2089858483,192608db42251d675da83286b1cce702)
Start importing Assets/content/4_Characters/2_Pigs/21_ZetaPig 1/BodyParts/beak_cheese.png using Guid(a60dea672010d7947b787fc926db79e4) Importer(2089858483,192608db42251d675da83286b1cce702) (ScriptedImporter) -> (artifact id: 'b110971283415c5b00307c375b103128') in 0.0172348 seconds
Number of updated asset objects reloaded before import = 0Number of asset objects unloaded after import = 1

========================================================================
Received Import Request.
  Time since last request: 0.000059 seconds.
  path: Assets/content/4_Characters/2_Pigs/21_ZetaPig 1/BodyParts/Mouth_Angry.png
  artifactKey: Guid(a6788505b3f9104499c2354ef300b7a5) Importer(2089858483,192608db42251d675da83286b1cce702)
Start importing Assets/content/4_Characters/2_Pigs/21_ZetaPig 1/BodyParts/Mouth_Angry.png using Guid(a6788505b3f9104499c2354ef300b7a5) Importer(2089858483,192608db42251d675da83286b1cce702) (ScriptedImporter) -> (artifact id: 'd7d442385c1c4b486604aadc7aa2ec24') in 0.0133913 seconds
Number of updated asset objects reloaded before import = 0Number of asset objects unloaded after import = 1

========================================================================
Received Import Request.
  Time since last request: 0.000087 seconds.
  path: Assets/content/4_Characters/2_Pigs/21_ZetaPig 1/BodyParts/beak_default.png
  artifactKey: Guid(5d5d0fee95310f04e891ffaaf74b0802) Importer(2089858483,192608db42251d675da83286b1cce702)
Start importing Assets/content/4_Characters/2_Pigs/21_ZetaPig 1/BodyParts/beak_default.png using Guid(5d5d0fee95310f04e891ffaaf74b0802) Importer(2089858483,192608db42251d675da83286b1cce702) (ScriptedImporter) -> (artifact id: '26d1c989cc59330dfc289d990c42b1ae') in 0.0172989 seconds
Number of updated asset objects reloaded before import = 0Number of asset objects unloaded after import = 1

========================================================================
Received Import Request.
  Time since last request: 0.000068 seconds.
  path: Assets/content/4_Characters/2_Pigs/21_ZetaPig 1/BodyParts/lid_left_high.png
  artifactKey: Guid(104c7ce5e4dac874b9aacb3f050ed198) Importer(2089858483,192608db42251d675da83286b1cce702)
Start importing Assets/content/4_Characters/2_Pigs/21_ZetaPig 1/BodyParts/lid_left_high.png using Guid(104c7ce5e4dac874b9aacb3f050ed198) Importer(2089858483,192608db42251d675da83286b1cce702) (ScriptedImporter) -> (artifact id: '0130a0cf02da8d83d48e4c350e125916') in 0.0165468 seconds
Number of updated asset objects reloaded before import = 0Number of asset objects unloaded after import = 1

========================================================================
Received Import Request.
  Time since last request: 0.000070 seconds.
  path: Assets/content/4_Characters/2_Pigs/21_ZetaPig 1/BodyParts_Demon
  artifactKey: Guid(ef0ce57e79fe9c049844e8ed5ff7aea4) Importer(2089858483,192608db42251d675da83286b1cce702)
Start importing Assets/content/4_Characters/2_Pigs/21_ZetaPig 1/BodyParts_Demon using Guid(ef0ce57e79fe9c049844e8ed5ff7aea4) Importer(2089858483,192608db42251d675da83286b1cce702) (ScriptedImporter) -> (artifact id: '1290de76a0a818471cb6ac12672ed999') in 0.0054077 seconds
Number of updated asset objects reloaded before import = 0Number of asset objects unloaded after import = 1

========================================================================
Received Import Request.
  Time since last request: 0.000088 seconds.
  path: Assets/content/4_Characters/2_Pigs/21_ZetaPig 1/BodyParts/Lid_Right_Blink_Full.png
  artifactKey: Guid(14adb5dc7f111fd49bc16e9e7eb6d196) Importer(2089858483,192608db42251d675da83286b1cce702)
Start importing Assets/content/4_Characters/2_Pigs/21_ZetaPig 1/BodyParts/Lid_Right_Blink_Full.png using Guid(14adb5dc7f111fd49bc16e9e7eb6d196) Importer(2089858483,192608db42251d675da83286b1cce702) (ScriptedImporter) -> (artifact id: '973b9f8498af0db4daf170e1fbcebcde') in 0.0133581 seconds
Number of updated asset objects reloaded before import = 0Number of asset objects unloaded after import = 1

========================================================================
Received Import Request.
  Time since last request: 0.000067 seconds.
  path: Assets/content/4_Characters/2_Pigs/21_ZetaPig 1/BodyParts/Mouth_Ooh.png
  artifactKey: Guid(5ad74b80069c10c48b0e9c9b9ddbd070) Importer(2089858483,192608db42251d675da83286b1cce702)
Start importing Assets/content/4_Characters/2_Pigs/21_ZetaPig 1/BodyParts/Mouth_Ooh.png using Guid(5ad74b80069c10c48b0e9c9b9ddbd070) Importer(2089858483,192608db42251d675da83286b1cce702) (ScriptedImporter) -> (artifact id: '3b1614abf847cc87f55f6815ec3b2283') in 0.0141003 seconds
Number of updated asset objects reloaded before import = 0Number of asset objects unloaded after import = 1

========================================================================
Received Import Request.
  Time since last request: 0.000065 seconds.
  path: Assets/content/4_Characters/2_Pigs/21_ZetaPig 1/BodyParts/Tail.png
  artifactKey: Guid(98f57131bb75bf2408cae84c43f854fa) Importer(2089858483,192608db42251d675da83286b1cce702)
Start importing Assets/content/4_Characters/2_Pigs/21_ZetaPig 1/BodyParts/Tail.png using Guid(98f57131bb75bf2408cae84c43f854fa) Importer(2089858483,192608db42251d675da83286b1cce702) (ScriptedImporter) -> (artifact id: 'c6db1617a650ae65e218366669c0d19e') in 0.0180583 seconds
Number of updated asset objects reloaded before import = 0Number of asset objects unloaded after import = 1

========================================================================
Received Import Request.
  Time since last request: 0.000098 seconds.
  path: Assets/content/4_Characters/2_Pigs/21_ZetaPig 1/BodyParts_Demon/Moustache_Right.png
  artifactKey: Guid(ce810b368cb575142adb47c332cad7bb) Importer(2089858483,192608db42251d675da83286b1cce702)
Start importing Assets/content/4_Characters/2_Pigs/21_ZetaPig 1/BodyParts_Demon/Moustache_Right.png using Guid(ce810b368cb575142adb47c332cad7bb) Importer(2089858483,192608db42251d675da83286b1cce702) (ScriptedImporter) -> (artifact id: 'a5edeb4116a660c672ffbb03c4e69f87') in 0.012631 seconds
Number of updated asset objects reloaded before import = 0Number of asset objects unloaded after import = 1

========================================================================
Received Import Request.
  Time since last request: 0.000078 seconds.
  path: Assets/content/4_Characters/2_Pigs/21_ZetaPig 1/BodyParts/Lid_Right_Closed.png
  artifactKey: Guid(802a9950f1deca34dbf33960ab77cbe1) Importer(2089858483,192608db42251d675da83286b1cce702)
Start importing Assets/content/4_Characters/2_Pigs/21_ZetaPig 1/BodyParts/Lid_Right_Closed.png using Guid(802a9950f1deca34dbf33960ab77cbe1) Importer(2089858483,192608db42251d675da83286b1cce702) (ScriptedImporter) -> (artifact id: '07c8e570976c3cc0f4e3a7d25aae0e12') in 0.0148987 seconds
Number of updated asset objects reloaded before import = 0Number of asset objects unloaded after import = 1

========================================================================
Received Import Request.
  Time since last request: 0.000102 seconds.
  path: Assets/content/4_Characters/2_Pigs/21_ZetaPig 1/BodyParts/Mouth_Sad.png
  artifactKey: Guid(fc8eff874f5183645a9f7ee16cd85ab2) Importer(2089858483,192608db42251d675da83286b1cce702)
Start importing Assets/content/4_Characters/2_Pigs/21_ZetaPig 1/BodyParts/Mouth_Sad.png using Guid(fc8eff874f5183645a9f7ee16cd85ab2) Importer(2089858483,192608db42251d675da83286b1cce702) (ScriptedImporter) -> (artifact id: 'c25486df5508d0f538e173aa0ea383ed') in 0.0283408 seconds
Number of updated asset objects reloaded before import = 0Number of asset objects unloaded after import = 1

========================================================================
Received Import Request.
  Time since last request: 0.000081 seconds.
  path: Assets/content/4_Characters/2_Pigs/21_ZetaPig 1/BodyParts/right_bang_dmg.png
  artifactKey: Guid(1ca1b4509c8e9884d84de06261410608) Importer(2089858483,192608db42251d675da83286b1cce702)
Start importing Assets/content/4_Characters/2_Pigs/21_ZetaPig 1/BodyParts/right_bang_dmg.png using Guid(1ca1b4509c8e9884d84de06261410608) Importer(2089858483,192608db42251d675da83286b1cce702) (ScriptedImporter) -> (artifact id: 'ce37b47a38032c8ec5688624f435b5f2') in 0.0163901 seconds
Number of updated asset objects reloaded before import = 0Number of asset objects unloaded after import = 1

========================================================================
Received Import Request.
  Time since last request: 0.000130 seconds.
  path: Assets/content/4_Characters/2_Pigs/21_ZetaPig 1/BodyParts/Wrinkles_Hit.png
  artifactKey: Guid(f01635ebc56c93441b76487565ef1220) Importer(2089858483,192608db42251d675da83286b1cce702)
Start importing Assets/content/4_Characters/2_Pigs/21_ZetaPig 1/BodyParts/Wrinkles_Hit.png using Guid(f01635ebc56c93441b76487565ef1220) Importer(2089858483,192608db42251d675da83286b1cce702) (ScriptedImporter) -> (artifact id: '3b9e1482d8a12edebe202ac399a005c0') in 0.0164894 seconds
Number of updated asset objects reloaded before import = 0Number of asset objects unloaded after import = 1

========================================================================
Received Import Request.
  Time since last request: 0.000140 seconds.
  path: Assets/content/4_Characters/2_Pigs/21_ZetaPig 1/BodyParts_Demon/Mouth_Attack.png
  artifactKey: Guid(c95ba0051c8540c4bb5f4dbe790e6612) Importer(2089858483,192608db42251d675da83286b1cce702)
Start importing Assets/content/4_Characters/2_Pigs/21_ZetaPig 1/BodyParts_Demon/Mouth_Attack.png using Guid(c95ba0051c8540c4bb5f4dbe790e6612) Importer(2089858483,192608db42251d675da83286b1cce702) (ScriptedImporter) -> (artifact id: '2467ac7b29a5afe6dbafd16b462f45d1') in 0.0141214 seconds
Number of updated asset objects reloaded before import = 0Number of asset objects unloaded after import = 1

========================================================================
Received Import Request.
  Time since last request: 0.000088 seconds.
  path: Assets/content/4_Characters/2_Pigs/21_ZetaPig 1/BodyParts_Demon/Patches.png
  artifactKey: Guid(13d812b4459338942932f7495f5d1751) Importer(2089858483,192608db42251d675da83286b1cce702)
Start importing Assets/content/4_Characters/2_Pigs/21_ZetaPig 1/BodyParts_Demon/Patches.png using Guid(13d812b4459338942932f7495f5d1751) Importer(2089858483,192608db42251d675da83286b1cce702) (ScriptedImporter) -> (artifact id: 'a1a6135b0eaab6f65f44a7b21706d587') in 0.0179283 seconds
Number of updated asset objects reloaded before import = 0Number of asset objects unloaded after import = 1

========================================================================
Received Import Request.
  Time since last request: 0.000073 seconds.
  path: Assets/content/4_Characters/2_Pigs/21_ZetaPig 1/BodyParts/Headgear_Back.png
  artifactKey: Guid(a3ff0c52bbdaee94781ed9cfb5d3ba4a) Importer(2089858483,192608db42251d675da83286b1cce702)
Start importing Assets/content/4_Characters/2_Pigs/21_ZetaPig 1/BodyParts/Headgear_Back.png using Guid(a3ff0c52bbdaee94781ed9cfb5d3ba4a) Importer(2089858483,192608db42251d675da83286b1cce702) (ScriptedImporter) -> (artifact id: '250d30dc2c575f6b858e180e788bbd6b') in 0.0169305 seconds
Number of updated asset objects reloaded before import = 0Number of asset objects unloaded after import = 1

========================================================================
Received Import Request.
  Time since last request: 0.000067 seconds.
  path: Assets/content/4_Characters/2_Pigs/21_ZetaPig 1/BodyParts/Mouth_Taunt.png
  artifactKey: Guid(3d00ac389b776344f9eabf9e898fa489) Importer(2089858483,192608db42251d675da83286b1cce702)
Start importing Assets/content/4_Characters/2_Pigs/21_ZetaPig 1/BodyParts/Mouth_Taunt.png using Guid(3d00ac389b776344f9eabf9e898fa489) Importer(2089858483,192608db42251d675da83286b1cce702) (ScriptedImporter) -> (artifact id: '2d8049ad7562e4ba90e59fb5b2b687f7') in 0.0141769 seconds
Number of updated asset objects reloaded before import = 0Number of asset objects unloaded after import = 1

========================================================================
Received Import Request.
  Time since last request: 0.000068 seconds.
  path: Assets/content/4_Characters/2_Pigs/21_ZetaPig 1/BodyParts/left_eye.png
  artifactKey: Guid(5e894d43a5fa29f439918047966fb06e) Importer(2089858483,192608db42251d675da83286b1cce702)
Start importing Assets/content/4_Characters/2_Pigs/21_ZetaPig 1/BodyParts/left_eye.png using Guid(5e894d43a5fa29f439918047966fb06e) Importer(2089858483,192608db42251d675da83286b1cce702) (ScriptedImporter) -> (artifact id: '7e25287cacbdb72f0391694cc54fe084') in 0.0167237 seconds
Number of updated asset objects reloaded before import = 0Number of asset objects unloaded after import = 1

========================================================================
Received Import Request.
  Time since last request: 0.000074 seconds.
  path: Assets/content/4_Characters/2_Pigs/21_ZetaPig 1/BodyParts_Demon/Eyebrow_Left.png
  artifactKey: Guid(93ef4a116351f784dafdf92282093ad9) Importer(2089858483,192608db42251d675da83286b1cce702)
Start importing Assets/content/4_Characters/2_Pigs/21_ZetaPig 1/BodyParts_Demon/Eyebrow_Left.png using Guid(93ef4a116351f784dafdf92282093ad9) Importer(2089858483,192608db42251d675da83286b1cce702) (ScriptedImporter) -> (artifact id: '37416d8ac9acf35fb455959e6ea1a1af') in 0.0138667 seconds
Number of updated asset objects reloaded before import = 0Number of asset objects unloaded after import = 1

========================================================================
Received Import Request.
  Time since last request: 0.000078 seconds.
  path: Assets/content/4_Characters/2_Pigs/21_ZetaPig 1/BodyParts_Demon/Snout.png
  artifactKey: Guid(ceb5878be102d7d4eadf16d27959a583) Importer(2089858483,192608db42251d675da83286b1cce702)
Start importing Assets/content/4_Characters/2_Pigs/21_ZetaPig 1/BodyParts_Demon/Snout.png using Guid(ceb5878be102d7d4eadf16d27959a583) Importer(2089858483,192608db42251d675da83286b1cce702) (ScriptedImporter) -> (artifact id: 'f12175e9c341e766b96776cf980723d2') in 0.0141684 seconds
Number of updated asset objects reloaded before import = 0Number of asset objects unloaded after import = 1

========================================================================
Received Import Request.
  Time since last request: 0.000076 seconds.
  path: Assets/content/4_Characters/2_Pigs/21_ZetaPig 1/BodyParts/Moustache_Right_Hanging.png
  artifactKey: Guid(16f38b4107683e24aacb295b1babb5b1) Importer(2089858483,192608db42251d675da83286b1cce702)
Start importing Assets/content/4_Characters/2_Pigs/21_ZetaPig 1/BodyParts/Moustache_Right_Hanging.png using Guid(16f38b4107683e24aacb295b1babb5b1) Importer(2089858483,192608db42251d675da83286b1cce702) (ScriptedImporter) -> (artifact id: 'c1656639bfb57c464f54671ded6f8582') in 0.0135746 seconds
Number of updated asset objects reloaded before import = 0Number of asset objects unloaded after import = 1

========================================================================
Received Import Request.
  Time since last request: 0.000041 seconds.
  path: Assets/content/4_Characters/2_Pigs/21_ZetaPig 1/BodyParts/Mouth_Attack.png
  artifactKey: Guid(a95202f05b8bbda4b98625e8e69dc8a2) Importer(2089858483,192608db42251d675da83286b1cce702)
Start importing Assets/content/4_Characters/2_Pigs/21_ZetaPig 1/BodyParts/Mouth_Attack.png using Guid(a95202f05b8bbda4b98625e8e69dc8a2) Importer(2089858483,192608db42251d675da83286b1cce702) (ScriptedImporter) -> (artifact id: '13ed0efb2a995f037ed8ad6609f25d73') in 0.0155716 seconds
Number of updated asset objects reloaded before import = 0Number of asset objects unloaded after import = 1

========================================================================
Received Import Request.
  Time since last request: 0.000085 seconds.
  path: Assets/content/4_Characters/2_Pigs/21_ZetaPig 1/BodyParts/lid_right_bruse.png
  artifactKey: Guid(fbc3267725e6ec64296cf5a9d7eb29d6) Importer(2089858483,192608db42251d675da83286b1cce702)
Start importing Assets/content/4_Characters/2_Pigs/21_ZetaPig 1/BodyParts/lid_right_bruse.png using Guid(fbc3267725e6ec64296cf5a9d7eb29d6) Importer(2089858483,192608db42251d675da83286b1cce702) (ScriptedImporter) -> (artifact id: '54c6e27572b358d279761736386a7cc5') in 0.0142754 seconds
Number of updated asset objects reloaded before import = 0Number of asset objects unloaded after import = 1

========================================================================
Received Import Request.
  Time since last request: 0.000106 seconds.
  path: Assets/content/4_Characters/2_Pigs/21_ZetaPig 1/BodyParts_Demon/Cloud.png
  artifactKey: Guid(a91de8062c31bd240bc9cbae75b8771d) Importer(2089858483,192608db42251d675da83286b1cce702)
Start importing Assets/content/4_Characters/2_Pigs/21_ZetaPig 1/BodyParts_Demon/Cloud.png using Guid(a91de8062c31bd240bc9cbae75b8771d) Importer(2089858483,192608db42251d675da83286b1cce702) (ScriptedImporter) -> (artifact id: '1e8f01145ecdd9f44ee7fd612d0ff589') in 0.0310406 seconds
Number of updated asset objects reloaded before import = 0Number of asset objects unloaded after import = 1

========================================================================
Received Import Request.
  Time since last request: 0.000136 seconds.
  path: Assets/content/4_Characters/2_Pigs/21_ZetaPig 1/BodyParts_Demon/Mouth_Angry.png
  artifactKey: Guid(7484cb46fb3e5ba4589ca8a84ceb5467) Importer(2089858483,192608db42251d675da83286b1cce702)
Start importing Assets/content/4_Characters/2_Pigs/21_ZetaPig 1/BodyParts_Demon/Mouth_Angry.png using Guid(7484cb46fb3e5ba4589ca8a84ceb5467) Importer(2089858483,192608db42251d675da83286b1cce702) (ScriptedImporter) -> (artifact id: '60d75e93a2117868865eddfbeaec44a9') in 0.0162937 seconds
Number of updated asset objects reloaded before import = 0Number of asset objects unloaded after import = 1

========================================================================
Received Import Request.
  Time since last request: 0.000057 seconds.
  path: Assets/content/4_Characters/2_Pigs/21_ZetaPig 1/BodyParts/Wrinkles_Attack.png
  artifactKey: Guid(70b0935f5277b204e951fed4a4a1baf9) Importer(2089858483,192608db42251d675da83286b1cce702)
Start importing Assets/content/4_Characters/2_Pigs/21_ZetaPig 1/BodyParts/Wrinkles_Attack.png using Guid(70b0935f5277b204e951fed4a4a1baf9) Importer(2089858483,192608db42251d675da83286b1cce702) (ScriptedImporter) -> (artifact id: '5aa177aaf3d251d221e07b833b0bd880') in 0.0131982 seconds
Number of updated asset objects reloaded before import = 0Number of asset objects unloaded after import = 1

========================================================================
Received Import Request.
  Time since last request: 0.000060 seconds.
  path: Assets/content/4_Characters/2_Pigs/21_ZetaPig 1/BodyParts_Demon/Lid_Left_Taunt.png
  artifactKey: Guid(c8446aaaacb4f5c4583f3da89704122f) Importer(2089858483,192608db42251d675da83286b1cce702)
Start importing Assets/content/4_Characters/2_Pigs/21_ZetaPig 1/BodyParts_Demon/Lid_Left_Taunt.png using Guid(c8446aaaacb4f5c4583f3da89704122f) Importer(2089858483,192608db42251d675da83286b1cce702) (ScriptedImporter) -> (artifact id: 'ce295836aef983f8fc85892d6aae5a18') in 0.0145986 seconds
Number of updated asset objects reloaded before import = 0Number of asset objects unloaded after import = 1

========================================================================
Received Import Request.
  Time since last request: 0.000062 seconds.
  path: Assets/content/4_Characters/2_Pigs/21_ZetaPig 1/BodyParts/Lid_Right_Taunt.png
  artifactKey: Guid(c47d9ca312fe75e4bb2b50c602963908) Importer(2089858483,192608db42251d675da83286b1cce702)
Start importing Assets/content/4_Characters/2_Pigs/21_ZetaPig 1/BodyParts/Lid_Right_Taunt.png using Guid(c47d9ca312fe75e4bb2b50c602963908) Importer(2089858483,192608db42251d675da83286b1cce702) (ScriptedImporter) -> (artifact id: '615c1f8027c8c61af9d1df736066faf7') in 0.0177203 seconds
Number of updated asset objects reloaded before import = 0Number of asset objects unloaded after import = 1

========================================================================
Received Import Request.
  Time since last request: 0.000071 seconds.
  path: Assets/content/4_Characters/2_Pigs/21_ZetaPig 1/BodyParts_Demon/Moustache_Right_Stretched.png
  artifactKey: Guid(e49a51b232d72a84ea8c94a0a790414e) Importer(2089858483,192608db42251d675da83286b1cce702)
Start importing Assets/content/4_Characters/2_Pigs/21_ZetaPig 1/BodyParts_Demon/Moustache_Right_Stretched.png using Guid(e49a51b232d72a84ea8c94a0a790414e) Importer(2089858483,192608db42251d675da83286b1cce702) (ScriptedImporter) -> (artifact id: 'e7a5bd150aeac9b572f47641395199b0') in 0.0139416 seconds
Number of updated asset objects reloaded before import = 0Number of asset objects unloaded after import = 1

========================================================================
Received Import Request.
  Time since last request: 0.000071 seconds.
  path: Assets/content/4_Characters/2_Pigs/21_ZetaPig 1/BodyParts/right_eye.png
  artifactKey: Guid(02d5051cfd449254bb45a86e021e5425) Importer(2089858483,192608db42251d675da83286b1cce702)
Start importing Assets/content/4_Characters/2_Pigs/21_ZetaPig 1/BodyParts/right_eye.png using Guid(02d5051cfd449254bb45a86e021e5425) Importer(2089858483,192608db42251d675da83286b1cce702) (ScriptedImporter) -> (artifact id: 'c69411da6e40d8297750064d0f44beca') in 0.0157543 seconds
Number of updated asset objects reloaded before import = 0Number of asset objects unloaded after import = 1

========================================================================
Received Import Request.
  Time since last request: 0.000073 seconds.
  path: Assets/content/4_Characters/2_Pigs/21_ZetaPig 1/BodyParts/Snout.png
  artifactKey: Guid(e71a16cc4c0c82d4093c033a2b03707d) Importer(2089858483,192608db42251d675da83286b1cce702)
Start importing Assets/content/4_Characters/2_Pigs/21_ZetaPig 1/BodyParts/Snout.png using Guid(e71a16cc4c0c82d4093c033a2b03707d) Importer(2089858483,192608db42251d675da83286b1cce702) (ScriptedImporter) -> (artifact id: '1e30fe369c71b0d402da16b42b3109b4') in 0.0179434 seconds
Number of updated asset objects reloaded before import = 0Number of asset objects unloaded after import = 1

========================================================================
Received Import Request.
  Time since last request: 0.000063 seconds.
  path: Assets/content/4_Characters/2_Pigs/21_ZetaPig 1/BodyParts_Demon/Mouth_Hit.png
  artifactKey: Guid(a1212660a72250d479204773b2227d89) Importer(2089858483,192608db42251d675da83286b1cce702)
Start importing Assets/content/4_Characters/2_Pigs/21_ZetaPig 1/BodyParts_Demon/Mouth_Hit.png using Guid(a1212660a72250d479204773b2227d89) Importer(2089858483,192608db42251d675da83286b1cce702) (ScriptedImporter) -> (artifact id: '382d458857e8ff0a8e5e5581a6893ef7') in 0.014946 seconds
Number of updated asset objects reloaded before import = 0Number of asset objects unloaded after import = 1

========================================================================
Received Import Request.
  Time since last request: 0.000064 seconds.
  path: Assets/content/4_Characters/2_Pigs/21_ZetaPig 1/BodyParts_Demon/MainHand_Wand.png
  artifactKey: Guid(5db9d9a5924d3c94991db8ed872ebf43) Importer(2089858483,192608db42251d675da83286b1cce702)
Start importing Assets/content/4_Characters/2_Pigs/21_ZetaPig 1/BodyParts_Demon/MainHand_Wand.png using Guid(5db9d9a5924d3c94991db8ed872ebf43) Importer(2089858483,192608db42251d675da83286b1cce702) (ScriptedImporter) -> (artifact id: '39e9d4a6ae4a70b6857de1fa55733610') in 0.0155333 seconds
Number of updated asset objects reloaded before import = 0Number of asset objects unloaded after import = 1

========================================================================
Received Import Request.
  Time since last request: 0.000132 seconds.
  path: Assets/content/4_Characters/2_Pigs/21_ZetaPig 1/BodyParts/Moustache_Right_Stretched.png
  artifactKey: Guid(0dea398f6b2bc2144905d1478668ecf1) Importer(2089858483,192608db42251d675da83286b1cce702)
Start importing Assets/content/4_Characters/2_Pigs/21_ZetaPig 1/BodyParts/Moustache_Right_Stretched.png using Guid(0dea398f6b2bc2144905d1478668ecf1) Importer(2089858483,192608db42251d675da83286b1cce702) (ScriptedImporter) -> (artifact id: 'a1159f49a41ebc79d6df2c702d4e017d') in 0.0152616 seconds
Number of updated asset objects reloaded before import = 0Number of asset objects unloaded after import = 1

========================================================================
Received Import Request.
  Time since last request: 0.000102 seconds.
  path: Assets/content/4_Characters/2_Pigs/21_ZetaPig 1/BodyParts/left_pupal.png
  artifactKey: Guid(7014b1b9a8014804ba8812ceb2118e2c) Importer(2089858483,192608db42251d675da83286b1cce702)
Start importing Assets/content/4_Characters/2_Pigs/21_ZetaPig 1/BodyParts/left_pupal.png using Guid(7014b1b9a8014804ba8812ceb2118e2c) Importer(2089858483,192608db42251d675da83286b1cce702) (ScriptedImporter) -> (artifact id: 'ddc880c3daefe2ed03f1d2c0c564fd3f') in 0.0186585 seconds
Number of updated asset objects reloaded before import = 0Number of asset objects unloaded after import = 1

========================================================================
Received Import Request.
  Time since last request: 0.000102 seconds.
  path: Assets/content/4_Characters/2_Pigs/21_ZetaPig 1/BodyParts_Demon/Tounge_Defeat.png
  artifactKey: Guid(91f20cc702b32d340812272d8fbc96f6) Importer(2089858483,192608db42251d675da83286b1cce702)
Start importing Assets/content/4_Characters/2_Pigs/21_ZetaPig 1/BodyParts_Demon/Tounge_Defeat.png using Guid(91f20cc702b32d340812272d8fbc96f6) Importer(2089858483,192608db42251d675da83286b1cce702) (ScriptedImporter) -> (artifact id: 'fbe4e288e642ca62c83f7f23e5dbf47c') in 0.0153779 seconds
Number of updated asset objects reloaded before import = 0Number of asset objects unloaded after import = 1

========================================================================
Received Import Request.
  Time since last request: 0.000070 seconds.
  path: Assets/content/4_Characters/2_Pigs/21_ZetaPig 1/BodyParts/lid_right_half.png
  artifactKey: Guid(d0083a0154c383b498de155890d3f0af) Importer(2089858483,192608db42251d675da83286b1cce702)
Start importing Assets/content/4_Characters/2_Pigs/21_ZetaPig 1/BodyParts/lid_right_half.png using Guid(d0083a0154c383b498de155890d3f0af) Importer(2089858483,192608db42251d675da83286b1cce702) (ScriptedImporter) -> (artifact id: '8e332a2123b71e3f3926246abc3fb63c') in 0.0142404 seconds
Number of updated asset objects reloaded before import = 0Number of asset objects unloaded after import = 1

========================================================================
Received Import Request.
  Time since last request: 0.000142 seconds.
  path: Assets/content/4_Characters/2_Pigs/21_ZetaPig 1/BodyParts_Demon/Pupil.png
  artifactKey: Guid(b850768c948728841ace73c07e90a373) Importer(2089858483,192608db42251d675da83286b1cce702)
Start importing Assets/content/4_Characters/2_Pigs/21_ZetaPig 1/BodyParts_Demon/Pupil.png using Guid(b850768c948728841ace73c07e90a373) Importer(2089858483,192608db42251d675da83286b1cce702) (ScriptedImporter) -> (artifact id: 'c1e0826a78361c46c2f882e72a0aa855') in 0.0243436 seconds
Number of updated asset objects reloaded before import = 0Number of asset objects unloaded after import = 1

========================================================================
Received Import Request.
  Time since last request: 0.000063 seconds.
  path: Assets/content/4_Characters/2_Pigs/21_ZetaPig 1/BodyParts/Headgear.png
  artifactKey: Guid(b71efe5331862e04f950e68d6d155960) Importer(2089858483,192608db42251d675da83286b1cce702)
Start importing Assets/content/4_Characters/2_Pigs/21_ZetaPig 1/BodyParts/Headgear.png using Guid(b71efe5331862e04f950e68d6d155960) Importer(2089858483,192608db42251d675da83286b1cce702) (ScriptedImporter) -> (artifact id: '60e7448a345d609ce4cea168feddf924') in 0.0167963 seconds
Number of updated asset objects reloaded before import = 0Number of asset objects unloaded after import = 1

========================================================================
Received Import Request.
  Time since last request: 0.000078 seconds.
  path: Assets/content/4_Characters/2_Pigs/21_ZetaPig 1/BodyParts_Demon/Mouth_Defeat.png
  artifactKey: Guid(728fd132280bc5642a806cd855874611) Importer(2089858483,192608db42251d675da83286b1cce702)
Start importing Assets/content/4_Characters/2_Pigs/21_ZetaPig 1/BodyParts_Demon/Mouth_Defeat.png using Guid(728fd132280bc5642a806cd855874611) Importer(2089858483,192608db42251d675da83286b1cce702) (ScriptedImporter) -> (artifact id: 'aba1770c21fd596d554fd4b46ede802f') in 0.0152064 seconds
Number of updated asset objects reloaded before import = 0Number of asset objects unloaded after import = 1

========================================================================
Received Import Request.
  Time since last request: 0.000091 seconds.
  path: Assets/content/4_Characters/2_Pigs/21_ZetaPig 1/BodyParts/Moustache_Left_Hanging.png
  artifactKey: Guid(dd8564b6469a8c64a82e4db1e4df86c9) Importer(2089858483,192608db42251d675da83286b1cce702)
Start importing Assets/content/4_Characters/2_Pigs/21_ZetaPig 1/BodyParts/Moustache_Left_Hanging.png using Guid(dd8564b6469a8c64a82e4db1e4df86c9) Importer(2089858483,192608db42251d675da83286b1cce702) (ScriptedImporter) -> (artifact id: '931aba22d10be85888dd0cb22bddcd9a') in 0.0143565 seconds
Number of updated asset objects reloaded before import = 0Number of asset objects unloaded after import = 1

========================================================================
Received Import Request.
  Time since last request: 0.000073 seconds.
  path: Assets/content/4_Characters/2_Pigs/21_ZetaPig 1/BodyParts_Demon/Lid_Left.png
  artifactKey: Guid(b858d830abb9a7644903e68d115f2a75) Importer(2089858483,192608db42251d675da83286b1cce702)
Start importing Assets/content/4_Characters/2_Pigs/21_ZetaPig 1/BodyParts_Demon/Lid_Left.png using Guid(b858d830abb9a7644903e68d115f2a75) Importer(2089858483,192608db42251d675da83286b1cce702) (ScriptedImporter) -> (artifact id: '0a07e6219fb554fe9da2d0916131e5f1') in 0.014143 seconds
Number of updated asset objects reloaded before import = 0Number of asset objects unloaded after import = 1

========================================================================
Received Import Request.
  Time since last request: 0.000108 seconds.
  path: Assets/content/4_Characters/2_Pigs/21_ZetaPig 1/BodyParts_Demon/Eye_Right_Blue.png
  artifactKey: Guid(976fefa3b67e9004b9147f38110fbd2c) Importer(2089858483,192608db42251d675da83286b1cce702)
Start importing Assets/content/4_Characters/2_Pigs/21_ZetaPig 1/BodyParts_Demon/Eye_Right_Blue.png using Guid(976fefa3b67e9004b9147f38110fbd2c) Importer(2089858483,192608db42251d675da83286b1cce702) (ScriptedImporter) -> (artifact id: 'e536791c9cd66d270647fbf5fd9f80ca') in 0.0143912 seconds
Number of updated asset objects reloaded before import = 0Number of asset objects unloaded after import = 1

========================================================================
Received Import Request.
  Time since last request: 0.000063 seconds.
  path: Assets/content/4_Characters/2_Pigs/21_ZetaPig 1/BodyParts_Demon/Tounge_Taunt.png
  artifactKey: Guid(69632c274ae97164baabe0eb19b8b5c8) Importer(2089858483,192608db42251d675da83286b1cce702)
Start importing Assets/content/4_Characters/2_Pigs/21_ZetaPig 1/BodyParts_Demon/Tounge_Taunt.png using Guid(69632c274ae97164baabe0eb19b8b5c8) Importer(2089858483,192608db42251d675da83286b1cce702) (ScriptedImporter) -> (artifact id: 'f051f8879ba5b3652c79f4340b05a3f0') in 0.0137376 seconds
Number of updated asset objects reloaded before import = 0Number of asset objects unloaded after import = 1

========================================================================
Received Import Request.
  Time since last request: 0.000084 seconds.
  path: Assets/content/4_Characters/2_Pigs/21_ZetaPig 1/BodyParts_Demon/Mouth_Sad.png
  artifactKey: Guid(913ef38b253ceb44da5c76aa3342f11b) Importer(2089858483,192608db42251d675da83286b1cce702)
Start importing Assets/content/4_Characters/2_Pigs/21_ZetaPig 1/BodyParts_Demon/Mouth_Sad.png using Guid(913ef38b253ceb44da5c76aa3342f11b) Importer(2089858483,192608db42251d675da83286b1cce702) (ScriptedImporter) -> (artifact id: '724bb9dda70a93ccfcbb2f560a2b636b') in 0.0146683 seconds
Number of updated asset objects reloaded before import = 0Number of asset objects unloaded after import = 1

========================================================================
Received Import Request.
  Time since last request: 0.000059 seconds.
  path: Assets/content/4_Characters/2_Pigs/21_ZetaPig 1/BodyParts/Wrinkles_Mourn.png
  artifactKey: Guid(2ec48ab17b0f47c41bb10e1571ae597e) Importer(2089858483,192608db42251d675da83286b1cce702)
Start importing Assets/content/4_Characters/2_Pigs/21_ZetaPig 1/BodyParts/Wrinkles_Mourn.png using Guid(2ec48ab17b0f47c41bb10e1571ae597e) Importer(2089858483,192608db42251d675da83286b1cce702) (ScriptedImporter) -> (artifact id: 'a324194e08fb39117340ceb59b16e776') in 0.0121818 seconds
Number of updated asset objects reloaded before import = 0Number of asset objects unloaded after import = 1

========================================================================
Received Import Request.
  Time since last request: 0.000080 seconds.
  path: Assets/content/4_Characters/2_Pigs/21_ZetaPig 1/BodyParts/Brow_Left.png
  artifactKey: Guid(ae4ddb219dcc53d4e98a627e42cc4fc3) Importer(2089858483,192608db42251d675da83286b1cce702)
Start importing Assets/content/4_Characters/2_Pigs/21_ZetaPig 1/BodyParts/Brow_Left.png using Guid(ae4ddb219dcc53d4e98a627e42cc4fc3) Importer(2089858483,192608db42251d675da83286b1cce702) (ScriptedImporter) -> (artifact id: '054ca11447e662b41c3b94fb466ce70a') in 0.0123851 seconds
Number of updated asset objects reloaded before import = 0Number of asset objects unloaded after import = 1

========================================================================
Received Import Request.
  Time since last request: 0.000117 seconds.
  path: Assets/content/4_Characters/2_Pigs/21_ZetaPig 1/BodyParts/beak_yell.png
  artifactKey: Guid(1b8d0793d8b55c14c8917ca9777213e7) Importer(2089858483,192608db42251d675da83286b1cce702)
Start importing Assets/content/4_Characters/2_Pigs/21_ZetaPig 1/BodyParts/beak_yell.png using Guid(1b8d0793d8b55c14c8917ca9777213e7) Importer(2089858483,192608db42251d675da83286b1cce702) (ScriptedImporter) -> (artifact id: '1d40c7c2b97f597cd2bba2ae2baf2491') in 0.0174253 seconds
Number of updated asset objects reloaded before import = 0Number of asset objects unloaded after import = 1

========================================================================
Received Import Request.
  Time since last request: 0.000061 seconds.
  path: Assets/content/4_Characters/2_Pigs/21_ZetaPig 1/BodyParts/right_bang.png
  artifactKey: Guid(a96cf508ffbb55c429c1b8586ffee6de) Importer(2089858483,192608db42251d675da83286b1cce702)
Start importing Assets/content/4_Characters/2_Pigs/21_ZetaPig 1/BodyParts/right_bang.png using Guid(a96cf508ffbb55c429c1b8586ffee6de) Importer(2089858483,192608db42251d675da83286b1cce702) (ScriptedImporter) -> (artifact id: '44cd44d06e54d9b8e6deff273c10db66') in 0.0125255 seconds
Number of updated asset objects reloaded before import = 0Number of asset objects unloaded after import = 1

========================================================================
Received Import Request.
  Time since last request: 0.000105 seconds.
  path: Assets/content/4_Characters/2_Pigs/21_ZetaPig 1/BodyParts_Demon/Mouth.png
  artifactKey: Guid(6a81345ce5087494db66de3dc8855875) Importer(2089858483,192608db42251d675da83286b1cce702)
Start importing Assets/content/4_Characters/2_Pigs/21_ZetaPig 1/BodyParts_Demon/Mouth.png using Guid(6a81345ce5087494db66de3dc8855875) Importer(2089858483,192608db42251d675da83286b1cce702) (ScriptedImporter) -> (artifact id: 'd988ebe80fb96133b9213432bc641c61') in 0.012282 seconds
Number of updated asset objects reloaded before import = 0Number of asset objects unloaded after import = 1

========================================================================
Received Import Request.
  Time since last request: 0.000072 seconds.
  path: Assets/content/4_Characters/2_Pigs/21_ZetaPig 1/BodyParts
  artifactKey: Guid(796ee1b2514ad5e41a63e0a878f9c692) Importer(2089858483,192608db42251d675da83286b1cce702)
Start importing Assets/content/4_Characters/2_Pigs/21_ZetaPig 1/BodyParts using Guid(796ee1b2514ad5e41a63e0a878f9c692) Importer(2089858483,192608db42251d675da83286b1cce702) (ScriptedImporter) -> (artifact id: '2c2ee4d03724ef299904517534be85dd') in 0.0065768 seconds
Number of updated asset objects reloaded before import = 0Number of asset objects unloaded after import = 1

========================================================================
Received Import Request.
  Time since last request: 0.000078 seconds.
  path: Assets/content/4_Characters/2_Pigs/21_ZetaPig 1/BodyParts/Lid_Left.png
  artifactKey: Guid(9e20436442bcda54a84a3c82c4e7ca05) Importer(2089858483,192608db42251d675da83286b1cce702)
Start importing Assets/content/4_Characters/2_Pigs/21_ZetaPig 1/BodyParts/Lid_Left.png using Guid(9e20436442bcda54a84a3c82c4e7ca05) Importer(2089858483,192608db42251d675da83286b1cce702) (ScriptedImporter) -> (artifact id: 'fb4446ff7ff28374ecd670c83c46addb') in 0.011751 seconds
Number of updated asset objects reloaded before import = 0Number of asset objects unloaded after import = 1

========================================================================
Received Import Request.
  Time since last request: 0.000093 seconds.
  path: Assets/content/4_Characters/2_Pigs/21_ZetaPig 1/BodyParts_Demon/Moustache_Right_Hanging.png
  artifactKey: Guid(601c03b4f5741324eb841b45ce096256) Importer(2089858483,192608db42251d675da83286b1cce702)
Start importing Assets/content/4_Characters/2_Pigs/21_ZetaPig 1/BodyParts_Demon/Moustache_Right_Hanging.png using Guid(601c03b4f5741324eb841b45ce096256) Importer(2089858483,192608db42251d675da83286b1cce702) (ScriptedImporter) -> (artifact id: '673ea9a507c7644eece786dbe959ab32') in 0.0256788 seconds
Number of updated asset objects reloaded before import = 0Number of asset objects unloaded after import = 1

========================================================================
Received Import Request.
  Time since last request: 0.000075 seconds.
  path: Assets/content/4_Characters/2_Pigs/21_ZetaPig 1/BodyParts_Demon/Lid_Right.png
  artifactKey: Guid(5bb479a5294cd194cbf88062fb7531f3) Importer(2089858483,192608db42251d675da83286b1cce702)
Start importing Assets/content/4_Characters/2_Pigs/21_ZetaPig 1/BodyParts_Demon/Lid_Right.png using Guid(5bb479a5294cd194cbf88062fb7531f3) Importer(2089858483,192608db42251d675da83286b1cce702) (ScriptedImporter) -> (artifact id: 'aebf217c4efadaabd660ef32af0d1cf6') in 0.0125025 seconds
Number of updated asset objects reloaded before import = 0Number of asset objects unloaded after import = 1

========================================================================
Received Import Request.
  Time since last request: 0.000059 seconds.
  path: Assets/content/4_Characters/2_Pigs/21_ZetaPig 1/BodyParts/Tounge_Taunt.png
  artifactKey: Guid(25dcd5af6ad82274ab16cdb906f68620) Importer(2089858483,192608db42251d675da83286b1cce702)
Start importing Assets/content/4_Characters/2_Pigs/21_ZetaPig 1/BodyParts/Tounge_Taunt.png using Guid(25dcd5af6ad82274ab16cdb906f68620) Importer(2089858483,192608db42251d675da83286b1cce702) (ScriptedImporter) -> (artifact id: '248ff81caf73d068912a24d84e05375f') in 0.0142359 seconds
Number of updated asset objects reloaded before import = 0Number of asset objects unloaded after import = 1

========================================================================
Received Import Request.
  Time since last request: 0.000089 seconds.
  path: Assets/content/4_Characters/2_Pigs/21_ZetaPig 1/BodyParts/right_pupal.png
  artifactKey: Guid(d1af75543971a7b4f8d58ffc25e7e36a) Importer(2089858483,192608db42251d675da83286b1cce702)
Start importing Assets/content/4_Characters/2_Pigs/21_ZetaPig 1/BodyParts/right_pupal.png using Guid(d1af75543971a7b4f8d58ffc25e7e36a) Importer(2089858483,192608db42251d675da83286b1cce702) (ScriptedImporter) -> (artifact id: '2558085e27e1fa40b298bab49bb4a393') in 0.0163746 seconds
Number of updated asset objects reloaded before import = 0Number of asset objects unloaded after import = 1

========================================================================
Received Import Request.
  Time since last request: 0.000071 seconds.
  path: Assets/content/4_Characters/2_Pigs/21_ZetaPig 1/BodyParts/left_bang.png
  artifactKey: Guid(04d50a064e785c9469fdffccd49f1841) Importer(2089858483,192608db42251d675da83286b1cce702)
Start importing Assets/content/4_Characters/2_Pigs/21_ZetaPig 1/BodyParts/left_bang.png using Guid(04d50a064e785c9469fdffccd49f1841) Importer(2089858483,192608db42251d675da83286b1cce702) (ScriptedImporter) -> (artifact id: 'a0901f3de4ae076badb149b7d99e74ff') in 0.0135336 seconds
Number of updated asset objects reloaded before import = 0Number of asset objects unloaded after import = 1

========================================================================
Received Import Request.
  Time since last request: 0.000069 seconds.
  path: Assets/content/4_Characters/2_Pigs/21_ZetaPig 1/BodyParts_Demon/Lid_Left_Blink_Full.png
  artifactKey: Guid(aec561e221f5c8546b25e2bfbc9d110f) Importer(2089858483,192608db42251d675da83286b1cce702)
Start importing Assets/content/4_Characters/2_Pigs/21_ZetaPig 1/BodyParts_Demon/Lid_Left_Blink_Full.png using Guid(aec561e221f5c8546b25e2bfbc9d110f) Importer(2089858483,192608db42251d675da83286b1cce702) (ScriptedImporter) -> (artifact id: 'dd65b6ea0b2a445f699c099434d20f6b') in 0.0145573 seconds
Number of updated asset objects reloaded before import = 0Number of asset objects unloaded after import = 1

========================================================================
Received Import Request.
  Time since last request: 0.000074 seconds.
  path: Assets/content/4_Characters/2_Pigs/21_ZetaPig 1/BodyParts_Demon/Shadow.png
  artifactKey: Guid(2f20a332deabbc945a84271930f3ba07) Importer(2089858483,192608db42251d675da83286b1cce702)
Start importing Assets/content/4_Characters/2_Pigs/21_ZetaPig 1/BodyParts_Demon/Shadow.png using Guid(2f20a332deabbc945a84271930f3ba07) Importer(2089858483,192608db42251d675da83286b1cce702) (ScriptedImporter) -> (artifact id: '51afe9255a91958a5396060b51fc8c14') in 0.0146488 seconds
Number of updated asset objects reloaded before import = 0Number of asset objects unloaded after import = 1

========================================================================
Received Import Request.
  Time since last request: 0.000099 seconds.
  path: Assets/content/4_Characters/2_Pigs/21_ZetaPig 1/BodyParts_Demon/Wrinkles_Attack.png
  artifactKey: Guid(278c527f5f0f0b243bebc35cce6c559b) Importer(2089858483,192608db42251d675da83286b1cce702)
Start importing Assets/content/4_Characters/2_Pigs/21_ZetaPig 1/BodyParts_Demon/Wrinkles_Attack.png using Guid(278c527f5f0f0b243bebc35cce6c559b) Importer(2089858483,192608db42251d675da83286b1cce702) (ScriptedImporter) -> (artifact id: 'f05bcfed9b090305ebc65ad4e42a18ea') in 0.0153244 seconds
Number of updated asset objects reloaded before import = 0Number of asset objects unloaded after import = 1

========================================================================
Received Import Request.
  Time since last request: 0.000067 seconds.
  path: Assets/content/4_Characters/2_Pigs/21_ZetaPig 1/BodyParts/Headgear_Ringmaster_Back.png
  artifactKey: Guid(a4986b5cd3a31024eb879557f4084aee) Importer(2089858483,192608db42251d675da83286b1cce702)
Start importing Assets/content/4_Characters/2_Pigs/21_ZetaPig 1/BodyParts/Headgear_Ringmaster_Back.png using Guid(a4986b5cd3a31024eb879557f4084aee) Importer(2089858483,192608db42251d675da83286b1cce702) (ScriptedImporter) -> (artifact id: '5b4608ec16f1243a8a7b5cbda2022c06') in 0.014441 seconds
Number of updated asset objects reloaded before import = 0Number of asset objects unloaded after import = 1

========================================================================
Received Import Request.
  Time since last request: 0.000088 seconds.
  path: Assets/content/4_Characters/2_Pigs/21_ZetaPig 1/BodyParts/Cloud.png
  artifactKey: Guid(6c472272fe409d448a9d742c09d5509e) Importer(2089858483,192608db42251d675da83286b1cce702)
Start importing Assets/content/4_Characters/2_Pigs/21_ZetaPig 1/BodyParts/Cloud.png using Guid(6c472272fe409d448a9d742c09d5509e) Importer(2089858483,192608db42251d675da83286b1cce702) (ScriptedImporter) -> (artifact id: '949e62935ed69111f11f3abbe2aaea1e') in 0.0165894 seconds
Number of updated asset objects reloaded before import = 0Number of asset objects unloaded after import = 1

========================================================================
Received Import Request.
  Time since last request: 0.000071 seconds.
  path: Assets/content/4_Characters/2_Pigs/21_ZetaPig 1/BodyParts/Headgear_EasterWizPig.png
  artifactKey: Guid(c93a102908475ef4991a86b20b45ecae) Importer(2089858483,192608db42251d675da83286b1cce702)
Start importing Assets/content/4_Characters/2_Pigs/21_ZetaPig 1/BodyParts/Headgear_EasterWizPig.png using Guid(c93a102908475ef4991a86b20b45ecae) Importer(2089858483,192608db42251d675da83286b1cce702) (ScriptedImporter) -> (artifact id: 'aa05a41831cf88f872e2a7823721ef37') in 0.0183479 seconds
Number of updated asset objects reloaded before import = 0Number of asset objects unloaded after import = 1

========================================================================
Received Import Request.
  Time since last request: 0.000097 seconds.
  path: Assets/content/4_Characters/2_Pigs/21_ZetaPig 1/BodyParts/Beak_Happy.png
  artifactKey: Guid(71de57bdd9fe8424abe20a8cbfbfb214) Importer(2089858483,192608db42251d675da83286b1cce702)
Start importing Assets/content/4_Characters/2_Pigs/21_ZetaPig 1/BodyParts/Beak_Happy.png using Guid(71de57bdd9fe8424abe20a8cbfbfb214) Importer(2089858483,192608db42251d675da83286b1cce702) (ScriptedImporter) -> (artifact id: '00c835b810c357897558ec85e62db2f3') in 0.0138401 seconds
Number of updated asset objects reloaded before import = 0Number of asset objects unloaded after import = 1

========================================================================
Received Import Request.
  Time since last request: 0.000112 seconds.
  path: Assets/content/4_Characters/2_Pigs/21_ZetaPig 1/BodyParts/Lid_Left_Blink_Half.png
  artifactKey: Guid(34f19784ae0e44449b61ce8524f63b2a) Importer(2089858483,192608db42251d675da83286b1cce702)
Start importing Assets/content/4_Characters/2_Pigs/21_ZetaPig 1/BodyParts/Lid_Left_Blink_Half.png using Guid(34f19784ae0e44449b61ce8524f63b2a) Importer(2089858483,192608db42251d675da83286b1cce702) (ScriptedImporter) -> (artifact id: '27a48c0bab509892edbe90e20f34a848') in 0.0138136 seconds
Number of updated asset objects reloaded before import = 0Number of asset objects unloaded after import = 1

========================================================================
Received Import Request.
  Time since last request: 0.000112 seconds.
  path: Assets/content/4_Characters/2_Pigs/21_ZetaPig 1/BodyParts_Demon/Tail_Hit.png
  artifactKey: Guid(2886a91ade0873e499bd5143a172726f) Importer(2089858483,192608db42251d675da83286b1cce702)
Start importing Assets/content/4_Characters/2_Pigs/21_ZetaPig 1/BodyParts_Demon/Tail_Hit.png using Guid(2886a91ade0873e499bd5143a172726f) Importer(2089858483,192608db42251d675da83286b1cce702) (ScriptedImporter) -> (artifact id: '799f50b5cf49007ad2a6341eee7ef9b8') in 0.0183161 seconds
Number of updated asset objects reloaded before import = 0Number of asset objects unloaded after import = 1

========================================================================
Received Import Request.
  Time since last request: 0.000060 seconds.
  path: Assets/content/4_Characters/2_Pigs/21_ZetaPig 1/BodyParts_Demon/Tounge_Attack.png
  artifactKey: Guid(3b8059ac6c301664cb3875251061b3bf) Importer(2089858483,192608db42251d675da83286b1cce702)
Start importing Assets/content/4_Characters/2_Pigs/21_ZetaPig 1/BodyParts_Demon/Tounge_Attack.png using Guid(3b8059ac6c301664cb3875251061b3bf) Importer(2089858483,192608db42251d675da83286b1cce702) (ScriptedImporter) -> (artifact id: '187b8ccd884d02aa70a432a273fb79ad') in 0.0341967 seconds
Number of updated asset objects reloaded before import = 0Number of asset objects unloaded after import = 1

========================================================================
Received Import Request.
  Time since last request: 0.000072 seconds.
  path: Assets/content/4_Characters/2_Pigs/21_ZetaPig 1/BodyParts/Lid_Right_Attack.png
  artifactKey: Guid(b3d3afe44d382ab42b9c3ecfba9c104d) Importer(2089858483,192608db42251d675da83286b1cce702)
Start importing Assets/content/4_Characters/2_Pigs/21_ZetaPig 1/BodyParts/Lid_Right_Attack.png using Guid(b3d3afe44d382ab42b9c3ecfba9c104d) Importer(2089858483,192608db42251d675da83286b1cce702) (ScriptedImporter) -> (artifact id: '74e32b1ecb79ec1701b726ecbe899c66') in 0.0138301 seconds
Number of updated asset objects reloaded before import = 0Number of asset objects unloaded after import = 1

========================================================================
Received Import Request.
  Time since last request: 0.000060 seconds.
  path: Assets/content/4_Characters/2_Pigs/21_ZetaPig 1/BodyParts/Lid_Right_Blink_Half.png
  artifactKey: Guid(81f3f52f12e7ae84385ed1bd26109c83) Importer(2089858483,192608db42251d675da83286b1cce702)
Start importing Assets/content/4_Characters/2_Pigs/21_ZetaPig 1/BodyParts/Lid_Right_Blink_Half.png using Guid(81f3f52f12e7ae84385ed1bd26109c83) Importer(2089858483,192608db42251d675da83286b1cce702) (ScriptedImporter) -> (artifact id: 'd55a9fb3b89ed3c893308cc10f9e2d8f') in 0.0151652 seconds
Number of updated asset objects reloaded before import = 0Number of asset objects unloaded after import = 1

========================================================================
Received Import Request.
  Time since last request: 0.000104 seconds.
  path: Assets/content/4_Characters/2_Pigs/21_ZetaPig 1/BodyParts_Demon/Tounge_Hit.png
  artifactKey: Guid(325293f3113ccef4db405fbc59ae2342) Importer(2089858483,192608db42251d675da83286b1cce702)
Start importing Assets/content/4_Characters/2_Pigs/21_ZetaPig 1/BodyParts_Demon/Tounge_Hit.png using Guid(325293f3113ccef4db405fbc59ae2342) Importer(2089858483,192608db42251d675da83286b1cce702) (ScriptedImporter) -> (artifact id: 'ef53a4e2897c654ab47b6644e4d434ce') in 0.0141113 seconds
Number of updated asset objects reloaded before import = 0Number of asset objects unloaded after import = 1

========================================================================
Received Import Request.
  Time since last request: 0.000073 seconds.
  path: Assets/content/4_Characters/2_Pigs/21_ZetaPig 1/BodyParts_Demon/Wrinkles_Eye.png
  artifactKey: Guid(48982edde6f2d944aa0760af9e2da2e6) Importer(2089858483,192608db42251d675da83286b1cce702)
Start importing Assets/content/4_Characters/2_Pigs/21_ZetaPig 1/BodyParts_Demon/Wrinkles_Eye.png using Guid(48982edde6f2d944aa0760af9e2da2e6) Importer(2089858483,192608db42251d675da83286b1cce702) (ScriptedImporter) -> (artifact id: 'b926b05577c9c4d4154aaf54b7a9f036') in 0.016844 seconds
Number of updated asset objects reloaded before import = 0Number of asset objects unloaded after import = 1

========================================================================
Received Import Request.
  Time since last request: 0.000076 seconds.
  path: Assets/content/4_Characters/2_Pigs/21_ZetaPig 1/BodyParts/Pupil_Small.png
  artifactKey: Guid(2375a9fcdb2a6294a83c6b876c870152) Importer(2089858483,192608db42251d675da83286b1cce702)
Start importing Assets/content/4_Characters/2_Pigs/21_ZetaPig 1/BodyParts/Pupil_Small.png using Guid(2375a9fcdb2a6294a83c6b876c870152) Importer(2089858483,192608db42251d675da83286b1cce702) (ScriptedImporter) -> (artifact id: 'b52563c67d0e1574f539b616b4744c51') in 0.0178106 seconds
Number of updated asset objects reloaded before import = 0Number of asset objects unloaded after import = 1

========================================================================
Received Import Request.
  Time since last request: 0.000064 seconds.
  path: Assets/content/4_Characters/2_Pigs/21_ZetaPig 1/BodyParts_Demon/Body.png
  artifactKey: Guid(2886fe821f0ad204092ae95ecf2bee24) Importer(2089858483,192608db42251d675da83286b1cce702)
Start importing Assets/content/4_Characters/2_Pigs/21_ZetaPig 1/BodyParts_Demon/Body.png using Guid(2886fe821f0ad204092ae95ecf2bee24) Importer(2089858483,192608db42251d675da83286b1cce702) (ScriptedImporter) -> (artifact id: '59317e29e244de7394cc168c870cd7fa') in 0.015186 seconds
Number of updated asset objects reloaded before import = 0Number of asset objects unloaded after import = 1

========================================================================
Received Import Request.
  Time since last request: 0.000062 seconds.
  path: Assets/content/4_Characters/2_Pigs/21_ZetaPig 1/BodyParts_Demon/Mouth_Taunt.png
  artifactKey: Guid(1e3c6ca20b0d1124895083a66da6f479) Importer(2089858483,192608db42251d675da83286b1cce702)
Start importing Assets/content/4_Characters/2_Pigs/21_ZetaPig 1/BodyParts_Demon/Mouth_Taunt.png using Guid(1e3c6ca20b0d1124895083a66da6f479) Importer(2089858483,192608db42251d675da83286b1cce702) (ScriptedImporter) -> (artifact id: 'ff73c029ed0680a798d4966a11f9dcaa') in 0.0179753 seconds
Number of updated asset objects reloaded before import = 0Number of asset objects unloaded after import = 1

========================================================================
Received Import Request.
  Time since last request: 0.000079 seconds.
  path: Assets/content/4_Characters/2_Pigs/21_ZetaPig 1/BodyParts_Demon/Wrinkles_Mourn.png
  artifactKey: Guid(7d7066af02f27d64bae93deaf370fdd8) Importer(2089858483,192608db42251d675da83286b1cce702)
Start importing Assets/content/4_Characters/2_Pigs/21_ZetaPig 1/BodyParts_Demon/Wrinkles_Mourn.png using Guid(7d7066af02f27d64bae93deaf370fdd8) Importer(2089858483,192608db42251d675da83286b1cce702) (ScriptedImporter) -> (artifact id: 'e44cd0494d30428794b98173dbeba50d') in 0.0149582 seconds
Number of updated asset objects reloaded before import = 0Number of asset objects unloaded after import = 1

========================================================================
Received Import Request.
  Time since last request: 8.026561 seconds.
  path: Assets/content/4_Characters/2_Pigs/21_ZetaPig 1
  artifactKey: Guid(5328d0e5365e8a943bc0fd601db40c3e) Importer(815301076,1909f56bfc062723c751e8b465ee728b)
Start importing Assets/content/4_Characters/2_Pigs/21_ZetaPig 1 using Guid(5328d0e5365e8a943bc0fd601db40c3e) Importer(815301076,1909f56bfc062723c751e8b465ee728b) (PreviewImporter) -> (artifact id: '67e2a55ce9a29cc22df2446baa5080ae') in 0.0009794 seconds
Number of updated asset objects reloaded before import = 0Number of asset objects unloaded after import = 0

========================================================================
Received Import Request.
  Time since last request: 14.888073 seconds.
  path: Assets/Resources/Content/4_Characters/1_Birds/6_AquaBird 1/AquaBird_Atlas_02.mat
  artifactKey: Guid(b45a59ef1265e4d4d96c917210a1f2ef) Importer(815301076,1909f56bfc062723c751e8b465ee728b)
Start importing Assets/Resources/Content/4_Characters/1_Birds/6_AquaBird 1/AquaBird_Atlas_02.mat using Guid(b45a59ef1265e4d4d96c917210a1f2ef) Importer(815301076,1909f56bfc062723c751e8b465ee728b) (PreviewImporter) -> (artifact id: '9db8379216e3026fc7735c808abd851b') in 0.0665642 seconds
Number of updated asset objects reloaded before import = 0Number of asset objects unloaded after import = 2

========================================================================
Received Import Request.
  Time since last request: 0.000023 seconds.
  path: Assets/Resources/Content/4_Characters/1_Birds/6_AquaBird 1/AquaBird_Atlas_02.asset
  artifactKey: Guid(0d543874cb467cb44b7e2b951487ff8c) Importer(815301076,1909f56bfc062723c751e8b465ee728b)
Start importing Assets/Resources/Content/4_Characters/1_Birds/6_AquaBird 1/AquaBird_Atlas_02.asset using Guid(0d543874cb467cb44b7e2b951487ff8c) Importer(815301076,1909f56bfc062723c751e8b465ee728b) (PreviewImporter) -> (artifact id: '9a839e31d761228f57acbc9151e3807e') in 0.0024113 seconds
Number of updated asset objects reloaded before import = 0Number of asset objects unloaded after import = 2

========================================================================
Received Import Request.
  Time since last request: 0.000028 seconds.
  path: Assets/Resources/Content/4_Characters/1_Birds/6_AquaBird 1
  artifactKey: Guid(5e6b63df5d5119a4fb7ab35e5f205a5b) Importer(815301076,1909f56bfc062723c751e8b465ee728b)
Start importing Assets/Resources/Content/4_Characters/1_Birds/6_AquaBird 1 using Guid(5e6b63df5d5119a4fb7ab35e5f205a5b) Importer(815301076,1909f56bfc062723c751e8b465ee728b) (PreviewImporter) -> (artifact id: '38f8dfd71321e758827c86c5016cfbab') in 0.0009547 seconds
Number of updated asset objects reloaded before import = 0Number of asset objects unloaded after import = 0

========================================================================
Received Import Request.
  Time since last request: 0.000115 seconds.
  path: Assets/Resources/Content/4_Characters/1_Birds/6_AquaBird 1/AquaBird_Atlas_02.png
  artifactKey: Guid(987a6f188dea3fe4bb98af2932a995dd) Importer(815301076,1909f56bfc062723c751e8b465ee728b)
Start importing Assets/Resources/Content/4_Characters/1_Birds/6_AquaBird 1/AquaBird_Atlas_02.png using Guid(987a6f188dea3fe4bb98af2932a995dd) Importer(815301076,1909f56bfc062723c751e8b465ee728b) (PreviewImporter) -> (artifact id: '4c1f3f0c32f3753e957302da8b7291f3') in 0.0107973 seconds
Number of updated asset objects reloaded before import = 0Number of asset objects unloaded after import = 2

========================================================================
Received Import Request.
  Time since last request: 0.831929 seconds.
  path: Assets/Resources/Content/4_Characters/1_Birds/6_AquaBird 1
  artifactKey: Guid(5e6b63df5d5119a4fb7ab35e5f205a5b) Importer(2089858483,192608db42251d675da83286b1cce702)
Start importing Assets/Resources/Content/4_Characters/1_Birds/6_AquaBird 1 using Guid(5e6b63df5d5119a4fb7ab35e5f205a5b) Importer(2089858483,192608db42251d675da83286b1cce702) (ScriptedImporter) -> (artifact id: '14d4343ad77890b3996c2a89ab271388') in 0.0038192 seconds
Number of updated asset objects reloaded before import = 0Number of asset objects unloaded after import = 1

========================================================================
Received Import Request.
  Time since last request: 0.000069 seconds.
  path: Assets/Resources/Content/4_Characters/1_Birds/6_AquaBird 1/AquaBird_Atlas_02.png
  artifactKey: Guid(987a6f188dea3fe4bb98af2932a995dd) Importer(2089858483,192608db42251d675da83286b1cce702)
Start importing Assets/Resources/Content/4_Characters/1_Birds/6_AquaBird 1/AquaBird_Atlas_02.png using Guid(987a6f188dea3fe4bb98af2932a995dd) Importer(2089858483,192608db42251d675da83286b1cce702) (ScriptedImporter) -> (artifact id: 'f483c3d8a9fc1ab4160b2d75ac8d16dd') in 0.0108879 seconds
Number of updated asset objects reloaded before import = 0Number of asset objects unloaded after import = 1

========================================================================
Received Import Request.
  Time since last request: 0.000062 seconds.
  path: Assets/Resources/Content/4_Characters/1_Birds/6_AquaBird 1/AquaBird_Atlas_02.asset
  artifactKey: Guid(0d543874cb467cb44b7e2b951487ff8c) Importer(2089858483,192608db42251d675da83286b1cce702)
Start importing Assets/Resources/Content/4_Characters/1_Birds/6_AquaBird 1/AquaBird_Atlas_02.asset using Guid(0d543874cb467cb44b7e2b951487ff8c) Importer(2089858483,192608db42251d675da83286b1cce702) (ScriptedImporter) -> (artifact id: '4ae29fe29c7d274618dea8afc89de207') in 0.0072926 seconds
Number of updated asset objects reloaded before import = 0Number of asset objects unloaded after import = 2

========================================================================
Received Import Request.
  Time since last request: 0.000032 seconds.
  path: Assets/Resources/Content/4_Characters/1_Birds/6_AquaBird 1/AquaBird_Atlas_02.mat
  artifactKey: Guid(b45a59ef1265e4d4d96c917210a1f2ef) Importer(2089858483,192608db42251d675da83286b1cce702)
Start importing Assets/Resources/Content/4_Characters/1_Birds/6_AquaBird 1/AquaBird_Atlas_02.mat using Guid(b45a59ef1265e4d4d96c917210a1f2ef) Importer(2089858483,192608db42251d675da83286b1cce702) (ScriptedImporter) -> (artifact id: 'cf9327a068e45f32f7501c44fa4d74f6') in 0.0106136 seconds
Number of updated asset objects reloaded before import = 0Number of asset objects unloaded after import = 2

========================================================================
Received Import Request.
  Time since last request: 9.369814 seconds.
  path: Assets/Resources/Sound/Characters/Birds/AquaBird 1/character_aqua_attack_01.ogg
  artifactKey: Guid(51db9f0e1a9a4da41a298a7ef7de7956) Importer(815301076,1909f56bfc062723c751e8b465ee728b)
Start importing Assets/Resources/Sound/Characters/Birds/AquaBird 1/character_aqua_attack_01.ogg using Guid(51db9f0e1a9a4da41a298a7ef7de7956) Importer(815301076,1909f56bfc062723c751e8b465ee728b) (PreviewImporter) -> (artifact id: '0bae1626619661302abfc9db5c67e666') in 0.0307443 seconds
Number of updated asset objects reloaded before import = 0Number of asset objects unloaded after import = 2

========================================================================
Received Import Request.
  Time since last request: 0.000025 seconds.
  path: Assets/Resources/Sound/Characters/Birds/AquaBird 1
  artifactKey: Guid(935dd9ea37986e24d92e8382e49a9925) Importer(815301076,1909f56bfc062723c751e8b465ee728b)
Start importing Assets/Resources/Sound/Characters/Birds/AquaBird 1 using Guid(935dd9ea37986e24d92e8382e49a9925) Importer(815301076,1909f56bfc062723c751e8b465ee728b) (PreviewImporter) -> (artifact id: '0c09ebff46a8bf8b2e1db39755fb3e9d') in 0.0009256 seconds
Number of updated asset objects reloaded before import = 0Number of asset objects unloaded after import = 0

========================================================================
Received Import Request.
  Time since last request: 0.000116 seconds.
  path: Assets/Resources/Sound/Characters/Birds/AquaBird 1/character_aqua_rageattack_01.ogg
  artifactKey: Guid(33464d4bf72c2ac44bef6a6e4ff5d7f9) Importer(815301076,1909f56bfc062723c751e8b465ee728b)
Start importing Assets/Resources/Sound/Characters/Birds/AquaBird 1/character_aqua_rageattack_01.ogg using Guid(33464d4bf72c2ac44bef6a6e4ff5d7f9) Importer(815301076,1909f56bfc062723c751e8b465ee728b) (PreviewImporter) -> (artifact id: '825b9f7b4a74df559701608b5a3fc7d2') in 0.0072308 seconds
Number of updated asset objects reloaded before import = 0Number of asset objects unloaded after import = 2

========================================================================
Received Import Request.
  Time since last request: 0.000033 seconds.
  path: Assets/Resources/Sound/Characters/Birds/AquaBird 1/character_aqua_cheer_01.ogg
  artifactKey: Guid(b4f829c7732429b49941b24bcb0b3e41) Importer(815301076,1909f56bfc062723c751e8b465ee728b)
Start importing Assets/Resources/Sound/Characters/Birds/AquaBird 1/character_aqua_cheer_01.ogg using Guid(b4f829c7732429b49941b24bcb0b3e41) Importer(815301076,1909f56bfc062723c751e8b465ee728b) (PreviewImporter) -> (artifact id: 'c256cdd2336c36fea524f86117869077') in 0.0104789 seconds
Number of updated asset objects reloaded before import = 0Number of asset objects unloaded after import = 2

========================================================================
Received Import Request.
  Time since last request: 0.000038 seconds.
  path: Assets/Resources/Sound/Characters/Birds/AquaBird 1/character_aqua_surprised_01.ogg
  artifactKey: Guid(e714aeb4d19742a4c9ffa78dd28f134e) Importer(815301076,1909f56bfc062723c751e8b465ee728b)
Start importing Assets/Resources/Sound/Characters/Birds/AquaBird 1/character_aqua_surprised_01.ogg using Guid(e714aeb4d19742a4c9ffa78dd28f134e) Importer(815301076,1909f56bfc062723c751e8b465ee728b) (PreviewImporter) -> (artifact id: '338037189a207b330b7461e897e53ab1') in 0.0066699 seconds
Number of updated asset objects reloaded before import = 0Number of asset objects unloaded after import = 2

========================================================================
Received Import Request.
  Time since last request: 0.000018 seconds.
  path: Assets/Resources/Sound/Characters/Birds/AquaBird 1/character_aqua_hit_01.ogg
  artifactKey: Guid(625f792a62f0c364783c10be198bc3b7) Importer(815301076,1909f56bfc062723c751e8b465ee728b)
Start importing Assets/Resources/Sound/Characters/Birds/AquaBird 1/character_aqua_hit_01.ogg using Guid(625f792a62f0c364783c10be198bc3b7) Importer(815301076,1909f56bfc062723c751e8b465ee728b) (PreviewImporter) -> (artifact id: 'e7f03fd2412746894f5c32f88bc0c5d8') in 0.012618 seconds
Number of updated asset objects reloaded before import = 0Number of asset objects unloaded after import = 2

========================================================================
Received Import Request.
  Time since last request: 0.000026 seconds.
  path: Assets/Resources/Sound/Characters/Birds/AquaBird 1/character_aqua_defeated_01.ogg
  artifactKey: Guid(4eabb1f0296a8af4dbcee4a0e398e038) Importer(815301076,1909f56bfc062723c751e8b465ee728b)
Start importing Assets/Resources/Sound/Characters/Birds/AquaBird 1/character_aqua_defeated_01.ogg using Guid(4eabb1f0296a8af4dbcee4a0e398e038) Importer(815301076,1909f56bfc062723c751e8b465ee728b) (PreviewImporter) -> (artifact id: 'e9e31cfb801f1d43b999f6296e06b28e') in 0.0062495 seconds
Number of updated asset objects reloaded before import = 0Number of asset objects unloaded after import = 2

========================================================================
Received Import Request.
  Time since last request: 0.000036 seconds.
  path: Assets/Resources/Sound/Characters/Birds/AquaBird 1/character_aqua_hit_02.ogg
  artifactKey: Guid(bcba5c7799d09094ba4df96aa9445f7c) Importer(815301076,1909f56bfc062723c751e8b465ee728b)
Start importing Assets/Resources/Sound/Characters/Birds/AquaBird 1/character_aqua_hit_02.ogg using Guid(bcba5c7799d09094ba4df96aa9445f7c) Importer(815301076,1909f56bfc062723c751e8b465ee728b) (PreviewImporter) -> (artifact id: '698dddae00bf36e83ef6da07ab181702') in 0.0087887 seconds
Number of updated asset objects reloaded before import = 0Number of asset objects unloaded after import = 2

========================================================================
Received Import Request.
  Time since last request: 0.000041 seconds.
  path: Assets/Resources/Sound/Characters/Birds/AquaBird 1/character_aqua_rage_01.ogg
  artifactKey: Guid(51ebd901d6bd6334595997ab3b2c6ba3) Importer(815301076,1909f56bfc062723c751e8b465ee728b)
Start importing Assets/Resources/Sound/Characters/Birds/AquaBird 1/character_aqua_rage_01.ogg using Guid(51ebd901d6bd6334595997ab3b2c6ba3) Importer(815301076,1909f56bfc062723c751e8b465ee728b) (PreviewImporter) -> (artifact id: 'd19260017111477591d22060282e904f') in 0.0064499 seconds
Number of updated asset objects reloaded before import = 0Number of asset objects unloaded after import = 2

========================================================================
Received Import Request.
  Time since last request: 0.000037 seconds.
  path: Assets/Resources/Sound/Characters/Birds/AquaBird 1/character_aqua_hit_03.ogg
  artifactKey: Guid(a0cbe21386459de49a23692b39402c12) Importer(815301076,1909f56bfc062723c751e8b465ee728b)
Start importing Assets/Resources/Sound/Characters/Birds/AquaBird 1/character_aqua_hit_03.ogg using Guid(a0cbe21386459de49a23692b39402c12) Importer(815301076,1909f56bfc062723c751e8b465ee728b) (PreviewImporter) -> (artifact id: '2bebc8aeb04c332f9c179918c9e3743a') in 0.008979 seconds
Number of updated asset objects reloaded before import = 0Number of asset objects unloaded after import = 2

========================================================================
Received Import Request.
  Time since last request: 0.000019 seconds.
  path: Assets/Resources/Sound/Characters/Birds/AquaBird 1/character_aqua_mourn_01.ogg
  artifactKey: Guid(80884132d6e79d74390e090894c81250) Importer(815301076,1909f56bfc062723c751e8b465ee728b)
Start importing Assets/Resources/Sound/Characters/Birds/AquaBird 1/character_aqua_mourn_01.ogg using Guid(80884132d6e79d74390e090894c81250) Importer(815301076,1909f56bfc062723c751e8b465ee728b) (PreviewImporter) -> (artifact id: '3a7c2a5024bb5d7b94e9ab3f39a245b2') in 0.0077622 seconds
Number of updated asset objects reloaded before import = 0Number of asset objects unloaded after import = 2

========================================================================
Received Import Request.
  Time since last request: 0.000042 seconds.
  path: Assets/Resources/Sound/Characters/Birds/AquaBird 1/character_aqua_support_01.ogg
  artifactKey: Guid(30dfc77777115f3418f12c6542d0259e) Importer(815301076,1909f56bfc062723c751e8b465ee728b)
Start importing Assets/Resources/Sound/Characters/Birds/AquaBird 1/character_aqua_support_01.ogg using Guid(30dfc77777115f3418f12c6542d0259e) Importer(815301076,1909f56bfc062723c751e8b465ee728b) (PreviewImporter) -> (artifact id: 'bc4815eebe37dcc8e0b13f9829a59ee3') in 0.0073318 seconds
Number of updated asset objects reloaded before import = 0Number of asset objects unloaded after import = 2

========================================================================
Received Import Request.
  Time since last request: 0.783937 seconds.
  path: Assets/Resources/Sound/Characters/Birds/AquaBird 1
  artifactKey: Guid(935dd9ea37986e24d92e8382e49a9925) Importer(2089858483,192608db42251d675da83286b1cce702)
Start importing Assets/Resources/Sound/Characters/Birds/AquaBird 1 using Guid(935dd9ea37986e24d92e8382e49a9925) Importer(2089858483,192608db42251d675da83286b1cce702) (ScriptedImporter) -> (artifact id: '9c9bfbf2305036d7f034393dde318647') in 0.0046412 seconds
Number of updated asset objects reloaded before import = 0Number of asset objects unloaded after import = 1

========================================================================
Received Import Request.
  Time since last request: 0.000091 seconds.
  path: Assets/Resources/Sound/Characters/Birds/AquaBird 1/character_aqua_cheer_01.ogg
  artifactKey: Guid(b4f829c7732429b49941b24bcb0b3e41) Importer(2089858483,192608db42251d675da83286b1cce702)
Start importing Assets/Resources/Sound/Characters/Birds/AquaBird 1/character_aqua_cheer_01.ogg using Guid(b4f829c7732429b49941b24bcb0b3e41) Importer(2089858483,192608db42251d675da83286b1cce702) (ScriptedImporter) -> (artifact id: '7426ea6a4805c9335cad5bfb362671fc') in 0.0442037 seconds
Number of updated asset objects reloaded before import = 0Number of asset objects unloaded after import = 1

========================================================================
Received Import Request.
  Time since last request: 0.000052 seconds.
  path: Assets/Resources/Sound/Characters/Birds/AquaBird 1/character_red_support_02.ogg
  artifactKey: Guid(ef41a9ed46a644f46a0f3407257b09dc) Importer(2089858483,192608db42251d675da83286b1cce702)
Start importing Assets/Resources/Sound/Characters/Birds/AquaBird 1/character_red_support_02.ogg using Guid(ef41a9ed46a644f46a0f3407257b09dc) Importer(2089858483,192608db42251d675da83286b1cce702) (ScriptedImporter) -> (artifact id: '6243a0589bdfa88bb3654b18238c7061') in 0.0202043 seconds
Number of updated asset objects reloaded before import = 0Number of asset objects unloaded after import = 1

========================================================================
Received Import Request.
  Time since last request: 0.000022 seconds.
  path: Assets/Resources/Sound/Characters/Birds/AquaBird 1/character_aqua_attack_01.ogg
  artifactKey: Guid(51db9f0e1a9a4da41a298a7ef7de7956) Importer(2089858483,192608db42251d675da83286b1cce702)
Start importing Assets/Resources/Sound/Characters/Birds/AquaBird 1/character_aqua_attack_01.ogg using Guid(51db9f0e1a9a4da41a298a7ef7de7956) Importer(2089858483,192608db42251d675da83286b1cce702) (ScriptedImporter) -> (artifact id: '0c9043c16be6a72dd708f02f61430a97') in 0.0307162 seconds
Number of updated asset objects reloaded before import = 0Number of asset objects unloaded after import = 1

========================================================================
Received Import Request.
  Time since last request: 0.000040 seconds.
  path: Assets/Resources/Sound/Characters/Birds/AquaBird 1/character_aqua_hit_01.ogg
  artifactKey: Guid(625f792a62f0c364783c10be198bc3b7) Importer(2089858483,192608db42251d675da83286b1cce702)
Start importing Assets/Resources/Sound/Characters/Birds/AquaBird 1/character_aqua_hit_01.ogg using Guid(625f792a62f0c364783c10be198bc3b7) Importer(2089858483,192608db42251d675da83286b1cce702) (ScriptedImporter) -> (artifact id: 'c5b9864e8d8235b35efa1f16db4afb0d') in 0.028815 seconds
Number of updated asset objects reloaded before import = 0Number of asset objects unloaded after import = 1

========================================================================
Received Import Request.
  Time since last request: 0.000064 seconds.
  path: Assets/Resources/Sound/Characters/Birds/AquaBird 1/character_aqua_rage_01.ogg
  artifactKey: Guid(51ebd901d6bd6334595997ab3b2c6ba3) Importer(2089858483,192608db42251d675da83286b1cce702)
Start importing Assets/Resources/Sound/Characters/Birds/AquaBird 1/character_aqua_rage_01.ogg using Guid(51ebd901d6bd6334595997ab3b2c6ba3) Importer(2089858483,192608db42251d675da83286b1cce702) (ScriptedImporter) -> (artifact id: 'bad985ca5859cb6b3650783024a6cd05') in 0.0254708 seconds
Number of updated asset objects reloaded before import = 0Number of asset objects unloaded after import = 1

========================================================================
Received Import Request.
  Time since last request: 0.000104 seconds.
  path: Assets/Resources/Sound/Characters/Birds/AquaBird 1/character_red_support_03.ogg
  artifactKey: Guid(3f67405bba710844cb5568e2dcdfc598) Importer(2089858483,192608db42251d675da83286b1cce702)
Start importing Assets/Resources/Sound/Characters/Birds/AquaBird 1/character_red_support_03.ogg using Guid(3f67405bba710844cb5568e2dcdfc598) Importer(2089858483,192608db42251d675da83286b1cce702) (ScriptedImporter) -> (artifact id: '74603f892a72649327834678c480642e') in 0.0238428 seconds
Number of updated asset objects reloaded before import = 0Number of asset objects unloaded after import = 1

========================================================================
Received Import Request.
  Time since last request: 0.000061 seconds.
  path: Assets/Resources/Sound/Characters/Birds/AquaBird 1/character_red_attack_01.ogg
  artifactKey: Guid(11ab0de274f874f40b88ec758e4b628b) Importer(2089858483,192608db42251d675da83286b1cce702)
Start importing Assets/Resources/Sound/Characters/Birds/AquaBird 1/character_red_attack_01.ogg using Guid(11ab0de274f874f40b88ec758e4b628b) Importer(2089858483,192608db42251d675da83286b1cce702) (ScriptedImporter) -> (artifact id: '1d86889ab377924b5cea23c1d1c32e60') in 0.0205543 seconds
Number of updated asset objects reloaded before import = 0Number of asset objects unloaded after import = 1

========================================================================
Received Import Request.
  Time since last request: 0.000049 seconds.
  path: Assets/Resources/Sound/Characters/Birds/AquaBird 1/character_red_attack_03.ogg
  artifactKey: Guid(f65e50a1ba756754787ab8a51b769794) Importer(2089858483,192608db42251d675da83286b1cce702)
Start importing Assets/Resources/Sound/Characters/Birds/AquaBird 1/character_red_attack_03.ogg using Guid(f65e50a1ba756754787ab8a51b769794) Importer(2089858483,192608db42251d675da83286b1cce702) (ScriptedImporter) -> (artifact id: '18c62bba04950bbaebcd69521b58affe') in 0.0239003 seconds
Number of updated asset objects reloaded before import = 0Number of asset objects unloaded after import = 1

========================================================================
Received Import Request.
  Time since last request: 0.000019 seconds.
  path: Assets/Resources/Sound/Characters/Birds/AquaBird 1/character_aqua_surprised_01.ogg
  artifactKey: Guid(e714aeb4d19742a4c9ffa78dd28f134e) Importer(2089858483,192608db42251d675da83286b1cce702)
Start importing Assets/Resources/Sound/Characters/Birds/AquaBird 1/character_aqua_surprised_01.ogg using Guid(e714aeb4d19742a4c9ffa78dd28f134e) Importer(2089858483,192608db42251d675da83286b1cce702) (ScriptedImporter) -> (artifact id: '43c6e00be183601e103189b6ccf717b0') in 0.0274961 seconds
Number of updated asset objects reloaded before import = 0Number of asset objects unloaded after import = 1

========================================================================
Received Import Request.
  Time since last request: 0.000063 seconds.
  path: Assets/Resources/Sound/Characters/Birds/AquaBird 1/character_aqua_support_01.ogg
  artifactKey: Guid(30dfc77777115f3418f12c6542d0259e) Importer(2089858483,192608db42251d675da83286b1cce702)
Start importing Assets/Resources/Sound/Characters/Birds/AquaBird 1/character_aqua_support_01.ogg using Guid(30dfc77777115f3418f12c6542d0259e) Importer(2089858483,192608db42251d675da83286b1cce702) (ScriptedImporter) -> (artifact id: 'e1ee433baaddceb833eb2c912956bf76') in 0.0243588 seconds
Number of updated asset objects reloaded before import = 0Number of asset objects unloaded after import = 1

========================================================================
Received Import Request.
  Time since last request: 0.000083 seconds.
  path: Assets/Resources/Sound/Characters/Birds/AquaBird 1/character_red_support_01.ogg
  artifactKey: Guid(d83dd8767384cff4db845158e2726149) Importer(2089858483,192608db42251d675da83286b1cce702)
Start importing Assets/Resources/Sound/Characters/Birds/AquaBird 1/character_red_support_01.ogg using Guid(d83dd8767384cff4db845158e2726149) Importer(2089858483,192608db42251d675da83286b1cce702) (ScriptedImporter) -> (artifact id: 'efbffa5d01efc05a82db5d6ee62e4d01') in 0.0204462 seconds
Number of updated asset objects reloaded before import = 0Number of asset objects unloaded after import = 1

========================================================================
Received Import Request.
  Time since last request: 0.000021 seconds.
  path: Assets/Resources/Sound/Characters/Birds/AquaBird 1/character_aqua_hit_02.ogg
  artifactKey: Guid(bcba5c7799d09094ba4df96aa9445f7c) Importer(2089858483,192608db42251d675da83286b1cce702)
Start importing Assets/Resources/Sound/Characters/Birds/AquaBird 1/character_aqua_hit_02.ogg using Guid(bcba5c7799d09094ba4df96aa9445f7c) Importer(2089858483,192608db42251d675da83286b1cce702) (ScriptedImporter) -> (artifact id: '6502763ae28a126ec78836210ea79e86') in 0.0316078 seconds
Number of updated asset objects reloaded before import = 0Number of asset objects unloaded after import = 1

========================================================================
Received Import Request.
  Time since last request: 0.000048 seconds.
  path: Assets/Resources/Sound/Characters/Birds/AquaBird 1/character_aqua_defeated_01.ogg
  artifactKey: Guid(4eabb1f0296a8af4dbcee4a0e398e038) Importer(2089858483,192608db42251d675da83286b1cce702)
Start importing Assets/Resources/Sound/Characters/Birds/AquaBird 1/character_aqua_defeated_01.ogg using Guid(4eabb1f0296a8af4dbcee4a0e398e038) Importer(2089858483,192608db42251d675da83286b1cce702) (ScriptedImporter) -> (artifact id: 'f745923c2dd4312665e7674de3c089af') in 0.0345515 seconds
Number of updated asset objects reloaded before import = 0Number of asset objects unloaded after import = 1

========================================================================
Received Import Request.
  Time since last request: 0.000078 seconds.
  path: Assets/Resources/Sound/Characters/Birds/AquaBird 1/character_aqua_rageattack_01.ogg
  artifactKey: Guid(33464d4bf72c2ac44bef6a6e4ff5d7f9) Importer(2089858483,192608db42251d675da83286b1cce702)
Start importing Assets/Resources/Sound/Characters/Birds/AquaBird 1/character_aqua_rageattack_01.ogg using Guid(33464d4bf72c2ac44bef6a6e4ff5d7f9) Importer(2089858483,192608db42251d675da83286b1cce702) (ScriptedImporter) -> (artifact id: '30d991cf4005bd8f94e352df33e55689') in 0.0362385 seconds
Number of updated asset objects reloaded before import = 0Number of asset objects unloaded after import = 1

========================================================================
Received Import Request.
  Time since last request: 0.000092 seconds.
  path: Assets/Resources/Sound/Characters/Birds/AquaBird 1/character_aqua_mourn_01.ogg
  artifactKey: Guid(80884132d6e79d74390e090894c81250) Importer(2089858483,192608db42251d675da83286b1cce702)
Start importing Assets/Resources/Sound/Characters/Birds/AquaBird 1/character_aqua_mourn_01.ogg using Guid(80884132d6e79d74390e090894c81250) Importer(2089858483,192608db42251d675da83286b1cce702) (ScriptedImporter) -> (artifact id: '72d73fc7e170f8f5e0413ced3f2e87cd') in 0.0346014 seconds
Number of updated asset objects reloaded before import = 0Number of asset objects unloaded after import = 1

========================================================================
Received Import Request.
  Time since last request: 0.000106 seconds.
  path: Assets/Resources/Sound/Characters/Birds/AquaBird 1/character_aqua_hit_03.ogg
  artifactKey: Guid(a0cbe21386459de49a23692b39402c12) Importer(2089858483,192608db42251d675da83286b1cce702)
Start importing Assets/Resources/Sound/Characters/Birds/AquaBird 1/character_aqua_hit_03.ogg using Guid(a0cbe21386459de49a23692b39402c12) Importer(2089858483,192608db42251d675da83286b1cce702) (ScriptedImporter) -> (artifact id: '63ae719f7badec030a2194c91e9593b3') in 0.02643 seconds
Number of updated asset objects reloaded before import = 0Number of asset objects unloaded after import = 1

========================================================================
Received Import Request.
  Time since last request: 0.000073 seconds.
  path: Assets/Resources/Sound/Characters/Birds/AquaBird 1/character_red_attack_02.ogg
  artifactKey: Guid(d4d5fc200f359bd47a29755025d92dac) Importer(2089858483,192608db42251d675da83286b1cce702)
Start importing Assets/Resources/Sound/Characters/Birds/AquaBird 1/character_red_attack_02.ogg using Guid(d4d5fc200f359bd47a29755025d92dac) Importer(2089858483,192608db42251d675da83286b1cce702) (ScriptedImporter) -> (artifact id: '4bd3230e120b904cb078ade56f2a5591') in 0.0174037 seconds
Number of updated asset objects reloaded before import = 0Number of asset objects unloaded after import = 1

========================================================================
Received Import Request.
  Time since last request: 11.103499 seconds.
  path: Assets/Resources/Sound/Characters/Birds/PurpleBird
  artifactKey: Guid(935dd9ea37986e24d92e8382e49a9925) Importer(815301076,1909f56bfc062723c751e8b465ee728b)
Start importing Assets/Resources/Sound/Characters/Birds/PurpleBird using Guid(935dd9ea37986e24d92e8382e49a9925) Importer(815301076,1909f56bfc062723c751e8b465ee728b) (PreviewImporter) -> (artifact id: '7411d981feb6ec015b86f1191eeb031a') in 0.001054 seconds
Number of updated asset objects reloaded before import = 0Number of asset objects unloaded after import = 0

========================================================================
Received Import Request.
  Time since last request: 0.901751 seconds.
  path: Assets/Resources/Sound/Characters/Birds/PurpleBird
  artifactKey: Guid(935dd9ea37986e24d92e8382e49a9925) Importer(2089858483,192608db42251d675da83286b1cce702)
Start importing Assets/Resources/Sound/Characters/Birds/PurpleBird using Guid(935dd9ea37986e24d92e8382e49a9925) Importer(2089858483,192608db42251d675da83286b1cce702) (ScriptedImporter) -> (artifact id: 'fe70d129c16038f57dac9e8da31dd523') in 0.004263 seconds
Number of updated asset objects reloaded before import = 0Number of asset objects unloaded after import = 1

========================================================================
Received Import Request.
  Time since last request: 0.000090 seconds.
  path: Assets/Resources/Sound/Characters/Birds/PurpleBird/character_aqua_cheer_01.ogg
  artifactKey: Guid(b4f829c7732429b49941b24bcb0b3e41) Importer(2089858483,192608db42251d675da83286b1cce702)
Start importing Assets/Resources/Sound/Characters/Birds/PurpleBird/character_aqua_cheer_01.ogg using Guid(b4f829c7732429b49941b24bcb0b3e41) Importer(2089858483,192608db42251d675da83286b1cce702) (ScriptedImporter) -> (artifact id: '6129be435e50fe6720e7c01be92c1457') in 0.0236564 seconds
Number of updated asset objects reloaded before import = 0Number of asset objects unloaded after import = 1

========================================================================
Received Import Request.
  Time since last request: 0.000033 seconds.
  path: Assets/Resources/Sound/Characters/Birds/PurpleBird/character_red_support_02.ogg
  artifactKey: Guid(ef41a9ed46a644f46a0f3407257b09dc) Importer(2089858483,192608db42251d675da83286b1cce702)
Start importing Assets/Resources/Sound/Characters/Birds/PurpleBird/character_red_support_02.ogg using Guid(ef41a9ed46a644f46a0f3407257b09dc) Importer(2089858483,192608db42251d675da83286b1cce702) (ScriptedImporter) -> (artifact id: '999890a8f97ed4b8a51432b839939b1a') in 0.0150963 seconds
Number of updated asset objects reloaded before import = 0Number of asset objects unloaded after import = 1

========================================================================
Received Import Request.
  Time since last request: 0.000055 seconds.
  path: Assets/Resources/Sound/Characters/Birds/PurpleBird/character_aqua_attack_01.ogg
  artifactKey: Guid(51db9f0e1a9a4da41a298a7ef7de7956) Importer(2089858483,192608db42251d675da83286b1cce702)
Start importing Assets/Resources/Sound/Characters/Birds/PurpleBird/character_aqua_attack_01.ogg using Guid(51db9f0e1a9a4da41a298a7ef7de7956) Importer(2089858483,192608db42251d675da83286b1cce702) (ScriptedImporter) -> (artifact id: '29fc220308c2a3b351ebc9c05f8895eb') in 0.0217069 seconds
Number of updated asset objects reloaded before import = 0Number of asset objects unloaded after import = 1

========================================================================
Received Import Request.
  Time since last request: 0.000084 seconds.
  path: Assets/Resources/Sound/Characters/Birds/PurpleBird/character_aqua_hit_01.ogg
  artifactKey: Guid(625f792a62f0c364783c10be198bc3b7) Importer(2089858483,192608db42251d675da83286b1cce702)
Start importing Assets/Resources/Sound/Characters/Birds/PurpleBird/character_aqua_hit_01.ogg using Guid(625f792a62f0c364783c10be198bc3b7) Importer(2089858483,192608db42251d675da83286b1cce702) (ScriptedImporter) -> (artifact id: 'd2a4faa431ad5579cede273caac7dcb0') in 0.0249735 seconds
Number of updated asset objects reloaded before import = 0Number of asset objects unloaded after import = 1

========================================================================
Received Import Request.
  Time since last request: 0.000061 seconds.
  path: Assets/Resources/Sound/Characters/Birds/PurpleBird/character_aqua_rage_01.ogg
  artifactKey: Guid(51ebd901d6bd6334595997ab3b2c6ba3) Importer(2089858483,192608db42251d675da83286b1cce702)
Start importing Assets/Resources/Sound/Characters/Birds/PurpleBird/character_aqua_rage_01.ogg using Guid(51ebd901d6bd6334595997ab3b2c6ba3) Importer(2089858483,192608db42251d675da83286b1cce702) (ScriptedImporter) -> (artifact id: 'c698ea67a1574db53df27829674a62f0') in 0.0221614 seconds
Number of updated asset objects reloaded before import = 0Number of asset objects unloaded after import = 1

========================================================================
Received Import Request.
  Time since last request: 0.000108 seconds.
  path: Assets/Resources/Sound/Characters/Birds/PurpleBird/character_red_support_03.ogg
  artifactKey: Guid(3f67405bba710844cb5568e2dcdfc598) Importer(2089858483,192608db42251d675da83286b1cce702)
Start importing Assets/Resources/Sound/Characters/Birds/PurpleBird/character_red_support_03.ogg using Guid(3f67405bba710844cb5568e2dcdfc598) Importer(2089858483,192608db42251d675da83286b1cce702) (ScriptedImporter) -> (artifact id: '636eab2f80bec1e961430663c44acff9') in 0.0141824 seconds
Number of updated asset objects reloaded before import = 0Number of asset objects unloaded after import = 1

========================================================================
Received Import Request.
  Time since last request: 0.000065 seconds.
  path: Assets/Resources/Sound/Characters/Birds/PurpleBird/character_red_attack_01.ogg
  artifactKey: Guid(11ab0de274f874f40b88ec758e4b628b) Importer(2089858483,192608db42251d675da83286b1cce702)
Start importing Assets/Resources/Sound/Characters/Birds/PurpleBird/character_red_attack_01.ogg using Guid(11ab0de274f874f40b88ec758e4b628b) Importer(2089858483,192608db42251d675da83286b1cce702) (ScriptedImporter) -> (artifact id: '765779d749cb83053ce4f8960845f103') in 0.0159506 seconds
Number of updated asset objects reloaded before import = 0Number of asset objects unloaded after import = 1

========================================================================
Received Import Request.
  Time since last request: 0.000060 seconds.
  path: Assets/Resources/Sound/Characters/Birds/PurpleBird/character_red_attack_03.ogg
  artifactKey: Guid(f65e50a1ba756754787ab8a51b769794) Importer(2089858483,192608db42251d675da83286b1cce702)
Start importing Assets/Resources/Sound/Characters/Birds/PurpleBird/character_red_attack_03.ogg using Guid(f65e50a1ba756754787ab8a51b769794) Importer(2089858483,192608db42251d675da83286b1cce702) (ScriptedImporter) -> (artifact id: 'f492da6e4bbc81f17c28122c0250c2a2') in 0.013712 seconds
Number of updated asset objects reloaded before import = 0Number of asset objects unloaded after import = 1

========================================================================
Received Import Request.
  Time since last request: 0.000060 seconds.
  path: Assets/Resources/Sound/Characters/Birds/PurpleBird/character_aqua_surprised_01.ogg
  artifactKey: Guid(e714aeb4d19742a4c9ffa78dd28f134e) Importer(2089858483,192608db42251d675da83286b1cce702)
Start importing Assets/Resources/Sound/Characters/Birds/PurpleBird/character_aqua_surprised_01.ogg using Guid(e714aeb4d19742a4c9ffa78dd28f134e) Importer(2089858483,192608db42251d675da83286b1cce702) (ScriptedImporter) -> (artifact id: '7b39a409fd0be174e427753dc585e54a') in 0.0227082 seconds
Number of updated asset objects reloaded before import = 0Number of asset objects unloaded after import = 1

========================================================================
Received Import Request.
  Time since last request: 0.000088 seconds.
  path: Assets/Resources/Sound/Characters/Birds/PurpleBird/character_aqua_support_01.ogg
  artifactKey: Guid(30dfc77777115f3418f12c6542d0259e) Importer(2089858483,192608db42251d675da83286b1cce702)
Start importing Assets/Resources/Sound/Characters/Birds/PurpleBird/character_aqua_support_01.ogg using Guid(30dfc77777115f3418f12c6542d0259e) Importer(2089858483,192608db42251d675da83286b1cce702) (ScriptedImporter) -> (artifact id: 'dcaf94ab4bb7cca37b58dc18d75738f2') in 0.0233072 seconds
Number of updated asset objects reloaded before import = 0Number of asset objects unloaded after import = 1

========================================================================
Received Import Request.
  Time since last request: 0.000084 seconds.
  path: Assets/Resources/Sound/Characters/Birds/PurpleBird/character_red_support_01.ogg
  artifactKey: Guid(d83dd8767384cff4db845158e2726149) Importer(2089858483,192608db42251d675da83286b1cce702)
Start importing Assets/Resources/Sound/Characters/Birds/PurpleBird/character_red_support_01.ogg using Guid(d83dd8767384cff4db845158e2726149) Importer(2089858483,192608db42251d675da83286b1cce702) (ScriptedImporter) -> (artifact id: '61a2f7df9329a33362e3cb2f07adf78e') in 0.0137888 seconds
Number of updated asset objects reloaded before import = 0Number of asset objects unloaded after import = 1

========================================================================
Received Import Request.
  Time since last request: 0.000069 seconds.
  path: Assets/Resources/Sound/Characters/Birds/PurpleBird/character_aqua_hit_02.ogg
  artifactKey: Guid(bcba5c7799d09094ba4df96aa9445f7c) Importer(2089858483,192608db42251d675da83286b1cce702)
Start importing Assets/Resources/Sound/Characters/Birds/PurpleBird/character_aqua_hit_02.ogg using Guid(bcba5c7799d09094ba4df96aa9445f7c) Importer(2089858483,192608db42251d675da83286b1cce702) (ScriptedImporter) -> (artifact id: 'eeb5a00828ce30dd7f34f01ce06ce1ed') in 0.0243382 seconds
Number of updated asset objects reloaded before import = 0Number of asset objects unloaded after import = 1

========================================================================
Received Import Request.
  Time since last request: 0.000077 seconds.
  path: Assets/Resources/Sound/Characters/Birds/PurpleBird/character_aqua_defeated_01.ogg
  artifactKey: Guid(4eabb1f0296a8af4dbcee4a0e398e038) Importer(2089858483,192608db42251d675da83286b1cce702)
Start importing Assets/Resources/Sound/Characters/Birds/PurpleBird/character_aqua_defeated_01.ogg using Guid(4eabb1f0296a8af4dbcee4a0e398e038) Importer(2089858483,192608db42251d675da83286b1cce702) (ScriptedImporter) -> (artifact id: '63922a3051e52342490ac2cd62ff6ef0') in 0.0228796 seconds
Number of updated asset objects reloaded before import = 0Number of asset objects unloaded after import = 1

========================================================================
Received Import Request.
  Time since last request: 0.000075 seconds.
  path: Assets/Resources/Sound/Characters/Birds/PurpleBird/character_aqua_rageattack_01.ogg
  artifactKey: Guid(33464d4bf72c2ac44bef6a6e4ff5d7f9) Importer(2089858483,192608db42251d675da83286b1cce702)
Start importing Assets/Resources/Sound/Characters/Birds/PurpleBird/character_aqua_rageattack_01.ogg using Guid(33464d4bf72c2ac44bef6a6e4ff5d7f9) Importer(2089858483,192608db42251d675da83286b1cce702) (ScriptedImporter) -> (artifact id: '6377a91a79791bd3ba96900df65415c0') in 0.0229568 seconds
Number of updated asset objects reloaded before import = 0Number of asset objects unloaded after import = 1

========================================================================
Received Import Request.
  Time since last request: 0.000080 seconds.
  path: Assets/Resources/Sound/Characters/Birds/PurpleBird/character_aqua_mourn_01.ogg
  artifactKey: Guid(80884132d6e79d74390e090894c81250) Importer(2089858483,192608db42251d675da83286b1cce702)
Start importing Assets/Resources/Sound/Characters/Birds/PurpleBird/character_aqua_mourn_01.ogg using Guid(80884132d6e79d74390e090894c81250) Importer(2089858483,192608db42251d675da83286b1cce702) (ScriptedImporter) -> (artifact id: '889d0955696929bda7942581016c6c92') in 0.0223676 seconds
Number of updated asset objects reloaded before import = 0Number of asset objects unloaded after import = 1

========================================================================
Received Import Request.
  Time since last request: 0.000061 seconds.
  path: Assets/Resources/Sound/Characters/Birds/PurpleBird/character_aqua_hit_03.ogg
  artifactKey: Guid(a0cbe21386459de49a23692b39402c12) Importer(2089858483,192608db42251d675da83286b1cce702)
Start importing Assets/Resources/Sound/Characters/Birds/PurpleBird/character_aqua_hit_03.ogg using Guid(a0cbe21386459de49a23692b39402c12) Importer(2089858483,192608db42251d675da83286b1cce702) (ScriptedImporter) -> (artifact id: '2d125a437ed51c09995db8c3fc49ae23') in 0.0235816 seconds
Number of updated asset objects reloaded before import = 0Number of asset objects unloaded after import = 1

========================================================================
Received Import Request.
  Time since last request: 0.000050 seconds.
  path: Assets/Resources/Sound/Characters/Birds/PurpleBird/character_red_attack_02.ogg
  artifactKey: Guid(d4d5fc200f359bd47a29755025d92dac) Importer(2089858483,192608db42251d675da83286b1cce702)
Start importing Assets/Resources/Sound/Characters/Birds/PurpleBird/character_red_attack_02.ogg using Guid(d4d5fc200f359bd47a29755025d92dac) Importer(2089858483,192608db42251d675da83286b1cce702) (ScriptedImporter) -> (artifact id: '5ae3ebe4f05332404ebbcb580bd77963') in 0.0156148 seconds
Number of updated asset objects reloaded before import = 0Number of asset objects unloaded after import = 1

========================================================================
Received Import Request.
  Time since last request: 11.810010 seconds.
  path: Assets/Resources/Content/4_Characters/1_Birds/8_PurpleBird
  artifactKey: Guid(5e6b63df5d5119a4fb7ab35e5f205a5b) Importer(815301076,1909f56bfc062723c751e8b465ee728b)
Start importing Assets/Resources/Content/4_Characters/1_Birds/8_PurpleBird using Guid(5e6b63df5d5119a4fb7ab35e5f205a5b) Importer(815301076,1909f56bfc062723c751e8b465ee728b) (PreviewImporter) -> (artifact id: '87d0a15f002aa8e48d8ccd87b1f12460') in 0.0011626 seconds
Number of updated asset objects reloaded before import = 0Number of asset objects unloaded after import = 0

========================================================================
Received Import Request.
  Time since last request: 0.906141 seconds.
  path: Assets/Resources/Content/4_Characters/1_Birds/8_PurpleBird
  artifactKey: Guid(5e6b63df5d5119a4fb7ab35e5f205a5b) Importer(2089858483,192608db42251d675da83286b1cce702)
Start importing Assets/Resources/Content/4_Characters/1_Birds/8_PurpleBird using Guid(5e6b63df5d5119a4fb7ab35e5f205a5b) Importer(2089858483,192608db42251d675da83286b1cce702) (ScriptedImporter) -> (artifact id: '7673c62c28ee19e14d6925090577b2da') in 0.0041321 seconds
Number of updated asset objects reloaded before import = 0Number of asset objects unloaded after import = 1

========================================================================
Received Import Request.
  Time since last request: 0.000119 seconds.
  path: Assets/Resources/Content/4_Characters/1_Birds/8_PurpleBird/AquaBird_Atlas_02.png
  artifactKey: Guid(987a6f188dea3fe4bb98af2932a995dd) Importer(2089858483,192608db42251d675da83286b1cce702)
Start importing Assets/Resources/Content/4_Characters/1_Birds/8_PurpleBird/AquaBird_Atlas_02.png using Guid(987a6f188dea3fe4bb98af2932a995dd) Importer(2089858483,192608db42251d675da83286b1cce702) (ScriptedImporter) -> (artifact id: '7c5a3b418d6fc4882843ef8c03ab93ed') in 0.0096903 seconds
Number of updated asset objects reloaded before import = 0Number of asset objects unloaded after import = 1

========================================================================
Received Import Request.
  Time since last request: 0.000049 seconds.
  path: Assets/Resources/Content/4_Characters/1_Birds/8_PurpleBird/AquaBird_Atlas_02.asset
  artifactKey: Guid(0d543874cb467cb44b7e2b951487ff8c) Importer(2089858483,192608db42251d675da83286b1cce702)
Start importing Assets/Resources/Content/4_Characters/1_Birds/8_PurpleBird/AquaBird_Atlas_02.asset using Guid(0d543874cb467cb44b7e2b951487ff8c) Importer(2089858483,192608db42251d675da83286b1cce702) (ScriptedImporter) -> (artifact id: 'e55214a7832f52a792f2cc2ebee6bc19') in 0.0070537 seconds
Number of updated asset objects reloaded before import = 0Number of asset objects unloaded after import = 2

========================================================================
Received Import Request.
  Time since last request: 0.000060 seconds.
  path: Assets/Resources/Content/4_Characters/1_Birds/8_PurpleBird/AquaBird_Atlas_02.mat
  artifactKey: Guid(b45a59ef1265e4d4d96c917210a1f2ef) Importer(2089858483,192608db42251d675da83286b1cce702)
Start importing Assets/Resources/Content/4_Characters/1_Birds/8_PurpleBird/AquaBird_Atlas_02.mat using Guid(b45a59ef1265e4d4d96c917210a1f2ef) Importer(2089858483,192608db42251d675da83286b1cce702) (ScriptedImporter) -> (artifact id: '3464844ddb3fc87827c20e1bf5f44dca') in 0.0113657 seconds
Number of updated asset objects reloaded before import = 0Number of asset objects unloaded after import = 2

========================================================================
Received Import Request.
  Time since last request: 25.106321 seconds.
  path: Assets/Resources/Content/4_Characters/1_Birds/7_PurpleBird
  artifactKey: Guid(5e6b63df5d5119a4fb7ab35e5f205a5b) Importer(815301076,1909f56bfc062723c751e8b465ee728b)
Start importing Assets/Resources/Content/4_Characters/1_Birds/7_PurpleBird using Guid(5e6b63df5d5119a4fb7ab35e5f205a5b) Importer(815301076,1909f56bfc062723c751e8b465ee728b) (PreviewImporter) -> (artifact id: '331a22068c25aee1073af57289abe500') in 0.0012736 seconds
Number of updated asset objects reloaded before import = 0Number of asset objects unloaded after import = 0

========================================================================
Received Import Request.
  Time since last request: 0.947143 seconds.
  path: Assets/Resources/Content/4_Characters/1_Birds/7_PurpleBird
  artifactKey: Guid(5e6b63df5d5119a4fb7ab35e5f205a5b) Importer(2089858483,192608db42251d675da83286b1cce702)
Start importing Assets/Resources/Content/4_Characters/1_Birds/7_PurpleBird using Guid(5e6b63df5d5119a4fb7ab35e5f205a5b) Importer(2089858483,192608db42251d675da83286b1cce702) (ScriptedImporter) -> (artifact id: '5b5c3fbeab8292c029766e511933f270') in 0.004109 seconds
Number of updated asset objects reloaded before import = 0Number of asset objects unloaded after import = 1

========================================================================
Received Import Request.
  Time since last request: 0.000083 seconds.
  path: Assets/Resources/Content/4_Characters/1_Birds/7_PurpleBird/AquaBird_Atlas_02.png
  artifactKey: Guid(987a6f188dea3fe4bb98af2932a995dd) Importer(2089858483,192608db42251d675da83286b1cce702)
Start importing Assets/Resources/Content/4_Characters/1_Birds/7_PurpleBird/AquaBird_Atlas_02.png using Guid(987a6f188dea3fe4bb98af2932a995dd) Importer(2089858483,192608db42251d675da83286b1cce702) (ScriptedImporter) -> (artifact id: 'a2050c415572b24096613b044f2b70f2') in 0.0096291 seconds
Number of updated asset objects reloaded before import = 0Number of asset objects unloaded after import = 1

========================================================================
Received Import Request.
  Time since last request: 0.000116 seconds.
  path: Assets/Resources/Content/4_Characters/1_Birds/7_PurpleBird/AquaBird_Atlas_02.asset
  artifactKey: Guid(0d543874cb467cb44b7e2b951487ff8c) Importer(2089858483,192608db42251d675da83286b1cce702)
Start importing Assets/Resources/Content/4_Characters/1_Birds/7_PurpleBird/AquaBird_Atlas_02.asset using Guid(0d543874cb467cb44b7e2b951487ff8c) Importer(2089858483,192608db42251d675da83286b1cce702) (ScriptedImporter) -> (artifact id: '84063fc813961711ab54cfe91f47c8b2') in 0.0073776 seconds
Number of updated asset objects reloaded before import = 0Number of asset objects unloaded after import = 2

========================================================================
Received Import Request.
  Time since last request: 0.000035 seconds.
  path: Assets/Resources/Content/4_Characters/1_Birds/7_PurpleBird/AquaBird_Atlas_02.mat
  artifactKey: Guid(b45a59ef1265e4d4d96c917210a1f2ef) Importer(2089858483,192608db42251d675da83286b1cce702)
Start importing Assets/Resources/Content/4_Characters/1_Birds/7_PurpleBird/AquaBird_Atlas_02.mat using Guid(b45a59ef1265e4d4d96c917210a1f2ef) Importer(2089858483,192608db42251d675da83286b1cce702) (ScriptedImporter) -> (artifact id: 'f6c446e4f0f276aebc6c7bcaedf4da45') in 0.007188 seconds
Number of updated asset objects reloaded before import = 0Number of asset objects unloaded after import = 2

========================================================================
Received Import Request.
  Time since last request: 13.523678 seconds.
  path: Assets/Resources/Content/4_Characters/1_Birds/7_PurpleBird/PurpleBird_Atlas_01.asset
  artifactKey: Guid(0d543874cb467cb44b7e2b951487ff8c) Importer(815301076,1909f56bfc062723c751e8b465ee728b)
Start importing Assets/Resources/Content/4_Characters/1_Birds/7_PurpleBird/PurpleBird_Atlas_01.asset using Guid(0d543874cb467cb44b7e2b951487ff8c) Importer(815301076,1909f56bfc062723c751e8b465ee728b) (PreviewImporter) -> (artifact id: '808476feeb05ac51400ee7dff52e7d7e') in 0.0023114 seconds
Number of updated asset objects reloaded before import = 0Number of asset objects unloaded after import = 2

========================================================================
Received Import Request.
  Time since last request: 0.953948 seconds.
  path: Assets/Resources/Content/4_Characters/1_Birds/7_PurpleBird/PurpleBird_Atlas_01.asset
  artifactKey: Guid(0d543874cb467cb44b7e2b951487ff8c) Importer(2089858483,192608db42251d675da83286b1cce702)
Start importing Assets/Resources/Content/4_Characters/1_Birds/7_PurpleBird/PurpleBird_Atlas_01.asset using Guid(0d543874cb467cb44b7e2b951487ff8c) Importer(2089858483,192608db42251d675da83286b1cce702) (ScriptedImporter) -> (artifact id: '9cd72097973e3b122b1f26204f3e080a') in 0.0061737 seconds
Number of updated asset objects reloaded before import = 0Number of asset objects unloaded after import = 2

========================================================================
Received Import Request.
  Time since last request: 101.079329 seconds.
  path: Assets/MonoBehaviour/AquaBird_Atlas_01 1.asset
  artifactKey: Guid(aa1f87e31bdb8fc4d803eaeda175800e) Importer(815301076,1909f56bfc062723c751e8b465ee728b)
Start importing Assets/MonoBehaviour/AquaBird_Atlas_01 1.asset using Guid(aa1f87e31bdb8fc4d803eaeda175800e) Importer(815301076,1909f56bfc062723c751e8b465ee728b) (PreviewImporter) -> (artifact id: '016695e1091baeca5aca8fc1d7a20f3c') in 0.0022337 seconds
Number of updated asset objects reloaded before import = 0Number of asset objects unloaded after import = 2

========================================================================
Received Import Request.
  Time since last request: 0.917163 seconds.
  path: Assets/MonoBehaviour/AquaBird_Atlas_01 1.asset
  artifactKey: Guid(aa1f87e31bdb8fc4d803eaeda175800e) Importer(2089858483,192608db42251d675da83286b1cce702)
Start importing Assets/MonoBehaviour/AquaBird_Atlas_01 1.asset using Guid(aa1f87e31bdb8fc4d803eaeda175800e) Importer(2089858483,192608db42251d675da83286b1cce702) (ScriptedImporter) -> (artifact id: 'fd7c2ed69f295226afe7e81f4c71eb01') in 0.0064098 seconds
Number of updated asset objects reloaded before import = 0Number of asset objects unloaded after import = 2

========================================================================
Received Import Request.
  Time since last request: 9.336973 seconds.
  path: Assets/MonoBehaviour/PurpleBird_Atlas_01.asset
  artifactKey: Guid(aa1f87e31bdb8fc4d803eaeda175800e) Importer(815301076,1909f56bfc062723c751e8b465ee728b)
Start importing Assets/MonoBehaviour/PurpleBird_Atlas_01.asset using Guid(aa1f87e31bdb8fc4d803eaeda175800e) Importer(815301076,1909f56bfc062723c751e8b465ee728b) (PreviewImporter) -> (artifact id: '26c9e217916ca3c5df7f53ec82f56455') in 0.0023213 seconds
Number of updated asset objects reloaded before import = 0Number of asset objects unloaded after import = 2

========================================================================
Received Import Request.
  Time since last request: 0.913724 seconds.
  path: Assets/MonoBehaviour/PurpleBird_Atlas_01.asset
  artifactKey: Guid(aa1f87e31bdb8fc4d803eaeda175800e) Importer(2089858483,192608db42251d675da83286b1cce702)
Start importing Assets/MonoBehaviour/PurpleBird_Atlas_01.asset using Guid(aa1f87e31bdb8fc4d803eaeda175800e) Importer(2089858483,192608db42251d675da83286b1cce702) (ScriptedImporter) -> (artifact id: '9454ca2021d53ce94ec07677468e6031') in 0.0068706 seconds
Number of updated asset objects reloaded before import = 0Number of asset objects unloaded after import = 2

========================================================================
Received Import Request.
  Time since last request: 226.530674 seconds.
  path: Assets/MonoBehaviour/PurpleBird_Atlas_01.png
  artifactKey: Guid(a521582ffb168964f92b2c050f3fa66c) Importer(2089858483,192608db42251d675da83286b1cce702)
Start importing Assets/MonoBehaviour/PurpleBird_Atlas_01.png using Guid(a521582ffb168964f92b2c050f3fa66c) Importer(2089858483,192608db42251d675da83286b1cce702) (ScriptedImporter) -> (artifact id: '958f6ea5ee5cf54f36d2f1fac42bca96') in 0.0142052 seconds
Number of updated asset objects reloaded before import = 0Number of asset objects unloaded after import = 1

========================================================================
Received Import Request.
  Time since last request: 0.000124 seconds.
  path: Assets/MonoBehaviour/PurpleBird_Atlas_01.asset
  artifactKey: Guid(aa1f87e31bdb8fc4d803eaeda175800e) Importer(2089858483,192608db42251d675da83286b1cce702)
Start importing Assets/MonoBehaviour/PurpleBird_Atlas_01.asset using Guid(aa1f87e31bdb8fc4d803eaeda175800e) Importer(2089858483,192608db42251d675da83286b1cce702) (ScriptedImporter) -> (artifact id: 'b3a0c6ab982af25f1873abf72934ce3d') in 0.0083468 seconds
Number of updated asset objects reloaded before import = 0Number of asset objects unloaded after import = 2

========================================================================
Received Import Request.
  Time since last request: 0.000094 seconds.
  path: Assets/content/4_Characters/1_Birds/9_PurpleBird/BodyParts/gale20.png
  artifactKey: Guid(4f2242796eff3954eaf7937b77739a1b) Importer(815301076,1909f56bfc062723c751e8b465ee728b)
Start importing Assets/content/4_Characters/1_Birds/9_PurpleBird/BodyParts/gale20.png using Guid(4f2242796eff3954eaf7937b77739a1b) Importer(815301076,1909f56bfc062723c751e8b465ee728b) (PreviewImporter) -> (artifact id: 'f074a2a3622bba01e0551b62b0aa4c57') in 0.0071605 seconds
Number of updated asset objects reloaded before import = 0Number of asset objects unloaded after import = 2

========================================================================
Received Import Request.
  Time since last request: 0.000018 seconds.
  path: Assets/content/4_Characters/1_Birds/9_PurpleBird/BodyParts/gale28.png
  artifactKey: Guid(364babd43e4e0f04394a14179f465d7a) Importer(815301076,1909f56bfc062723c751e8b465ee728b)
Start importing Assets/content/4_Characters/1_Birds/9_PurpleBird/BodyParts/gale28.png using Guid(364babd43e4e0f04394a14179f465d7a) Importer(815301076,1909f56bfc062723c751e8b465ee728b) (PreviewImporter) -> (artifact id: 'e08de8622e197741320a34fdeaaed9b0') in 0.0189464 seconds
Number of updated asset objects reloaded before import = 0Number of asset objects unloaded after import = 2

========================================================================
Received Import Request.
  Time since last request: 0.000019 seconds.
  path: Assets/content/4_Characters/1_Birds/9_PurpleBird/BodyParts/gale27.png
  artifactKey: Guid(88022e3ba80dbb34bb4c518ce51c7810) Importer(815301076,1909f56bfc062723c751e8b465ee728b)
Start importing Assets/content/4_Characters/1_Birds/9_PurpleBird/BodyParts/gale27.png using Guid(88022e3ba80dbb34bb4c518ce51c7810) Importer(815301076,1909f56bfc062723c751e8b465ee728b) (PreviewImporter) -> (artifact id: '6431f16b05f5cb545b13086cb6e00dad') in 0.0072614 seconds
Number of updated asset objects reloaded before import = 0Number of asset objects unloaded after import = 2

========================================================================
Received Import Request.
  Time since last request: 0.000017 seconds.
  path: Assets/content/4_Characters/1_Birds/9_PurpleBird/BodyParts/gale15.png
  artifactKey: Guid(0ac21ab5b5c44824c95f588b50500c04) Importer(815301076,1909f56bfc062723c751e8b465ee728b)
Start importing Assets/content/4_Characters/1_Birds/9_PurpleBird/BodyParts/gale15.png using Guid(0ac21ab5b5c44824c95f588b50500c04) Importer(815301076,1909f56bfc062723c751e8b465ee728b) (PreviewImporter) -> (artifact id: 'efa67cdc17d78437cd77bb4257a91d82') in 0.0078574 seconds
Number of updated asset objects reloaded before import = 0Number of asset objects unloaded after import = 2

========================================================================
Received Import Request.
  Time since last request: 0.000028 seconds.
  path: Assets/content/4_Characters/1_Birds/9_PurpleBird/BodyParts/gale16.png
  artifactKey: Guid(d5507eb422b49a44bbca4e0344a5ed5d) Importer(815301076,1909f56bfc062723c751e8b465ee728b)
Start importing Assets/content/4_Characters/1_Birds/9_PurpleBird/BodyParts/gale16.png using Guid(d5507eb422b49a44bbca4e0344a5ed5d) Importer(815301076,1909f56bfc062723c751e8b465ee728b) (PreviewImporter) -> (artifact id: 'bbc7884a7f0f2a21dd947f1655c9653e') in 0.0060272 seconds
Number of updated asset objects reloaded before import = 0Number of asset objects unloaded after import = 2

========================================================================
Received Import Request.
  Time since last request: 0.000018 seconds.
  path: Assets/content/4_Characters/1_Birds/9_PurpleBird/BodyParts/gale21.png
  artifactKey: Guid(f4b393db84cacce4da0dc5957f5ce211) Importer(815301076,1909f56bfc062723c751e8b465ee728b)
Start importing Assets/content/4_Characters/1_Birds/9_PurpleBird/BodyParts/gale21.png using Guid(f4b393db84cacce4da0dc5957f5ce211) Importer(815301076,1909f56bfc062723c751e8b465ee728b) (PreviewImporter) -> (artifact id: '53f847d6dd5cdaee68cbe8ceff93ed01') in 0.0073571 seconds
Number of updated asset objects reloaded before import = 0Number of asset objects unloaded after import = 2

========================================================================
Received Import Request.
  Time since last request: 0.000029 seconds.
  path: Assets/content/4_Characters/1_Birds/9_PurpleBird/BodyParts/gale23.png
  artifactKey: Guid(f7770830ac677b24692473b48f524c43) Importer(815301076,1909f56bfc062723c751e8b465ee728b)
Start importing Assets/content/4_Characters/1_Birds/9_PurpleBird/BodyParts/gale23.png using Guid(f7770830ac677b24692473b48f524c43) Importer(815301076,1909f56bfc062723c751e8b465ee728b) (PreviewImporter) -> (artifact id: 'f75cd25391d077cb867e56c731ae1333') in 0.0072137 seconds
Number of updated asset objects reloaded before import = 0Number of asset objects unloaded after import = 2

========================================================================
Received Import Request.
  Time since last request: 0.000022 seconds.
  path: Assets/content/4_Characters/1_Birds/9_PurpleBird/BodyParts/gale32.png
  artifactKey: Guid(2925b7492587879478409e76572f4afb) Importer(815301076,1909f56bfc062723c751e8b465ee728b)
Start importing Assets/content/4_Characters/1_Birds/9_PurpleBird/BodyParts/gale32.png using Guid(2925b7492587879478409e76572f4afb) Importer(815301076,1909f56bfc062723c751e8b465ee728b) (PreviewImporter) -> (artifact id: 'd6cbf07a93a0e8839f1ccdd785ea60d7') in 0.0059863 seconds
Number of updated asset objects reloaded before import = 0Number of asset objects unloaded after import = 2

========================================================================
Received Import Request.
  Time since last request: 0.000016 seconds.
  path: Assets/content/4_Characters/1_Birds/9_PurpleBird/BodyParts/gale30.png
  artifactKey: Guid(c0025eb36e97d274b8f7abd08b2e0022) Importer(815301076,1909f56bfc062723c751e8b465ee728b)
Start importing Assets/content/4_Characters/1_Birds/9_PurpleBird/BodyParts/gale30.png using Guid(c0025eb36e97d274b8f7abd08b2e0022) Importer(815301076,1909f56bfc062723c751e8b465ee728b) (PreviewImporter) -> (artifact id: 'dd6b6b4e6b8912d2de024ad9c96a4f4a') in 0.0089593 seconds
Number of updated asset objects reloaded before import = 0Number of asset objects unloaded after import = 2

========================================================================
Received Import Request.
  Time since last request: 0.000015 seconds.
  path: Assets/content/4_Characters/1_Birds/9_PurpleBird/BodyParts/gale29.png
  artifactKey: Guid(cd2f751bbac83884884013564157a43b) Importer(815301076,1909f56bfc062723c751e8b465ee728b)
Start importing Assets/content/4_Characters/1_Birds/9_PurpleBird/BodyParts/gale29.png using Guid(cd2f751bbac83884884013564157a43b) Importer(815301076,1909f56bfc062723c751e8b465ee728b) (PreviewImporter) -> (artifact id: 'af9c7a59ae87080bf48ab9d7349ef1fe') in 0.0105478 seconds
Number of updated asset objects reloaded before import = 0Number of asset objects unloaded after import = 2

========================================================================
Received Import Request.
  Time since last request: 0.000086 seconds.
  path: Assets/content/4_Characters/1_Birds/9_PurpleBird/BodyParts/gale25.png
  artifactKey: Guid(c964aee8c8f5e3c40a6d237dff3bd51d) Importer(815301076,1909f56bfc062723c751e8b465ee728b)
Start importing Assets/content/4_Characters/1_Birds/9_PurpleBird/BodyParts/gale25.png using Guid(c964aee8c8f5e3c40a6d237dff3bd51d) Importer(815301076,1909f56bfc062723c751e8b465ee728b) (PreviewImporter) -> (artifact id: '54367b2d2bf07c0c4eb857ead9b53123') in 0.0087488 seconds
Number of updated asset objects reloaded before import = 0Number of asset objects unloaded after import = 2

========================================================================
Received Import Request.
  Time since last request: 0.000023 seconds.
  path: Assets/content/4_Characters/1_Birds/9_PurpleBird/BodyParts/gale24.png
  artifactKey: Guid(ec3f4642fa69d0e41b06eb1dddc0dc67) Importer(815301076,1909f56bfc062723c751e8b465ee728b)
Start importing Assets/content/4_Characters/1_Birds/9_PurpleBird/BodyParts/gale24.png using Guid(ec3f4642fa69d0e41b06eb1dddc0dc67) Importer(815301076,1909f56bfc062723c751e8b465ee728b) (PreviewImporter) -> (artifact id: '6cb69d06daa3cce41d7758c67c0aa955') in 0.0073248 seconds
Number of updated asset objects reloaded before import = 0Number of asset objects unloaded after import = 2

========================================================================
Received Import Request.
  Time since last request: 0.000016 seconds.
  path: Assets/content/4_Characters/1_Birds/9_PurpleBird/BodyParts/gale19.png
  artifactKey: Guid(c77849e8f6f6d4b4c90e61cac874ae03) Importer(815301076,1909f56bfc062723c751e8b465ee728b)
Start importing Assets/content/4_Characters/1_Birds/9_PurpleBird/BodyParts/gale19.png using Guid(c77849e8f6f6d4b4c90e61cac874ae03) Importer(815301076,1909f56bfc062723c751e8b465ee728b) (PreviewImporter) -> (artifact id: '3eefad66eb3b4ceda8829b16f522361b') in 0.0092944 seconds
Number of updated asset objects reloaded before import = 0Number of asset objects unloaded after import = 2

========================================================================
Received Import Request.
  Time since last request: 0.000025 seconds.
  path: Assets/content/4_Characters/1_Birds/9_PurpleBird/BodyParts/gale22.png
  artifactKey: Guid(cd90885bd8671dd4d861f3d2455b7894) Importer(815301076,1909f56bfc062723c751e8b465ee728b)
Start importing Assets/content/4_Characters/1_Birds/9_PurpleBird/BodyParts/gale22.png using Guid(cd90885bd8671dd4d861f3d2455b7894) Importer(815301076,1909f56bfc062723c751e8b465ee728b) (PreviewImporter) -> (artifact id: '861bfd747dd9777990b49eb6b17774b5') in 0.0089546 seconds
Number of updated asset objects reloaded before import = 0Number of asset objects unloaded after import = 2

========================================================================
Received Import Request.
  Time since last request: 0.000023 seconds.
  path: Assets/content/4_Characters/1_Birds/9_PurpleBird/BodyParts/gale31.png
  artifactKey: Guid(4993c7cf69fde9840a721c20877f585f) Importer(815301076,1909f56bfc062723c751e8b465ee728b)
Start importing Assets/content/4_Characters/1_Birds/9_PurpleBird/BodyParts/gale31.png using Guid(4993c7cf69fde9840a721c20877f585f) Importer(815301076,1909f56bfc062723c751e8b465ee728b) (PreviewImporter) -> (artifact id: 'beeee0d80e92800d4e42efed2dc40037') in 0.0075443 seconds
Number of updated asset objects reloaded before import = 0Number of asset objects unloaded after import = 2

========================================================================
Received Import Request.
  Time since last request: 0.000024 seconds.
  path: Assets/content/4_Characters/1_Birds/9_PurpleBird/BodyParts/gale18.png
  artifactKey: Guid(d90558176069bc64f8189ee037f54544) Importer(815301076,1909f56bfc062723c751e8b465ee728b)
Start importing Assets/content/4_Characters/1_Birds/9_PurpleBird/BodyParts/gale18.png using Guid(d90558176069bc64f8189ee037f54544) Importer(815301076,1909f56bfc062723c751e8b465ee728b) (PreviewImporter) -> (artifact id: '6df0924b24d1a32b2ce5ae56c5962670') in 0.0098675 seconds
Number of updated asset objects reloaded before import = 0Number of asset objects unloaded after import = 2

========================================================================
Received Import Request.
  Time since last request: 0.000033 seconds.
  path: Assets/content/4_Characters/1_Birds/9_PurpleBird/BodyParts/gale26.png
  artifactKey: Guid(65d0e5831a44cc944b77cbab705d1b3c) Importer(815301076,1909f56bfc062723c751e8b465ee728b)
Start importing Assets/content/4_Characters/1_Birds/9_PurpleBird/BodyParts/gale26.png using Guid(65d0e5831a44cc944b77cbab705d1b3c) Importer(815301076,1909f56bfc062723c751e8b465ee728b) (PreviewImporter) -> (artifact id: 'dcd7a8bb89968eb095da74cbc7c39d44') in 0.0053478 seconds
Number of updated asset objects reloaded before import = 0Number of asset objects unloaded after import = 2

========================================================================
Received Import Request.
  Time since last request: 0.000041 seconds.
  path: Assets/content/4_Characters/1_Birds/9_PurpleBird/BodyParts/gale17.png
  artifactKey: Guid(19687b6dd64766e43b5964b801570982) Importer(815301076,1909f56bfc062723c751e8b465ee728b)
Start importing Assets/content/4_Characters/1_Birds/9_PurpleBird/BodyParts/gale17.png using Guid(19687b6dd64766e43b5964b801570982) Importer(815301076,1909f56bfc062723c751e8b465ee728b) (PreviewImporter) -> (artifact id: '72c40ee30e6ee1568d4fb05b38e133cd') in 0.0064337 seconds
Number of updated asset objects reloaded before import = 0Number of asset objects unloaded after import = 2

========================================================================
Received Import Request.
  Time since last request: 0.000020 seconds.
  path: Assets/MonoBehaviour/PurpleBird_Atlas_01.mat
  artifactKey: Guid(d79ae62106ce8274ab2704ec20ba16c9) Importer(2089858483,192608db42251d675da83286b1cce702)
Start importing Assets/MonoBehaviour/PurpleBird_Atlas_01.mat using Guid(d79ae62106ce8274ab2704ec20ba16c9) Importer(2089858483,192608db42251d675da83286b1cce702) (ScriptedImporter) -> (artifact id: '554bdaf150c09ae37971de88f182428e') in 0.0115326 seconds
Number of updated asset objects reloaded before import = 0Number of asset objects unloaded after import = 2

========================================================================
Received Import Request.
  Time since last request: 65.964417 seconds.
  path: Packages/com.unity.ai.navigation/EditorResources/Overlay/d_NavigationOverlay.png
  artifactKey: Guid(6a986a181c9bc6043b057a3d15edbaad) Importer(815301076,1909f56bfc062723c751e8b465ee728b)
Start importing Packages/com.unity.ai.navigation/EditorResources/Overlay/d_NavigationOverlay.png using Guid(6a986a181c9bc6043b057a3d15edbaad) Importer(815301076,1909f56bfc062723c751e8b465ee728b) (PreviewImporter) -> (artifact id: '96764b31629c835450e07d81538d1958') in 0.0234119 seconds
Number of updated asset objects reloaded before import = 0Number of asset objects unloaded after import = 2

========================================================================
Received Import Request.
  Time since last request: 0.000021 seconds.
  path: Packages/com.unity.ai.navigation/EditorResources/Overlay/d_NavigationOverlay On.png
  artifactKey: Guid(5c5ac68c1bc4e104f9e987b9d1da4556) Importer(815301076,1909f56bfc062723c751e8b465ee728b)
Start importing Packages/com.unity.ai.navigation/EditorResources/Overlay/d_NavigationOverlay On.png using Guid(5c5ac68c1bc4e104f9e987b9d1da4556) Importer(815301076,1909f56bfc062723c751e8b465ee728b) (PreviewImporter) -> (artifact id: '07be8c82ea1b953af60e4d561b49d411') in 0.0064155 seconds
Number of updated asset objects reloaded before import = 0Number of asset objects unloaded after import = 2

========================================================================
Received Import Request.
  Time since last request: 0.000028 seconds.
  path: Packages/com.unity.ai.navigation/EditorResources/Overlay/d_NavigationOverlay@2x.png
  artifactKey: Guid(7d5867654fa2bf448b06f384143ceca7) Importer(815301076,1909f56bfc062723c751e8b465ee728b)
Start importing Packages/com.unity.ai.navigation/EditorResources/Overlay/d_NavigationOverlay@2x.png using Guid(7d5867654fa2bf448b06f384143ceca7) Importer(815301076,1909f56bfc062723c751e8b465ee728b) (PreviewImporter) -> (artifact id: '182d8afbaeb9d4f139be1c8788d57fe7') in 0.0056981 seconds
Number of updated asset objects reloaded before import = 0Number of asset objects unloaded after import = 2

========================================================================
Received Import Request.
  Time since last request: 0.000057 seconds.
  path: Packages/com.unity.ai.navigation/EditorResources/Overlay/d_NavigationOverlay@32.png
  artifactKey: Guid(6f3c566cd9f63c9408d201ea50b51444) Importer(815301076,1909f56bfc062723c751e8b465ee728b)
Start importing Packages/com.unity.ai.navigation/EditorResources/Overlay/d_NavigationOverlay@32.png using Guid(6f3c566cd9f63c9408d201ea50b51444) Importer(815301076,1909f56bfc062723c751e8b465ee728b) (PreviewImporter) -> (artifact id: '25356074f61771910ff7ef611c02e38a') in 0.0059048 seconds
Number of updated asset objects reloaded before import = 0Number of asset objects unloaded after import = 2

========================================================================
Received Import Request.
  Time since last request: 0.000030 seconds.
  path: Packages/com.unity.ai.navigation/EditorResources/Overlay/d_NavigationOverlay@128.png
  artifactKey: Guid(80899a9fbe3d3364eac2c5924c0a28cf) Importer(815301076,1909f56bfc062723c751e8b465ee728b)
Start importing Packages/com.unity.ai.navigation/EditorResources/Overlay/d_NavigationOverlay@128.png using Guid(80899a9fbe3d3364eac2c5924c0a28cf) Importer(815301076,1909f56bfc062723c751e8b465ee728b) (PreviewImporter) -> (artifact id: 'a94209ff3cbf2d2bf8c7befbdfcdf5be') in 0.0073847 seconds
Number of updated asset objects reloaded before import = 0Number of asset objects unloaded after import = 2

========================================================================
Received Import Request.
  Time since last request: 0.000033 seconds.
  path: Packages/com.unity.ai.navigation/EditorResources/d_NavigationWindowIcon.asset
  artifactKey: Guid(df6a6289992d3406cb4cad0c522e4adf) Importer(815301076,1909f56bfc062723c751e8b465ee728b)
Start importing Packages/com.unity.ai.navigation/EditorResources/d_NavigationWindowIcon.asset using Guid(df6a6289992d3406cb4cad0c522e4adf) Importer(815301076,1909f56bfc062723c751e8b465ee728b) (PreviewImporter) -> (artifact id: '574a88ef6042da82118366f3fbee2c4f') in 0.008322 seconds
Number of updated asset objects reloaded before import = 0Number of asset objects unloaded after import = 2

========================================================================
Received Import Request.
  Time since last request: 0.000020 seconds.
  path: Packages/com.unity.ai.navigation/EditorResources/Overlay/d_NavigationOverlay On@256.png
  artifactKey: Guid(642f7453935154b44afc516c07b1d009) Importer(815301076,1909f56bfc062723c751e8b465ee728b)
Start importing Packages/com.unity.ai.navigation/EditorResources/Overlay/d_NavigationOverlay On@256.png using Guid(642f7453935154b44afc516c07b1d009) Importer(815301076,1909f56bfc062723c751e8b465ee728b) (PreviewImporter) -> (artifact id: '345aca9d157af161586470fb5e580c5f') in 0.0085172 seconds
Number of updated asset objects reloaded before import = 0Number of asset objects unloaded after import = 2

========================================================================
Received Import Request.
  Time since last request: 0.000017 seconds.
  path: Packages/com.unity.ai.navigation/EditorResources/Overlay/d_NavigationOverlay On@16.png
  artifactKey: Guid(96c9a57d95a712d44978703ea9dd7f4e) Importer(815301076,1909f56bfc062723c751e8b465ee728b)
Start importing Packages/com.unity.ai.navigation/EditorResources/Overlay/d_NavigationOverlay On@16.png using Guid(96c9a57d95a712d44978703ea9dd7f4e) Importer(815301076,1909f56bfc062723c751e8b465ee728b) (PreviewImporter) -> (artifact id: '7d01fd40513124b875039a7e1578dea2') in 0.0071501 seconds
Number of updated asset objects reloaded before import = 0Number of asset objects unloaded after import = 2

========================================================================
Received Import Request.
  Time since last request: 0.000019 seconds.
  path: Packages/com.unity.ai.navigation/EditorResources/Overlay/d_NavigationOverlay@64.png
  artifactKey: Guid(1dacc9e843ef1444fad71e40913ef05c) Importer(815301076,1909f56bfc062723c751e8b465ee728b)
Start importing Packages/com.unity.ai.navigation/EditorResources/Overlay/d_NavigationOverlay@64.png using Guid(1dacc9e843ef1444fad71e40913ef05c) Importer(815301076,1909f56bfc062723c751e8b465ee728b) (PreviewImporter) -> (artifact id: 'e4d119aa829b97e184eebd6c07bc3c6a') in 0.0076854 seconds
Number of updated asset objects reloaded before import = 0Number of asset objects unloaded after import = 2

========================================================================
Received Import Request.
  Time since last request: 0.000036 seconds.
  path: Packages/com.unity.ai.navigation/EditorResources/Overlay/d_NavigationOverlay@16.png
  artifactKey: Guid(8d8d1929f2279804e8a744d3da25e23b) Importer(815301076,1909f56bfc062723c751e8b465ee728b)
Start importing Packages/com.unity.ai.navigation/EditorResources/Overlay/d_NavigationOverlay@16.png using Guid(8d8d1929f2279804e8a744d3da25e23b) Importer(815301076,1909f56bfc062723c751e8b465ee728b) (PreviewImporter) -> (artifact id: 'd6ce25af50b112a047b4b509580b45ea') in 0.0082024 seconds
Number of updated asset objects reloaded before import = 0Number of asset objects unloaded after import = 2

========================================================================
Received Import Request.
  Time since last request: 0.000016 seconds.
  path: Packages/com.unity.ai.navigation/EditorResources/Overlay/d_NavigationOverlay On@64.png
  artifactKey: Guid(b3cd430fb0ffe164fa829262bb9e1d4b) Importer(815301076,1909f56bfc062723c751e8b465ee728b)
Start importing Packages/com.unity.ai.navigation/EditorResources/Overlay/d_NavigationOverlay On@64.png using Guid(b3cd430fb0ffe164fa829262bb9e1d4b) Importer(815301076,1909f56bfc062723c751e8b465ee728b) (PreviewImporter) -> (artifact id: 'e4162d8ec86cfd21cc6eefbb5cc02381') in 0.0074905 seconds
Number of updated asset objects reloaded before import = 0Number of asset objects unloaded after import = 2

========================================================================
Received Import Request.
  Time since last request: 0.000031 seconds.
  path: Packages/com.unity.ai.navigation/EditorResources/Overlay/d_NavigationOverlay On@128.png
  artifactKey: Guid(5b2a8a1e265e99b4fb8d77061490f397) Importer(815301076,1909f56bfc062723c751e8b465ee728b)
Start importing Packages/com.unity.ai.navigation/EditorResources/Overlay/d_NavigationOverlay On@128.png using Guid(5b2a8a1e265e99b4fb8d77061490f397) Importer(815301076,1909f56bfc062723c751e8b465ee728b) (PreviewImporter) -> (artifact id: 'd13cdc906a2314aa06b0077a9e602024') in 0.0071891 seconds
Number of updated asset objects reloaded before import = 0Number of asset objects unloaded after import = 2

========================================================================
Received Import Request.
  Time since last request: 0.000023 seconds.
  path: Packages/com.unity.ai.navigation/EditorResources/Overlay/d_NavigationOverlay On@32.png
  artifactKey: Guid(b8a654e77ffbbcd4abdda7fdb70fbb9e) Importer(815301076,1909f56bfc062723c751e8b465ee728b)
Start importing Packages/com.unity.ai.navigation/EditorResources/Overlay/d_NavigationOverlay On@32.png using Guid(b8a654e77ffbbcd4abdda7fdb70fbb9e) Importer(815301076,1909f56bfc062723c751e8b465ee728b) (PreviewImporter) -> (artifact id: 'e366e2b1e99afdd0748a610c415095a5') in 0.0074564 seconds
Number of updated asset objects reloaded before import = 0Number of asset objects unloaded after import = 2

========================================================================
Received Import Request.
  Time since last request: 0.000035 seconds.
  path: Packages/com.unity.ai.navigation/EditorResources/Overlay/d_NavigationOverlay On@2x.png
  artifactKey: Guid(a206ff0ddc681e642a2e62fc57a7d51c) Importer(815301076,1909f56bfc062723c751e8b465ee728b)
Start importing Packages/com.unity.ai.navigation/EditorResources/Overlay/d_NavigationOverlay On@2x.png using Guid(a206ff0ddc681e642a2e62fc57a7d51c) Importer(815301076,1909f56bfc062723c751e8b465ee728b) (PreviewImporter) -> (artifact id: '34eeaaac803d633d49dcf08c01fd3bbc') in 0.0076759 seconds
Number of updated asset objects reloaded before import = 0Number of asset objects unloaded after import = 2

========================================================================
Received Import Request.
  Time since last request: 0.000029 seconds.
  path: Packages/com.unity.ai.navigation/EditorResources/Overlay/d_NavigationOverlay@256.png
  artifactKey: Guid(f5dd88efd8622424998bf5326c5421eb) Importer(815301076,1909f56bfc062723c751e8b465ee728b)
Start importing Packages/com.unity.ai.navigation/EditorResources/Overlay/d_NavigationOverlay@256.png using Guid(f5dd88efd8622424998bf5326c5421eb) Importer(815301076,1909f56bfc062723c751e8b465ee728b) (PreviewImporter) -> (artifact id: 'b517dd4f0bbd80d9929348645d677781') in 0.0081972 seconds
Number of updated asset objects reloaded before import = 0Number of asset objects unloaded after import = 2

========================================================================
Received Import Request.
  Time since last request: 0.000022 seconds.
  path: Packages/com.unity.ai.navigation/EditorResources/d_NavigationWindowIcon.png
  artifactKey: Guid(425f55e9ef81a5e48b87c5d6b1bbf35c) Importer(815301076,1909f56bfc062723c751e8b465ee728b)
Start importing Packages/com.unity.ai.navigation/EditorResources/d_NavigationWindowIcon.png using Guid(425f55e9ef81a5e48b87c5d6b1bbf35c) Importer(815301076,1909f56bfc062723c751e8b465ee728b) (PreviewImporter) -> (artifact id: '194ee6e5ab22e0aaf5c6db2d2ec2c78f') in 0.0082038 seconds
Number of updated asset objects reloaded before import = 0Number of asset objects unloaded after import = 2

========================================================================
Received Import Request.
  Time since last request: 0.222766 seconds.
  path: Assets/content/4_Characters/1_Birds/9_PurpleBird/BodyParts/gale1.png
  artifactKey: Guid(50a789ca7b77cc047a028dcb2c560bac) Importer(815301076,1909f56bfc062723c751e8b465ee728b)
Start importing Assets/content/4_Characters/1_Birds/9_PurpleBird/BodyParts/gale1.png using Guid(50a789ca7b77cc047a028dcb2c560bac) Importer(815301076,1909f56bfc062723c751e8b465ee728b) (PreviewImporter) -> (artifact id: 'a1c34c351ef54577d30f5999e8e850f9') in 0.0063613 seconds
Number of updated asset objects reloaded before import = 0Number of asset objects unloaded after import = 2

========================================================================
Received Import Request.
  Time since last request: 0.000019 seconds.
  path: Assets/content/4_Characters/1_Birds/9_PurpleBird/BodyParts/gale9.png
  artifactKey: Guid(170bbbf83601cfe489c5182f5e2f7874) Importer(815301076,1909f56bfc062723c751e8b465ee728b)
Start importing Assets/content/4_Characters/1_Birds/9_PurpleBird/BodyParts/gale9.png using Guid(170bbbf83601cfe489c5182f5e2f7874) Importer(815301076,1909f56bfc062723c751e8b465ee728b) (PreviewImporter) -> (artifact id: '9ba72c1a7e9e463fd9449f2464ef7a6e') in 0.0077473 seconds
Number of updated asset objects reloaded before import = 0Number of asset objects unloaded after import = 2

========================================================================
Received Import Request.
  Time since last request: 0.000019 seconds.
  path: Assets/content/4_Characters/1_Birds/9_PurpleBird/BodyParts/gale7.png
  artifactKey: Guid(737a89eb58d28f04c9fcda75566b13d4) Importer(815301076,1909f56bfc062723c751e8b465ee728b)
Start importing Assets/content/4_Characters/1_Birds/9_PurpleBird/BodyParts/gale7.png using Guid(737a89eb58d28f04c9fcda75566b13d4) Importer(815301076,1909f56bfc062723c751e8b465ee728b) (PreviewImporter) -> (artifact id: '958be72a9c3c054050cf5dab674f9e41') in 0.0058372 seconds
Number of updated asset objects reloaded before import = 0Number of asset objects unloaded after import = 2

========================================================================
Received Import Request.
  Time since last request: 0.000023 seconds.
  path: Assets/content/4_Characters/1_Birds/9_PurpleBird/BodyParts/gale5.png
  artifactKey: Guid(1969ebc6e11ba094ba7600df9e6b02ce) Importer(815301076,1909f56bfc062723c751e8b465ee728b)
Start importing Assets/content/4_Characters/1_Birds/9_PurpleBird/BodyParts/gale5.png using Guid(1969ebc6e11ba094ba7600df9e6b02ce) Importer(815301076,1909f56bfc062723c751e8b465ee728b) (PreviewImporter) -> (artifact id: '563c792755f35498e2e15fb9008b1fa1') in 0.0059567 seconds
Number of updated asset objects reloaded before import = 0Number of asset objects unloaded after import = 2

========================================================================
Received Import Request.
  Time since last request: 0.000042 seconds.
  path: Assets/content/4_Characters/1_Birds/9_PurpleBird/BodyParts/gale6.png
  artifactKey: Guid(744c9ad645b6c9840aab54115d4361b7) Importer(815301076,1909f56bfc062723c751e8b465ee728b)
Start importing Assets/content/4_Characters/1_Birds/9_PurpleBird/BodyParts/gale6.png using Guid(744c9ad645b6c9840aab54115d4361b7) Importer(815301076,1909f56bfc062723c751e8b465ee728b) (PreviewImporter) -> (artifact id: '3f8f5e5574fd2fc5b868eef27616f6c0') in 0.0059267 seconds
Number of updated asset objects reloaded before import = 0Number of asset objects unloaded after import = 2

========================================================================
Received Import Request.
  Time since last request: 0.000035 seconds.
  path: Assets/content/4_Characters/1_Birds/9_PurpleBird/BodyParts/gale4.png
  artifactKey: Guid(d64bb0c3558b6df43a643a619aa779cd) Importer(815301076,1909f56bfc062723c751e8b465ee728b)
Start importing Assets/content/4_Characters/1_Birds/9_PurpleBird/BodyParts/gale4.png using Guid(d64bb0c3558b6df43a643a619aa779cd) Importer(815301076,1909f56bfc062723c751e8b465ee728b) (PreviewImporter) -> (artifact id: 'cd09b6118499d3eaa7c78b696ba54387') in 0.006873 seconds
Number of updated asset objects reloaded before import = 0Number of asset objects unloaded after import = 2

========================================================================
Received Import Request.
  Time since last request: 0.000026 seconds.
  path: Assets/content/4_Characters/1_Birds/9_PurpleBird/BodyParts/gale11.png
  artifactKey: Guid(1c34ef4d009883a44bc63b15350a05f7) Importer(815301076,1909f56bfc062723c751e8b465ee728b)
Start importing Assets/content/4_Characters/1_Birds/9_PurpleBird/BodyParts/gale11.png using Guid(1c34ef4d009883a44bc63b15350a05f7) Importer(815301076,1909f56bfc062723c751e8b465ee728b) (PreviewImporter) -> (artifact id: 'a563d2d301eefa748dce979f2ee55a3c') in 0.0074914 seconds
Number of updated asset objects reloaded before import = 0Number of asset objects unloaded after import = 2

========================================================================
Received Import Request.
  Time since last request: 0.000031 seconds.
  path: Assets/content/4_Characters/1_Birds/9_PurpleBird/BodyParts/gale13.png
  artifactKey: Guid(0cbd3a898bd51ab439c83c41a7e34670) Importer(815301076,1909f56bfc062723c751e8b465ee728b)
Start importing Assets/content/4_Characters/1_Birds/9_PurpleBird/BodyParts/gale13.png using Guid(0cbd3a898bd51ab439c83c41a7e34670) Importer(815301076,1909f56bfc062723c751e8b465ee728b) (PreviewImporter) -> (artifact id: 'b00831ed0313d2dbdfc82c22bff237a1') in 0.0056931 seconds
Number of updated asset objects reloaded before import = 0Number of asset objects unloaded after import = 2

========================================================================
Received Import Request.
  Time since last request: 0.000017 seconds.
  path: Assets/content/4_Characters/1_Birds/9_PurpleBird/BodyParts/gale2.png
  artifactKey: Guid(c216dc54c88c8524dbaa0c1cf2fd87fa) Importer(815301076,1909f56bfc062723c751e8b465ee728b)
Start importing Assets/content/4_Characters/1_Birds/9_PurpleBird/BodyParts/gale2.png using Guid(c216dc54c88c8524dbaa0c1cf2fd87fa) Importer(815301076,1909f56bfc062723c751e8b465ee728b) (PreviewImporter) -> (artifact id: '95d371df60b866cea32c3fba69bea562') in 0.0083452 seconds
Number of updated asset objects reloaded before import = 0Number of asset objects unloaded after import = 2

========================================================================
Received Import Request.
  Time since last request: 0.000020 seconds.
  path: Assets/content/4_Characters/1_Birds/9_PurpleBird/BodyParts/gale10.png
  artifactKey: Guid(e9605f649acc4764f9661d7335f22d67) Importer(815301076,1909f56bfc062723c751e8b465ee728b)
Start importing Assets/content/4_Characters/1_Birds/9_PurpleBird/BodyParts/gale10.png using Guid(e9605f649acc4764f9661d7335f22d67) Importer(815301076,1909f56bfc062723c751e8b465ee728b) (PreviewImporter) -> (artifact id: '8c1789be73ad037263af61412d756ac9') in 0.0093633 seconds
Number of updated asset objects reloaded before import = 0Number of asset objects unloaded after import = 2

========================================================================
Received Import Request.
  Time since last request: 0.000094 seconds.
  path: Assets/content/4_Characters/1_Birds/9_PurpleBird/BodyParts/gale14.png
  artifactKey: Guid(c2c68cea557bba0409cb2c02f9bbabf1) Importer(815301076,1909f56bfc062723c751e8b465ee728b)
Start importing Assets/content/4_Characters/1_Birds/9_PurpleBird/BodyParts/gale14.png using Guid(c2c68cea557bba0409cb2c02f9bbabf1) Importer(815301076,1909f56bfc062723c751e8b465ee728b) (PreviewImporter) -> (artifact id: '6ce80d1ed91f18500fb50c34357ad543') in 0.0206711 seconds
Number of updated asset objects reloaded before import = 0Number of asset objects unloaded after import = 2

========================================================================
Received Import Request.
  Time since last request: 0.000021 seconds.
  path: Assets/content/4_Characters/1_Birds/9_PurpleBird/BodyParts/gale8.png
  artifactKey: Guid(fbef22dba2439c14fb0c4285fb3f5de8) Importer(815301076,1909f56bfc062723c751e8b465ee728b)
Start importing Assets/content/4_Characters/1_Birds/9_PurpleBird/BodyParts/gale8.png using Guid(fbef22dba2439c14fb0c4285fb3f5de8) Importer(815301076,1909f56bfc062723c751e8b465ee728b) (PreviewImporter) -> (artifact id: '97c793d25716a1eb8d17e386dfac4e55') in 0.008525 seconds
Number of updated asset objects reloaded before import = 0Number of asset objects unloaded after import = 2

========================================================================
Received Import Request.
  Time since last request: 0.000018 seconds.
  path: Assets/content/4_Characters/1_Birds/9_PurpleBird/BodyParts/gale3.png
  artifactKey: Guid(467777156f3993c43b255790e0d23b8e) Importer(815301076,1909f56bfc062723c751e8b465ee728b)
Start importing Assets/content/4_Characters/1_Birds/9_PurpleBird/BodyParts/gale3.png using Guid(467777156f3993c43b255790e0d23b8e) Importer(815301076,1909f56bfc062723c751e8b465ee728b) (PreviewImporter) -> (artifact id: '1f047745b198a4db18c020da3c2fe566') in 0.0079235 seconds
Number of updated asset objects reloaded before import = 0Number of asset objects unloaded after import = 2

========================================================================
Received Import Request.
  Time since last request: 0.000027 seconds.
  path: Assets/content/4_Characters/1_Birds/9_PurpleBird/BodyParts/gale12.png
  artifactKey: Guid(e0d70db18366736458398a3dd5c1392a) Importer(815301076,1909f56bfc062723c751e8b465ee728b)
Start importing Assets/content/4_Characters/1_Birds/9_PurpleBird/BodyParts/gale12.png using Guid(e0d70db18366736458398a3dd5c1392a) Importer(815301076,1909f56bfc062723c751e8b465ee728b) (PreviewImporter) -> (artifact id: '9bb1499af8a087705e286b76fd825717') in 0.0092954 seconds
Number of updated asset objects reloaded before import = 0Number of asset objects unloaded after import = 2

========================================================================
Received Import Request.
  Time since last request: 14.802241 seconds.
  path: Assets/MonoBehaviour/PurpleBird_Atlas_01.asset
  artifactKey: Guid(aa1f87e31bdb8fc4d803eaeda175800e) Importer(815301076,1909f56bfc062723c751e8b465ee728b)
Start importing Assets/MonoBehaviour/PurpleBird_Atlas_01.asset using Guid(aa1f87e31bdb8fc4d803eaeda175800e) Importer(815301076,1909f56bfc062723c751e8b465ee728b) (PreviewImporter) -> (artifact id: '1a33dd667cf38b926bcee298ad12ba88') in 0.0024353 seconds
Number of updated asset objects reloaded before import = 0Number of asset objects unloaded after import = 2

========================================================================
Received Import Request.
  Time since last request: 0.000031 seconds.
  path: Assets/MonoBehaviour/PurpleBird_Atlas_01.png
  artifactKey: Guid(a521582ffb168964f92b2c050f3fa66c) Importer(815301076,1909f56bfc062723c751e8b465ee728b)
Start importing Assets/MonoBehaviour/PurpleBird_Atlas_01.png using Guid(a521582ffb168964f92b2c050f3fa66c) Importer(815301076,1909f56bfc062723c751e8b465ee728b) (PreviewImporter) -> (artifact id: 'c2d3ec20b77dcd4c74452ba2839994b0') in 0.0082349 seconds
Number of updated asset objects reloaded before import = 0Number of asset objects unloaded after import = 2

========================================================================
Received Import Request.
  Time since last request: 0.000036 seconds.
  path: Assets/MonoBehaviour/PurpleBird_Atlas_01.mat
  artifactKey: Guid(d79ae62106ce8274ab2704ec20ba16c9) Importer(815301076,1909f56bfc062723c751e8b465ee728b)
Start importing Assets/MonoBehaviour/PurpleBird_Atlas_01.mat using Guid(d79ae62106ce8274ab2704ec20ba16c9) Importer(815301076,1909f56bfc062723c751e8b465ee728b) (PreviewImporter) -> (artifact id: '078fceaf15ed87bdd20e8e7e0c610a63') in 0.0116488 seconds
Number of updated asset objects reloaded before import = 0Number of asset objects unloaded after import = 2

========================================================================
Received Import Request.
  Time since last request: 18.311768 seconds.
  path: Assets/MonoBehaviour/PurpleBird_Atlas_01.png
  artifactKey: Guid(a521582ffb168964f92b2c050f3fa66c) Importer(815301076,1909f56bfc062723c751e8b465ee728b)
Start importing Assets/MonoBehaviour/PurpleBird_Atlas_01.png using Guid(a521582ffb168964f92b2c050f3fa66c) Importer(815301076,1909f56bfc062723c751e8b465ee728b) (PreviewImporter) -> (artifact id: 'a05acd96c0c8d6320b8c63114ce6eecb') in 0.0113114 seconds
Number of updated asset objects reloaded before import = 0Number of asset objects unloaded after import = 2

========================================================================
Received Import Request.
  Time since last request: 146.561116 seconds.
  path: Packages/com.unity.purchasing/Icons/LinkWhite.png
  artifactKey: Guid(e679a29ca22bc4fa0bd848bd79a42b79) Importer(815301076,1909f56bfc062723c751e8b465ee728b)
Start importing Packages/com.unity.purchasing/Icons/LinkWhite.png using Guid(e679a29ca22bc4fa0bd848bd79a42b79) Importer(815301076,1909f56bfc062723c751e8b465ee728b) (PreviewImporter) -> (artifact id: 'f5be7d18c1c6eb965b8f01047080fc2d') in 0.0075814 seconds
Number of updated asset objects reloaded before import = 0Number of asset objects unloaded after import = 2

========================================================================
Received Import Request.
  Time since last request: 15.966199 seconds.
  path: Assets/MonoBehaviour/WhiteBird 1.asset
  artifactKey: Guid(f5ec8a5db8e52554db0a1cb4a497d8ba) Importer(815301076,1909f56bfc062723c751e8b465ee728b)
Start importing Assets/MonoBehaviour/WhiteBird 1.asset using Guid(f5ec8a5db8e52554db0a1cb4a497d8ba) Importer(815301076,1909f56bfc062723c751e8b465ee728b) (PreviewImporter) -> (artifact id: '596798cf56bb32df196f4f605ee86e2b') in 0.1660411 seconds
Number of updated asset objects reloaded before import = 0Number of asset objects unloaded after import = 28

========================================================================
Received Import Request.
  Time since last request: 0.622430 seconds.
  path: Assets/MonoBehaviour/PurpleBird_Atlas_01.asset
  artifactKey: Guid(aa1f87e31bdb8fc4d803eaeda175800e) Importer(2089858483,192608db42251d675da83286b1cce702)
Start importing Assets/MonoBehaviour/PurpleBird_Atlas_01.asset using Guid(aa1f87e31bdb8fc4d803eaeda175800e) Importer(2089858483,192608db42251d675da83286b1cce702) (ScriptedImporter) -> (artifact id: '4420145ecfe13ba1d7fffd5b69b7d004') in 0.006884 seconds
Number of updated asset objects reloaded before import = 0Number of asset objects unloaded after import = 2

========================================================================
Received Import Request.
  Time since last request: 0.000017 seconds.
  path: Assets/MonoBehaviour/WhiteBird 1.asset
  artifactKey: Guid(f5ec8a5db8e52554db0a1cb4a497d8ba) Importer(2089858483,192608db42251d675da83286b1cce702)
Start importing Assets/MonoBehaviour/WhiteBird 1.asset using Guid(f5ec8a5db8e52554db0a1cb4a497d8ba) Importer(2089858483,192608db42251d675da83286b1cce702) (ScriptedImporter) -> (artifact id: '3d068018d942cc06ea03c87f40642b38') in 0.2276573 seconds
Number of updated asset objects reloaded before import = 0Number of asset objects unloaded after import = 28

========================================================================
Received Import Request.
  Time since last request: 0.000023 seconds.
  path: Assets/MonoBehaviour/PurpleBird_Atlas_01.mat
  artifactKey: Guid(d79ae62106ce8274ab2704ec20ba16c9) Importer(2089858483,192608db42251d675da83286b1cce702)
Start importing Assets/MonoBehaviour/PurpleBird_Atlas_01.mat using Guid(d79ae62106ce8274ab2704ec20ba16c9) Importer(2089858483,192608db42251d675da83286b1cce702) (ScriptedImporter) -> (artifact id: 'ed6eeb4b24d696ca4d037aeb865b6c93') in 0.0092395 seconds
Number of updated asset objects reloaded before import = 0Number of asset objects unloaded after import = 2

========================================================================
Received Import Request.
  Time since last request: 7.108110 seconds.
  path: Assets/MonoBehaviour/PurpleBird.asset
  artifactKey: Guid(f5ec8a5db8e52554db0a1cb4a497d8ba) Importer(815301076,1909f56bfc062723c751e8b465ee728b)
Start importing Assets/MonoBehaviour/PurpleBird.asset using Guid(f5ec8a5db8e52554db0a1cb4a497d8ba) Importer(815301076,1909f56bfc062723c751e8b465ee728b) (PreviewImporter) -> (artifact id: '9736aedfb093b01e86e8d5d99877b333') in 0.1685412 seconds
Number of updated asset objects reloaded before import = 0Number of asset objects unloaded after import = 28

========================================================================
Received Import Request.
  Time since last request: 0.734869 seconds.
  path: Assets/MonoBehaviour/PurpleBird.asset
  artifactKey: Guid(f5ec8a5db8e52554db0a1cb4a497d8ba) Importer(2089858483,192608db42251d675da83286b1cce702)
Start importing Assets/MonoBehaviour/PurpleBird.asset using Guid(f5ec8a5db8e52554db0a1cb4a497d8ba) Importer(2089858483,192608db42251d675da83286b1cce702) (ScriptedImporter) -> (artifact id: '860b6276b18b71c14afeadda37e26e77') in 0.2081313 seconds
Number of updated asset objects reloaded before import = 0Number of asset objects unloaded after import = 28

========================================================================
Received Import Request.
  Time since last request: 2.054050 seconds.
  path: Assets/Resources/Prefabs/4_Characters/1_Birds/WhiteBird 1.prefab
  artifactKey: Guid(8c4ab547c5039f94c8818c2414d37d13) Importer(815301076,1909f56bfc062723c751e8b465ee728b)
Start importing Assets/Resources/Prefabs/4_Characters/1_Birds/WhiteBird 1.prefab using Guid(8c4ab547c5039f94c8818c2414d37d13) Importer(815301076,1909f56bfc062723c751e8b465ee728b) (PreviewImporter) -> (artifact id: '0c79673a1cc8581efb2f36334ba3ee66') in 0.208506 seconds
Number of updated asset objects reloaded before import = 0Number of asset objects unloaded after import = 139

========================================================================
Received Import Request.
  Time since last request: 0.000019 seconds.
  path: Assets/Resources/Prefabs/4_Characters/1_Birds/WhiteBird.prefab
  artifactKey: Guid(8acbe0435fd76c740a2fa593eabcdbb1) Importer(815301076,1909f56bfc062723c751e8b465ee728b)
Start importing Assets/Resources/Prefabs/4_Characters/1_Birds/WhiteBird.prefab using Guid(8acbe0435fd76c740a2fa593eabcdbb1) Importer(815301076,1909f56bfc062723c751e8b465ee728b) (PreviewImporter) -> (artifact id: '99c057afa520d5d7410649b23f830042') in 0.2044465 seconds
Number of updated asset objects reloaded before import = 0Number of asset objects unloaded after import = 139

========================================================================
Received Import Request.
  Time since last request: 2.132002 seconds.
  path: Assets/Resources/Prefabs/4_Characters/1_Birds/WhiteBird.prefab
  artifactKey: Guid(8acbe0435fd76c740a2fa593eabcdbb1) Importer(2089858483,192608db42251d675da83286b1cce702)
Start importing Assets/Resources/Prefabs/4_Characters/1_Birds/WhiteBird.prefab using Guid(8acbe0435fd76c740a2fa593eabcdbb1) Importer(2089858483,192608db42251d675da83286b1cce702) (ScriptedImporter) -> (artifact id: '17225d7e5ffa513c0bc4463f0131cb50') in 0.2674379 seconds
Number of updated asset objects reloaded before import = 0Number of asset objects unloaded after import = 139

========================================================================
Received Import Request.
  Time since last request: 0.000019 seconds.
  path: Assets/Resources/Prefabs/4_Characters/1_Birds/WhiteBird 1.prefab
  artifactKey: Guid(8c4ab547c5039f94c8818c2414d37d13) Importer(2089858483,192608db42251d675da83286b1cce702)
Start importing Assets/Resources/Prefabs/4_Characters/1_Birds/WhiteBird 1.prefab using Guid(8c4ab547c5039f94c8818c2414d37d13) Importer(2089858483,192608db42251d675da83286b1cce702) (ScriptedImporter) -> (artifact id: 'dee23b274e488e368ae375e849ce4214') in 0.2036916 seconds
Number of updated asset objects reloaded before import = 0Number of asset objects unloaded after import = 139

========================================================================
Received Import Request.
  Time since last request: 5.141750 seconds.
  path: Assets/Resources/Prefabs/4_Characters/1_Birds/PurpleBird.prefab
  artifactKey: Guid(8c4ab547c5039f94c8818c2414d37d13) Importer(815301076,1909f56bfc062723c751e8b465ee728b)
Start importing Assets/Resources/Prefabs/4_Characters/1_Birds/PurpleBird.prefab using Guid(8c4ab547c5039f94c8818c2414d37d13) Importer(815301076,1909f56bfc062723c751e8b465ee728b) (PreviewImporter) -> (artifact id: '88490bb34d8285a713588251645adb19') in 0.1998467 seconds
Number of updated asset objects reloaded before import = 0Number of asset objects unloaded after import = 139

========================================================================
Received Import Request.
  Time since last request: 0.635825 seconds.
  path: Assets/Resources/Prefabs/4_Characters/1_Birds/PurpleBird.prefab
  artifactKey: Guid(8c4ab547c5039f94c8818c2414d37d13) Importer(2089858483,192608db42251d675da83286b1cce702)
Start importing Assets/Resources/Prefabs/4_Characters/1_Birds/PurpleBird.prefab using Guid(8c4ab547c5039f94c8818c2414d37d13) Importer(2089858483,192608db42251d675da83286b1cce702) (ScriptedImporter) -> (artifact id: '11608e6a76d8884f639f5da7fdc00ff0') in 0.203822 seconds
Number of updated asset objects reloaded before import = 0Number of asset objects unloaded after import = 139

========================================================================
Received Import Request.
  Time since last request: 2.399788 seconds.
  path: Assets/MonoBehaviour/PurpleBird_Atlas_01.asset
  artifactKey: Guid(aa1f87e31bdb8fc4d803eaeda175800e) Importer(815301076,1909f56bfc062723c751e8b465ee728b)
Start importing Assets/MonoBehaviour/PurpleBird_Atlas_01.asset using Guid(aa1f87e31bdb8fc4d803eaeda175800e) Importer(815301076,1909f56bfc062723c751e8b465ee728b) (PreviewImporter) -> (artifact id: '24cbff180001bc7283a8adc22db858da') in 0.0025582 seconds
Number of updated asset objects reloaded before import = 0Number of asset objects unloaded after import = 2

========================================================================
Received Import Request.
  Time since last request: 0.000020 seconds.
  path: Assets/MonoBehaviour/PurpleBird_Atlas_01.mat
  artifactKey: Guid(d79ae62106ce8274ab2704ec20ba16c9) Importer(815301076,1909f56bfc062723c751e8b465ee728b)
Start importing Assets/MonoBehaviour/PurpleBird_Atlas_01.mat using Guid(d79ae62106ce8274ab2704ec20ba16c9) Importer(815301076,1909f56bfc062723c751e8b465ee728b) (PreviewImporter) -> (artifact id: '0bc7f0a68f59a193c9077e3a497c57ab') in 0.0291311 seconds
Number of updated asset objects reloaded before import = 0Number of asset objects unloaded after import = 2

========================================================================
Received Import Request.
  Time since last request: 458.188633 seconds.
  path: Assets/content/4_Characters/1_Birds/9_PurpleBird/BodyParts/bodyy.png
  artifactKey: Guid(a630912d0ba715b4391204bda4e8fb93) Importer(815301076,1909f56bfc062723c751e8b465ee728b)
Start importing Assets/content/4_Characters/1_Birds/9_PurpleBird/BodyParts/bodyy.png using Guid(a630912d0ba715b4391204bda4e8fb93) Importer(815301076,1909f56bfc062723c751e8b465ee728b) (PreviewImporter) -> (artifact id: '6da298b1d3b43d53b55273bd31dc3e63') in 0.0076224 seconds
Number of updated asset objects reloaded before import = 0Number of asset objects unloaded after import = 2

========================================================================
Received Import Request.
  Time since last request: 20.956636 seconds.
  path: Assets/content/4_Characters/1_Birds/9_PurpleBird/BodyParts/Headgear_GaleCrown.png
  artifactKey: Guid(a755f952452d5b349b6dc61e391982c9) Importer(815301076,1909f56bfc062723c751e8b465ee728b)
Start importing Assets/content/4_Characters/1_Birds/9_PurpleBird/BodyParts/Headgear_GaleCrown.png using Guid(a755f952452d5b349b6dc61e391982c9) Importer(815301076,1909f56bfc062723c751e8b465ee728b) (PreviewImporter) -> (artifact id: 'be15f3eec68e8b964bed16129d0e1b30') in 0.006336 seconds
Number of updated asset objects reloaded before import = 0Number of asset objects unloaded after import = 2

========================================================================
Received Import Request.
  Time since last request: 0.000021 seconds.
  path: Assets/content/4_Characters/1_Birds/9_PurpleBird/BodyParts/Headgear_GaleCrown_Back.png
  artifactKey: Guid(3fcfbaf21c22d1d4e9396f26ca2c7915) Importer(815301076,1909f56bfc062723c751e8b465ee728b)
Start importing Assets/content/4_Characters/1_Birds/9_PurpleBird/BodyParts/Headgear_GaleCrown_Back.png using Guid(3fcfbaf21c22d1d4e9396f26ca2c7915) Importer(815301076,1909f56bfc062723c751e8b465ee728b) (PreviewImporter) -> (artifact id: '934c48a100246631a871e54ec8b1cfeb') in 0.0053756 seconds
Number of updated asset objects reloaded before import = 0Number of asset objects unloaded after import = 2

========================================================================
Received Import Request.
  Time since last request: 0.875339 seconds.
  path: Assets/MonoBehaviour/PurpleBird_Atlas_01.png
  artifactKey: Guid(a521582ffb168964f92b2c050f3fa66c) Importer(2089858483,192608db42251d675da83286b1cce702)
Start importing Assets/MonoBehaviour/PurpleBird_Atlas_01.png using Guid(a521582ffb168964f92b2c050f3fa66c) Importer(2089858483,192608db42251d675da83286b1cce702) (ScriptedImporter) -> (artifact id: '67238ce217d30ce21eb565ef73754372') in 0.0114755 seconds
Number of updated asset objects reloaded before import = 0Number of asset objects unloaded after import = 1

========================================================================
Received Import Request.
  Time since last request: 0.000121 seconds.
  path: Assets/MonoBehaviour/PurpleBird_Atlas_01.asset
  artifactKey: Guid(aa1f87e31bdb8fc4d803eaeda175800e) Importer(2089858483,192608db42251d675da83286b1cce702)
Start importing Assets/MonoBehaviour/PurpleBird_Atlas_01.asset using Guid(aa1f87e31bdb8fc4d803eaeda175800e) Importer(2089858483,192608db42251d675da83286b1cce702) (ScriptedImporter) -> (artifact id: '5ce9e34c57f35107227b880de50e15f8') in 0.0081672 seconds
Number of updated asset objects reloaded before import = 0Number of asset objects unloaded after import = 2

========================================================================
Received Import Request.
  Time since last request: 0.000031 seconds.
  path: Assets/MonoBehaviour/PurpleBird.asset
  artifactKey: Guid(f5ec8a5db8e52554db0a1cb4a497d8ba) Importer(2089858483,192608db42251d675da83286b1cce702)
Start importing Assets/MonoBehaviour/PurpleBird.asset using Guid(f5ec8a5db8e52554db0a1cb4a497d8ba) Importer(2089858483,192608db42251d675da83286b1cce702) (ScriptedImporter) -> (artifact id: 'a877c637204582729c5d6952e1b53967') in 0.3270631 seconds
Number of updated asset objects reloaded before import = 0Number of asset objects unloaded after import = 30

========================================================================
Received Import Request.
  Time since last request: 9.487743 seconds.
  path: Assets/MonoBehaviour/PurpleBird.asset
  artifactKey: Guid(f5ec8a5db8e52554db0a1cb4a497d8ba) Importer(815301076,1909f56bfc062723c751e8b465ee728b)
Start importing Assets/MonoBehaviour/PurpleBird.asset using Guid(f5ec8a5db8e52554db0a1cb4a497d8ba) Importer(815301076,1909f56bfc062723c751e8b465ee728b) (PreviewImporter) -> (artifact id: 'f6d9fa6d8204db584b1cb35fa64259b7') in 0.187719 seconds
Number of updated asset objects reloaded before import = 0Number of asset objects unloaded after import = 30

========================================================================
Received Import Request.
  Time since last request: 0.000021 seconds.
  path: Assets/MonoBehaviour/PurpleBird_Atlas_01.png
  artifactKey: Guid(a521582ffb168964f92b2c050f3fa66c) Importer(815301076,1909f56bfc062723c751e8b465ee728b)
Start importing Assets/MonoBehaviour/PurpleBird_Atlas_01.png using Guid(a521582ffb168964f92b2c050f3fa66c) Importer(815301076,1909f56bfc062723c751e8b465ee728b) (PreviewImporter) -> (artifact id: '343088faa0f28a6da8474a327f2d3664') in 0.0092647 seconds
Number of updated asset objects reloaded before import = 0Number of asset objects unloaded after import = 2

========================================================================
Received Import Request.
  Time since last request: 0.000027 seconds.
  path: Assets/MonoBehaviour/PurpleBird_Atlas_01.mat
  artifactKey: Guid(d79ae62106ce8274ab2704ec20ba16c9) Importer(815301076,1909f56bfc062723c751e8b465ee728b)
Start importing Assets/MonoBehaviour/PurpleBird_Atlas_01.mat using Guid(d79ae62106ce8274ab2704ec20ba16c9) Importer(815301076,1909f56bfc062723c751e8b465ee728b) (PreviewImporter) -> (artifact id: 'e9d7cfd2774dff532f9020a1cd5834dd') in 0.0080066 seconds
Number of updated asset objects reloaded before import = 0Number of asset objects unloaded after import = 2

========================================================================
Received Import Request.
  Time since last request: 0.000028 seconds.
  path: Assets/MonoBehaviour/PurpleBird_Atlas_01.asset
  artifactKey: Guid(aa1f87e31bdb8fc4d803eaeda175800e) Importer(815301076,1909f56bfc062723c751e8b465ee728b)
Start importing Assets/MonoBehaviour/PurpleBird_Atlas_01.asset using Guid(aa1f87e31bdb8fc4d803eaeda175800e) Importer(815301076,1909f56bfc062723c751e8b465ee728b) (PreviewImporter) -> (artifact id: '4ccd1c3eef016d5fa42c06942d3f416e') in 0.0029109 seconds
Number of updated asset objects reloaded before import = 0Number of asset objects unloaded after import = 2

========================================================================
Received Import Request.
  Time since last request: 205.539678 seconds.
  path: Assets/MonoBehaviour/PurpleBird_Atlas_01.asset
  artifactKey: Guid(aa1f87e31bdb8fc4d803eaeda175800e) Importer(2089858483,192608db42251d675da83286b1cce702)
Start importing Assets/MonoBehaviour/PurpleBird_Atlas_01.asset using Guid(aa1f87e31bdb8fc4d803eaeda175800e) Importer(2089858483,192608db42251d675da83286b1cce702) (ScriptedImporter) -> (artifact id: '33f0f7c3ea57441b32d401489deedc70') in 0.0063926 seconds
Number of updated asset objects reloaded before import = 0Number of asset objects unloaded after import = 2

========================================================================
Received Import Request.
  Time since last request: 0.000051 seconds.
  path: Assets/MonoBehaviour/PurpleBird.asset
  artifactKey: Guid(f5ec8a5db8e52554db0a1cb4a497d8ba) Importer(2089858483,192608db42251d675da83286b1cce702)
Start importing Assets/MonoBehaviour/PurpleBird.asset using Guid(f5ec8a5db8e52554db0a1cb4a497d8ba) Importer(2089858483,192608db42251d675da83286b1cce702) (ScriptedImporter) -> (artifact id: 'da4ae250cf9f7c961db6e1084442f915') in 0.2294039 seconds
Number of updated asset objects reloaded before import = 0Number of asset objects unloaded after import = 30

